movie_id,title,release_year,genre,budget_usd,revenue_usd,popularity_score,avg_movie_rating,cast_popularity_score,avg_user_rating
1236153,Mercy,2026,"Science Fiction, Action, Thriller",60000000,49463290,100.0,7.11,27.154713637957663,7.11
10156,History of the World: Part I,1981,Comedy,10000000,31672907,83.77506585380189,6.76,9.179130342051241,6.76
1084242,Zootopia 2,2025,"Animation, Comedy, Adventure, Family, Mystery",150000000,1859660668,77.357886694059,7.6,20.364548405818503,7.6
840464,Greenland 2: Migration,2026,"Adventure, Thriller, Science Fiction",90000000,39924680,62.060462606261055,6.505,35.027490838096305,6.505
83533,Avatar: Fire and Ash,2025,"Science Fiction, Adventure, Fantasy",350000000,1480000000,60.27687983885188,7.3,29.194634313405814,7.3
1272837,28 Years Later: The Bone Temple,2026,"Horror, Thriller, Science Fiction",63000000,58586229,50.82663218581192,7.192,23.340244495167315,7.192
755898,War of the Worlds,2025,"Science Fiction, Thriller",10000000,0,47.439956827690125,4.181,12.345344809553401,4.181
1368166,The Housemaid,2025,"Drama, Mystery, Thriller",35000000,383000000,47.37947284899843,7.26,100.0,7.26
1242898,Predator: Badlands,2025,"Action, Science Fiction, Adventure",105000000,184500000,46.07628889114487,7.719,23.736457096450703,7.719
1168190,The Wrecking Crew,2026,"Action, Comedy, Crime, Mystery",78500000,89000000,45.53674187981214,6.932,38.201908465045314,6.932
1311031,Demon Slayer: Kimetsu no Yaiba Infinity Castle,2025,"Animation, Action, Fantasy",20000000,724279886,44.92864279722372,7.7,17.976198532864935,7.7
223702,Sausage Party,2016,"Adventure, Animation, Comedy, Fantasy",19000000,140705322,33.15991386910455,5.751,30.192138502144104,5.751
9276,The Faculty,1998,"Horror, Science Fiction",15000000,40283321,32.36058496342643,6.564,15.8735236876483,6.564
1317288,Marty Supreme,2025,Drama,65000000,155425182,30.561346890578506,7.523,46.217830797531676,7.523
858024,Hamnet,2025,"Drama, Romance, History",35000000,93400000,30.162056455275522,7.746,37.82456313048971,7.746
24428,The Avengers,2012,"Science Fiction, Action, Adventure",220000000,1518815515,27.19379985787334,7.956,32.35162022653025,7.956
1234731,Anaconda,2025,"Adventure, Comedy, Horror, Action",45000000,133869056,25.85278669779918,5.828,23.680470533225876,5.828
425274,Now You See Me: Now You Don't,2025,"Thriller, Crime, Mystery",90000000,242431024,24.848442751272998,6.53,15.163540237522483,6.53
157336,Interstellar,2014,"Adventure, Drama, Science Fiction",165000000,746606706,24.755098660482915,8.468,38.299731141449136,8.468
7451,xXx,2002,"Action, Adventure, Thriller, Crime, Drama",70000000,277448382,24.420085810308997,5.981,30.29201196840964,5.981
803796,KPop Demon Hunters,2025,"Fantasy, Music, Comedy, Animation",100000000,24619953,22.25046351458936,8.08,7.5296800562736745,8.08
1306368,The Rip,2026,"Action, Thriller, Crime",100000000,0,21.200810015121,7.075,35.661184905366305,7.075
1233413,Sinners,2025,"Horror, Action, Thriller",90000000,368389632,20.30621349989581,7.491,37.24029309888704,7.491
1054867,One Battle After Another,2025,"Thriller, Crime, Action",175000000,206311045,19.702228610204266,7.408,38.751315068998835,7.408
301528,Toy Story 4,2019,"Family, Comedy, Animation, Adventure",175000000,1073841394,18.95494157311776,7.466,34.27751698566703,7.466
278,The Shawshank Redemption,1994,"Drama, Crime",25000000,28341469,18.80255614270372,8.7,24.14148809413946,8.7
1234821,Jurassic World Rebirth,2025,"Science Fiction, Adventure, Action",180000000,869146189,17.904166021041164,6.309,45.76604179099581,6.309
575265,Mission: Impossible - The Final Reckoning,2025,"Action, Thriller, Adventure",400000000,598767057,17.037994838558003,7.185,43.37912747094544,7.185
207933,Stonehearst Asylum,2014,"Thriller, Mystery, Horror",0,2478806,16.80914953755403,6.852,23.567882169817704,6.852
238,The Godfather,1972,"Drama, Crime",6000000,245066411,16.722911779949452,8.687,21.516477071143953,8.687
1062722,Frankenstein,2025,"Drama, Fantasy, Horror",120000000,480678,16.492356684494837,7.665,42.99952626754195,7.665
4232,Scream,1996,"Crime, Horror, Mystery",14000000,173046663,16.403393941984536,7.428,39.656943871932285,7.428
1223601,Sisu: Road to Revenge,2025,"Action, War",12200000,9724644,16.341681048531452,7.349,17.18131238246411,7.349
19995,Avatar,2009,"Action, Adventure, Science Fiction",237000000,2923706026,16.329017883381336,7.6,29.194634313405814,7.6
798645,The Running Man,2025,"Action, Thriller, Science Fiction",110000000,68615641,15.678334232756457,6.8,20.559578521667625,6.8
911430,F1,2025,"Action, Drama",250000000,631627111,15.559343225206648,7.77,39.32902257304401,7.77
1246049,Dracula,2025,"Horror, Fantasy, Romance",52000000,33593404,14.99254636481671,7.1,18.807588742804292,7.1
597,Titanic,1997,"Drama, Romance",200000000,2264162353,14.816918416089168,7.903,54.172639592138914,7.903
674,Harry Potter and the Goblet of Fire,2005,"Adventure, Fantasy",150000000,895921036,14.756541299550646,7.801,40.86301338960701,7.801
1197306,A Working Man,2025,"Action, Crime, Thriller",40000000,88200711,13.683752143921952,6.69,60.761622338843814,6.69
1228246,Five Nights at Freddy's 2,2025,"Horror, Thriller",36000000,239502619,13.811078399418673,6.697,19.586478732283744,6.697
269149,Zootopia,2016,"Animation, Adventure, Family, Comedy",150000000,1025521689,12.641739288404924,7.759,25.998068155950264,7.759
980477,Ne Zha 2,2025,"Animation, Fantasy, Adventure, Action",80000000,2259822417,13.81198672772058,8.111,4.197351609972581,8.111
533535,Deadpool & Wolverine,2024,"Action, Comedy, Science Fiction",200000000,1338073645,12.296200516144202,7.557,26.088713067838075,7.557
1214931,Nuremberg,2025,"History, Drama",11800000,37009109,13.241396260893262,7.33,21.436086108564716,7.33
1061474,Superman,2025,"Science Fiction, Adventure, Action",225000000,616823803,14.230512350593354,7.357,18.431884040138062,7.357
646385,Scream,2022,"Horror, Mystery",24000000,138874789,12.34508995121743,6.687,44.727931962995555,6.687
438631,Dune,2021,"Science Fiction, Adventure",165000000,410668500,11.884888088610099,7.777,46.76457137466496,7.777
346698,Barbie,2023,"Comedy, Adventure",145000000,1447138421,11.01166400401802,6.929,37.45542095538097,6.929
533533,TRON: Ares,2025,"Science Fiction, Adventure, Action",220000000,142249983,11.653852113466236,6.5,17.19874409628869,6.5
934433,Scream VI,2023,"Horror, Thriller, Crime",33000000,169063850,11.826007042215895,7.0,42.6722202056122,7.0
385687,Fast X,2023,"Action, Crime, Thriller",340000000,704709660,12.336060099274942,7.002,29.1616165966322,7.002
120,The Lord of the Rings: The Fellowship of the Ring,2001,"Adventure, Fantasy, Action",93000000,871368364,12.813199613159007,8.428,21.068789644331517,8.428
155,The Dark Knight,2008,"Action, Crime, Thriller",185000000,1004558444,12.676629781413467,8.527,24.037513048150497,8.527
550,Fight Club,1999,"Drama, Thriller",63000000,100853753,11.094054724108638,8.438,38.66374634190359,8.438
634649,Spider-Man: No Way Home,2021,"Action, Adventure, Science Fiction",200000000,1921847111,11.230143676164934,7.932,43.45295590596719,7.932
1218925,Chainsaw Man - The Movie: Reze Arc,2025,"Animation, Action, Romance, Fantasy",4100000,174502910,11.59919212212207,8.336,10.580845212533609,8.336
862,Toy Story,1995,"Family, Comedy, Animation, Adventure",30000000,401157969,10.880811297466835,7.97,32.727735087168824,7.97
1087192,How to Train Your Dragon,2025,"Fantasy, Family, Action, Adventure",150000000,636351148,11.131670202022901,7.932,26.189201771062127,7.932
361743,Top Gun: Maverick,2022,"Action, Drama",170000000,1488732821,10.398328675924493,8.156,43.19086496163998,8.156
122,The Lord of the Rings: The Return of the King,2003,"Adventure, Fantasy, Action",94000000,1118888979,11.285070822892013,8.494,21.068789644331517,8.494
603,The Matrix,1999,"Action, Science Fiction",63000000,463517383,10.856446726545094,8.239,30.020692469704713,8.239
475557,Joker,2019,"Crime, Thriller, Drama",55000000,1078958629,9.346217346933324,8.128,31.056136270884732,8.128
557,Spider-Man,2002,"Action, Science Fiction",139000000,821708551,10.092970073254008,7.322,33.02530469610371,7.322
1208348,Rental Family,2025,"Drama, Comedy",0,22574747,10.28024599667659,7.808,15.521403068391793,7.808
769,GoodFellas,1990,"Drama, Crime",25000000,47072327,10.31876980289276,8.452,26.42914418488281,8.452
569094,Spider-Man: Across the Spider-Verse,2023,"Animation, Action, Adventure, Science Fiction",100000000,690897910,10.416388379809465,8.334,15.143647575863847,8.334
156022,The Equalizer,2014,"Thriller, Action, Crime",55000000,192330738,8.857964169120045,7.281,24.938835192374345,7.281
8587,The Lion King,1994,"Family, Animation, Drama, Adventure",45000000,763455561,9.871925709431121,8.252,11.406698289846336,8.252
950387,A Minecraft Movie,2025,"Family, Fantasy, Comedy, Adventure",150000000,958287780,9.821486773136995,6.272,33.869204724199534,6.272
949,Heat,1995,"Crime, Drama, Action",60000000,187400000,8.463909979322173,7.928,30.340000451173776,7.928
1022789,Inside Out 2,2024,"Animation, Adventure, Comedy, Family",200000000,1698863816,10.330898657277048,7.546,12.887163491018569,7.546
496243,Parasite,2019,"Comedy, Thriller, Drama",11363000,257591776,10.300175788241958,8.493,12.204455546053564,8.493
671,Harry Potter and the Philosopher's Stone,2001,"Adventure, Fantasy",125000000,976475550,10.284787638186124,7.899,40.86301338960701,7.899
192102,3 Days to Kill,2014,"Action, Drama, Thriller",28000000,53260230,10.189680321868808,6.104,32.69492244938139,6.104
872585,Oppenheimer,2023,"Drama, History",100000000,952000000,9.896504004659192,8.0,47.17801061078675,8.0
22,Pirates of the Caribbean: The Curse of the Black Pearl,2003,"Adventure, Fantasy, Action",140000000,655011224,9.895542245280703,7.82,25.217537534581446,7.82
122917,The Hobbit: The Battle of the Five Armies,2014,"Action, Adventure, Fantasy",250000000,956019788,9.70901435693028,7.331,19.11397674814455,7.331
807,Se7en,1995,"Crime, Mystery, Thriller",33000000,327311859,9.50725861175377,8.379,49.062276335730715,8.379
497,The Green Mile,1999,"Fantasy, Drama, Crime",60000000,286801374,9.449125600431724,8.504,34.22317105433158,8.504
939243,Sonic the Hedgehog 3,2024,"Action, Science Fiction, Comedy, Family",122000000,492162604,9.409052292994652,7.622,77.6125524745856,7.622
1184918,The Wild Robot,2024,"Animation, Science Fiction, Family",78000000,331982078,9.398152353371769,8.311,37.19271477409525,8.311
912649,Venom: The Last Dance,2024,"Action, Science Fiction, Adventure",120000000,478937618,9.341729136500373,6.663,36.95277236027456,6.663
1100988,28 Years Later,2025,"Horror, Thriller, Science Fiction",60000000,151308832,9.333821337166125,6.612,18.508788659952383,6.612
1007734,Nobody 2,2025,"Action, Thriller",25000000,41618135,9.237805692546901,6.985,17.185208883201362,6.985
129,Spirited Away,2001,"Animation, Family, Fantasy",19000000,274925095,9.216379830837214,8.534,7.016162274900179,8.534
1124566,Sentimental Value,2025,Drama,7800000,22000000,9.03059997755895,7.572,14.71913407448879,7.572
402431,Wicked,2024,"Drama, Romance, Fantasy",150000000,758737211,9.017883381332252,6.918,18.945196742525383,6.918
574475,Final Destination Bloodlines,2025,"Horror, Mystery",50000000,317854739,9.015425551809445,7.061,6.964482370384954,7.061
111,Scarface,1983,"Action, Crime, Drama",25000000,66023329,8.960498405082367,8.155,20.465857424987234,8.155
315635,Spider-Man: Homecoming,2017,"Action, Adventure, Science Fiction",175000000,880978185,8.840118189541403,7.329,35.47640873882577,7.329
414906,The Batman,2022,"Crime, Mystery, Thriller",185000000,772775278,8.82905795668877,7.656,23.556602825578278,7.656
1241982,Moana 2,2024,"Animation, Adventure, Family, Comedy, Fantasy",150000000,1059242164,8.802983591316382,6.998,14.671760828683169,6.998
1534,Pathfinder,2007,"Adventure, Action",45000000,30800000,8.74971280796337,5.659,20.42689241761465,5.659
502356,The Super Mario Bros. Movie,2023,"Family, Comedy, Adventure, Animation, Fantasy",100000000,1362000000,8.738225126498076,7.592,33.561176086969894,7.592
585,"Monsters, Inc.",2001,"Animation, Comedy, Family",115000000,579700000,8.68842736312294,7.847,11.376961836851464,7.847
933260,The Substance,2024,"Horror, Science Fiction, Thriller",17500000,76506196,8.660429478993574,7.134,42.635100909115145,7.134
1175942,The Bad Guys 2,2025,"Family, Comedy, Crime, Adventure, Animation",80000000,239449449,8.621424793088158,7.675,14.749895922414519,7.675
283995,Guardians of the Galaxy Vol. 2,2017,"Science Fiction, Adventure, Action",200000000,863756051,8.615814530046967,7.609,35.90830508370299,7.609
105,Back to the Future,1985,"Adventure, Comedy, Science Fiction",19000000,381109762,8.610685146695022,8.3,19.789096770621207,8.3
411,"The Chronicles of Narnia: The Lion, the Witch and the Wardrobe",2005,"Adventure, Family, Fantasy",180000000,745013115,8.605342039036747,7.135,8.87212709975247,7.135
372058,Your Name.,2016,"Animation, Romance, Drama",7500000,405320132,8.565589318059171,8.479,8.953748536248735,8.479
519182,Despicable Me 4,2024,"Family, Comedy, Animation, Science Fiction, Action",100000000,969597394,8.55281929075589,7.0,25.931622564430697,7.0
121,The Lord of the Rings: The Two Towers,2002,"Adventure, Fantasy, Action",79000000,926287400,8.540904160677936,8.413,21.068789644331517,8.413
823464,Godzilla x Kong: The New Empire,2024,"Action, Adventure, Science Fiction",150000000,571750016,8.457070801519581,7.1,14.904115320015505,7.1
1078605,Weapons,2025,"Horror, Mystery",38000000,269072492,8.390014800408213,7.273,18.176560702354514,7.273
12,Finding Nemo,2003,"Animation, Family, Adventure",94000000,940335536,8.308051528930257,7.816,7.59222914705599,7.816
863,Toy Story 2,1999,"Animation, Comedy, Family",90000000,497375404,8.235919575543528,7.604,34.238551978294446,7.604
218,The Terminator,1984,"Action, Thriller, Science Fiction",6400000,78371200,8.198197235476098,7.675,19.18472899837373,7.675
16869,Inglourious Basterds,2009,"Drama, Thriller, War",70000000,321457747,8.158444514498523,8.2,35.85026773061645,8.2
14160,Up,2009,"Animation, Comedy, Family, Adventure",175000000,735103954,8.10634921483033,7.959,11.312977193165949,7.959
1038392,The Conjuring: Last Rites,2025,Horror,55000000,499156445,8.053986759779223,6.897,13.214469552948321,6.897
10681,WALL·E,2008,"Animation, Family, Science Fiction",180000000,521311860,8.048323065661451,8.108,6.26823921233263,8.108
552524,Lilo & Stitch,2025,"Family, Science Fiction, Comedy",100000000,1038027526,8.04442259707091,7.212,7.447853540791237,7.212
10138,Iron Man 2,2010,"Adventure, Action, Science Fiction",200000000,623933331,8.015730108945966,6.85,26.7763429084712,6.85
106,Predator,1987,"Science Fiction, Action, Adventure, Thriller",15000000,98267558,7.958451994849244,7.544,14.69452459614821,7.544
216015,Fifty Shades of Grey,2015,"Drama, Romance, Thriller",40000000,569651467,7.939751118045277,5.872,17.551274873517535,5.872
1726,Iron Man,2008,"Action, Science Fiction, Adventure",140000000,585174222,7.92195856954322,7.656,23.232578027427266,7.656
49026,The Dark Knight Rises,2012,"Action, Crime, Drama, Thriller",250000000,1081041287,7.898021447234141,7.792,36.90744990433066,7.792
324857,Spider-Man: Into the Spider-Verse,2018,"Animation, Action, Adventure, Science Fiction",90000000,393602435,7.87846567320485,8.393,16.058504933175012,8.393
986056,Thunderbolts*,2025,"Action, Science Fiction, Adventure",180000000,382436917,7.849559460773577,7.292,20.756249269406112,7.292
11,Star Wars,1977,"Adventure, Action, Science Fiction",11000000,775398007,7.845338405723538,8.2,24.72862923154853,8.2
424,Schindler's List,1993,"Drama, History, War",22000000,321365567,7.801364629695925,8.6,32.242518205887,8.6
348,Alien,1979,"Horror, Science Fiction",11000000,104931801,7.778122111382422,8.167,17.308461353890454,8.167
578,Jaws,1975,"Horror, Thriller, Adventure",7000000,470653000,7.7484144328024085,7.679,11.524618706894962,7.679
1242419,Roofman,2025,"Crime, Comedy, Drama",18000000,34263666,7.740239478085245,7.145,25.04198992241863,7.145
11036,The Notebook,2004,"Romance, Drama",29000000,115600000,7.693807872534824,7.889,28.19754028263986,7.889
466272,Once Upon a Time... in Hollywood,2019,"Comedy, Drama, Thriller",95000000,392105159,7.686006935353741,7.423,60.497890762627236,7.423
1035259,The Naked Gun,2025,"Action, Comedy, Crime",42000000,102147396,7.6825339153758625,6.387,26.56203536792196,6.387
335984,Blade Runner 2049,2017,"Science Fiction, Drama",150000000,259239658,7.675320720037189,7.589,52.07057998388079,7.589
240,The Godfather Part II,1974,"Drama, Crime",13000000,102600000,7.66741292070294,8.571,26.070050880096474,8.571
106646,The Wolf of Wall Street,2013,"Crime, Drama, Comedy",100000000,407038432,7.587052581522465,8.027,43.999286325128125,8.027
101,Léon: The Professional,1994,"Crime, Drama, Action",16000000,45284974,7.578663902498972,8.294,24.633472581964952,8.294
354912,Coco,2017,"Family, Animation, Music, Adventure",175000000,814641172,7.578450178192641,8.199,15.872088134745098,8.199
109445,Frozen,2013,"Animation, Family, Adventure, Fantasy",150000000,1274219009,7.551307191288599,7.249,17.642124864391526,7.249
244786,Whiplash,2014,"Drama, Music",3300000,50307484,7.464909140454271,8.4,22.307466720807525,8.4
299534,Avengers: Endgame,2019,"Adventure, Science Fiction, Action",356000000,2799439100,7.454009200831388,8.236,32.35162022653025,8.236
4233,Scream 2,1997,"Horror, Mystery",24000000,172363301,7.451444509155415,6.512,39.656943871932285,6.512
524047,Greenland,2020,"Action, Adventure, Thriller, Science Fiction",34000000,52300000,7.363870974636268,7.129,34.33391370686421,7.129
68718,Django Unchained,2012,"Drama, Western",100000000,425368238,7.348749979963347,8.187,36.40828765198916,8.187
210577,Gone Girl,2014,"Mystery, Thriller, Drama",61000000,370890259,7.348055375967771,7.889,28.718645986501706,7.889
11324,Shutter Island,2010,"Drama, Thriller, Mystery",80000000,294804195,7.284686119140615,8.2,36.21982006369754,8.2
38757,Tangled,2010,"Animation, Family, Adventure",260000000,592461732,7.265076914034742,7.61,11.497548280720322,7.61
1022787,Elio,2025,"Family, Comedy, Adventure, Animation, Science Fiction",150000000,154291182,7.2611764454442,6.941,17.558042480061196,6.941
41446,Scream 4,2011,"Horror, Mystery",40000000,97231420,7.249368177519409,6.475,44.030048173053856,6.475
812583,Wake Up Dead Man: A Knives Out Mystery,2025,"Thriller, Mystery, Comedy",210000000,4000000,7.245414277852285,7.206,26.436732107371157,7.206
99861,Avengers: Age of Ultron,2015,"Action, Adventure, Science Fiction",235000000,1405403694,7.208813990393093,7.271,32.09301562496796,7.271
346364,It,2017,"Horror, Thriller, Drama",35000000,719766009,7.208226248550682,7.239,20.223659142318663,7.239
429617,Spider-Man: Far From Home,2019,"Action, Adventure, Science Fiction",160000000,1132723226,7.196204256319562,7.4,43.2000935160177,7.4
1197137,Black Phone 2,2025,"Horror, Thriller",30000000,132248152,7.188884198827723,6.8,24.224340004552758,6.8
24,Kill Bill: Vol. 1,2003,"Action, Crime",30000000,180906076,7.152230480291949,8.0,27.447771509196766,8.0
14836,Coraline,2009,"Animation, Family, Fantasy",60000000,185860104,7.11050080948081,7.9,17.84761400853539,7.9
98,Gladiator,2000,"Action, Drama, Adventure",103000000,465516248,7.07801471491849,8.221,23.66242358244278,8.221
950396,The Gorge,2025,"Romance, Science Fiction, Thriller",70000000,0,7.05167319416319,7.6,32.06040806616669,7.6
4348,Pride & Prejudice,2005,"Drama, Romance",28000000,124604345,6.976175082951746,8.05,19.87174360204833,8.05
280,Terminator 2: Judgment Day,1991,"Action, Thriller, Science Fiction",102000000,517778573,6.960306053206667,8.14,19.858618546933354,8.14
967941,Wicked: For Good,2025,"Fantasy, Adventure, Romance",150000000,524676531,6.920019021463262,6.7,20.072721008496426,6.7
77338,The Intouchables,2011,"Drama, Comedy",13000000,426590315,6.875724658976154,8.27,7.985570642532973,8.27
564,The Mummy,1999,"Adventure, Action, Fantasy",80000000,415885488,6.8540316418835525,6.962,21.6155302214648,6.962
822119,Captain America: Brave New World,2025,"Action, Thriller, Science Fiction",180000000,415101577,6.80968384831986,5.984,26.256672757512554,5.984
76341,Mad Max: Fury Road,2015,"Action, Adventure, Science Fiction",150000000,378858340,6.807172587720471,7.629,40.039211102156,7.629
228150,Fury,2014,"War, Drama, Action",68000000,211817906,6.771213473180272,7.541,50.44061220178953,7.541
389,12 Angry Men,1957,Drama,397751,4360000,6.723499521791865,8.556,9.400615647116489,8.556
8966,Twilight,2008,"Fantasy, Drama, Romance",37000000,393616788,6.689303632778897,6.281,26.218322987098492,6.281
940551,Migration,2023,"Family, Comedy, Adventure, Animation",72000000,298776052,6.6784571242325965,7.351,13.96833990611484,7.351
1865,Pirates of the Caribbean: On Stranger Tides,2011,"Adventure, Action, Fantasy",379000000,1046721266,6.6780831066965165,6.565,28.20369265222501,6.565
672,Harry Potter and the Chamber of Secrets,2002,"Adventure, Fantasy",100000000,876688482,6.674610086718638,7.705,40.86301338960701,7.705
1930,The Amazing Spider-Man,2012,"Action, Adventure, Science Fiction",215000000,757930663,6.634697072511314,6.727,29.319527415984275,6.727
694,The Shining,1980,"Horror, Thriller",19000000,44781695,6.632773553754336,8.205,15.183637978167294,8.205
297762,Wonder Woman,2017,"Action, Adventure, Fantasy",149000000,823970682,6.62609466918149,7.21,23.522559713873804,7.21
10193,Toy Story 3,2010,"Animation, Family, Comedy",200000000,1067316101,6.595852679835647,7.804,34.238551978294446,7.804
762509,Mufasa: The Lion King,2024,"Adventure, Family, Animation",200000000,722631756,6.548619608136484,7.318,9.382978854305737,7.318
293660,Deadpool,2016,"Action, Adventure, Comedy",58000000,782837347,6.501813985049985,7.622,38.4937358623674,7.622
559,Spider-Man 3,2007,"Action, Adventure, Science Fiction",258000000,894983373,6.501439967513906,6.451,31.76304353621797,6.451
12445,Harry Potter and the Deathly Hallows: Part 2,2011,"Adventure, Fantasy",125000000,1341511219,6.492089529111922,8.081,40.86301338960701,8.081
150540,Inside Out,2015,"Animation, Family, Adventure, Drama, Comedy",175000000,857611174,6.465641146203454,7.91,8.770407922611396,7.91
945961,Alien: Romulus,2024,"Horror, Science Fiction",80000000,350865342,6.45276425674701,7.17,11.081237938792126,7.17
447365,Guardians of the Galaxy Vol. 3,2023,"Science Fiction, Adventure, Action",250000000,845550000,6.447314286935568,7.924,35.90830508370299,7.924
286217,The Martian,2015,"Drama, Adventure, Science Fiction",108000000,631058917,6.427972237212607,7.691,37.75052961648179,7.691
78,Blade Runner,1982,"Science Fiction, Drama, Thriller",28000000,41722424,6.424606079387894,7.939,22.29372642873403,7.939
4234,Scream 3,2000,"Horror, Mystery",40000000,161838076,6.4030733555250405,6.004,39.656943871932285,6.004
18,The Fifth Element,1997,"Science Fiction, Action, Adventure",90000000,263920180,6.38389159903183,7.563,29.100708137739257,7.563
604079,The Long Walk,2025,"Science Fiction, Thriller, Horror",20000000,62871697,6.3768386969229045,6.947,11.391727523855815,6.947
8358,Cast Away,2000,"Adventure, Drama",90000000,429632142,6.360381925335415,7.66,32.968087658961856,7.66
11566,Dave,1993,Comedy,28000000,92000000,6.360007907799335,6.646,15.390972833186703,6.646
603692,John Wick: Chapter 4,2023,"Action, Thriller, Crime",100000000,447316405,6.3486270884872065,7.708,41.596786002128724,7.708
1124,The Prestige,2006,"Drama, Mystery, Science Fiction",40000000,109676311,6.3464364143473135,8.205,26.200891273273903,8.205
350,The Devil Wears Prada,2006,"Drama, Comedy",35000000,326706115,6.312187094257762,7.389,44.61616391553208,7.389
335983,Venom,2018,"Science Fiction, Action",116000000,856085151,6.289585748863255,6.826,35.801458931907625,6.826
37165,The Truman Show,1998,"Comedy, Drama",60000000,264118712,6.273930443424505,8.151,64.08800349454593,8.151
345,Eyes Wide Shut,1999,"Drama, Thriller, Mystery",65000000,162100000,6.237704173501393,7.485,46.06258600499984,7.485
12444,Harry Potter and the Deathly Hallows: Part 1,2010,"Adventure, Fantasy",250000000,954305868,6.228941476941819,7.735,40.86301338960701,7.735
429,"The Good, the Bad and the Ugly",1966,Western,1200000,38900000,6.222155730215808,8.5,19.208928318741965,8.5
425,Ice Age,2002,"Animation, Comedy, Family, Adventure",59000000,383257136,6.215316552413216,7.368,17.312152775641543,7.368
242582,Nightcrawler,2014,"Crime, Drama, Thriller",8500000,47425835,6.213179309349904,7.708,25.264705701400896,7.708
854,The Mask,1994,"Romance, Comedy, Crime, Fantasy",23000000,351583407,6.205912682934649,6.976,61.95538711734826,6.976
102651,Maleficent,2014,"Fantasy, Adventure, Action, Family, Romance",180000000,758539785,6.174388347750819,7.087,41.39519335872212,7.087
767,Harry Potter and the Half-Blood Prince,2009,"Adventure, Fantasy",250000000,933959197,6.171609931768515,7.681,40.86301338960701,7.681
49051,The Hobbit: An Unexpected Journey,2012,"Adventure, Fantasy, Action",250000000,1021103568,6.127743017894068,7.367,19.11397674814455,7.367
10720,Down with Love,2003,"Comedy, Romance",35000000,20298207,6.104767654963481,6.103,21.209678907831353,6.103
675,Harry Potter and the Order of the Phoenix,2007,"Adventure, Fantasy",150000000,938212738,6.1040196198913215,7.672,40.86301338960701,7.672
285,Pirates of the Caribbean: At World's End,2007,"Adventure, Fantasy, Action",300000000,961691209,6.090020677826638,7.267,25.217537534581446,7.267
337404,Cruella,2021,"Comedy, Crime, Adventure",200000000,233503234,6.0805099461949075,7.975,36.633669457791676,7.975
85,Raiders of the Lost Ark,1981,"Adventure, Action",18000000,389925971,6.079334462510086,7.921,20.98470726000119,7.921
38365,Grown Ups,2010,Comedy,80000000,271457606,6.075861442532206,6.396,21.17830182294711,6.396
4935,Howl's Moving Castle,2004,"Fantasy, Animation, Adventure",24000000,236049757,6.075220269613213,8.387,11.613622986893402,8.387
198663,The Maze Runner,2014,"Action, Mystery, Science Fiction, Thriller",34000000,348319861,6.068167367504288,7.189,23.262519559408307,7.189
290098,The Handmaiden,2016,"Thriller, Drama, Romance",8575000,38600000,6.054168425439604,8.189,8.763640316067733,8.189
1366,Rocky,1976,Drama,1000000,117253345,6.0389939996901,7.792,23.98009093202247,7.792
1284120,The Ugly Stepsister,2025,"Horror, Comedy, Drama",4250000,5325096,6.037017049856538,7.302,10.408783943135699,7.302
1011985,Kung Fu Panda 4,2024,"Animation, Family, Action, Comedy, Adventure, Fantasy",80000000,548040835,6.022537228102609,7.005,26.724047766997455,7.005
329865,Arrival,2016,"Drama, Science Fiction, Mystery",47000000,203388186,6.021842624107033,7.624,23.271543034799855,7.624
670,Oldboy,2003,"Drama, Thriller, Mystery, Action",3000000,17500000,6.002179987924577,8.239,7.732503173597313,8.239
4248,Scary Movie 2,2001,Comedy,45000000,141220678,5.968945858290099,5.814,23.68211116511525,5.814
1422096,Good Boy,2025,Horror,70000,8781040,5.966434597690709,6.697,2.8142989272318237,6.697
823219,Flow,2024,"Animation, Adventure, Fantasy, Family",3700000,17660107,5.942123457845553,8.096,0.0,8.096
313369,La La Land,2016,"Comedy, Drama, Romance",30000000,509183536,5.929674017001769,7.9,37.88485635242414,7.9
419430,Get Out,2017,"Mystery, Thriller, Horror",4500000,255407969,5.923262287811837,7.622,17.81705723959583,7.622
2062,Ratatouille,2007,"Animation, Comedy, Family, Fantasy",150000000,623726000,5.916369678932661,7.837,10.80048480672331,7.837
562,Die Hard,1988,"Action, Thriller",28000000,140767956,5.911293726657299,7.8,17.28774837628713,7.8
1422,The Departed,2006,"Drama, Thriller, Crime",90000000,291465000,5.906431498688267,8.159,46.02239052371021,8.159
1359,American Psycho,2000,"Thriller, Drama, Crime",7000000,34269748,5.899699183038839,7.408,19.29588180887869,7.408
62,2001: A Space Odyssey,1968,"Science Fiction, Mystery, Adventure",12000000,71923560,5.897455077822364,8.1,4.650781248397821,8.1
1241983,Train Dreams,2025,Drama,10000000,0,5.885700240974156,7.3,11.710215189380191,7.3
1579,Apocalypto,2006,"Action, Drama, History",40000000,120654337,5.846962710451653,7.596,7.037285410475845,7.596
615457,Nobody,2021,"Action, Thriller",16000000,57512470,5.81827022232671,7.888,17.772760178582782,7.888
58,Pirates of the Caribbean: Dead Man's Chest,2006,"Adventure, Fantasy, Action",200000000,1066179747,5.798073275378425,7.374,31.00937826203763,7.374
1064213,Anora,2024,"Drama, Comedy, Romance",6000000,56286295,5.782952280705504,7.1,13.855956621692847,7.1
436969,The Suicide Squad,2021,"Action, Comedy, Adventure",185000000,168717425,5.7785175013491346,7.467,37.708488424316634,7.467
601,E.T. the Extra-Terrestrial,1982,"Science Fiction, Adventure, Family, Fantasy",10500000,797307407,5.773762135533269,7.5,15.782673696774316,7.5
573435,Bad Boys: Ride or Die,2024,"Action, Comedy, Crime",100000000,404547819,5.740528005898791,7.34,27.206188463486715,7.34
4258,Scary Movie 5,2013,Comedy,20000000,78613981,5.735345191470263,4.795,14.357579821868397,4.795
460465,Mortal Kombat,2021,"Action, Fantasy, Adventure",20000000,84426031,5.706866427651651,7.0,9.158212285461746,7.0
207,Dead Poets Society,1989,Drama,16400000,235860116,5.7027522347547785,8.301,21.935043281920034,8.301
146233,Prisoners,2013,"Drama, Thriller, Crime",46000000,122126687,5.699279214776898,8.102,33.71580564254323,8.102
7131,Van Helsing,2004,"Horror, Adventure, Action",160000000,300257475,5.696928247407258,6.393,25.851641759823796,6.393
9502,Kung Fu Panda,2008,"Animation, Family, Comedy, Action",130000000,632091832,5.673097987251345,7.315,37.424248949482894,7.315
454626,Sonic the Hedgehog,2020,"Action, Science Fiction, Comedy, Family",85000000,319715683,5.66583136083609,7.29,17.763531624205065,7.29
652,Troy,2004,"War, Action, History",175000000,497409852,5.658457872267668,7.168,35.41426980601579,7.168
588,Silent Hill,2006,"Horror, Mystery",50000000,100605135,5.647397639415037,6.618,14.856947153196057,6.618
272,Batman Begins,2005,"Drama, Crime, Action",150000000,374218673,5.647397639415037,7.721,31.104124753648875,7.721
500,Reservoir Dogs,1992,"Crime, Thriller",1200000,2859750,5.611438524874838,8.116,14.542561067395107,8.116
926393,The Equalizer 3,2023,"Action, Thriller, Crime",70000000,191067560,5.578418119546692,7.292,24.19132228777914,7.292
1071585,M3GAN 2.0,2025,"Action, Science Fiction, Thriller",15000000,39085942,5.577349498015035,7.254,8.607780286577377,7.254
82702,How to Train Your Dragon 2,2014,"Fantasy, Action, Adventure, Animation, Comedy, Family",145000000,621537519,5.570724044518774,7.7,23.208788865031373,7.7
177572,Big Hero 6,2014,"Adventure, Family, Animation, Action, Comedy",165000000,657870525,5.5696019919105355,7.725,8.465455470174339,7.725
8681,Taken,2008,"Action, Thriller",25000000,226830568,5.552931496016714,7.401,26.878677322570795,7.401
315162,Puss in Boots: The Last Wish,2022,"Animation, Adventure, Fantasy, Comedy, Family",90000000,484700000,5.5461457492907025,8.203,21.789642280724422,8.203
291805,Now You See Me 2,2016,"Thriller, Crime",120000000,334897606,5.5157434667151115,6.829,23.502461973228993,6.829
70981,Prometheus,2012,"Science Fiction, Mystery, Horror",130000000,403354469,5.511736135971404,6.591,22.722136430846344,6.591
447273,Snow White,2025,"Family, Fantasy",270000000,205679463,5.511201825205577,4.327,13.466511626953123,4.327
1011477,Karate Kid: Legends,2025,"Action, Adventure, Drama",45000000,117105466,5.49559995084341,7.027,48.63284093868754,7.027
62177,Brave,2012,"Animation, Adventure, Comedy, Family, Action, Fantasy",185000000,538983207,5.484432855837613,7.0,23.158339434433177,7.0
679,Aliens,1986,"Action, Thriller, Science Fiction",18500000,183316455,5.479944645404661,7.956,13.55469559100688,7.956
209112,Batman v Superman: Dawn of Justice,2016,"Action, Adventure, Fantasy",250000000,874362803,5.472250570376743,5.989,32.16807453390674,5.989
68721,Iron Man 3,2013,"Action, Adventure, Science Fiction",200000000,1215577205,5.47123537992167,6.931,26.7763429084712,6.931
138843,The Conjuring,2013,"Horror, Thriller",13000000,321293998,5.4480997237613344,7.539,13.580125385292147,7.539
170,28 Days Later,2002,"Horror, Thriller, Science Fiction",8000000,82784517,5.422666531307939,7.236,26.437552423315847,7.236
637649,Wrath of Man,2021,"Thriller, Crime, Drama",40000000,103966489,5.414758731973691,7.586,60.04507636116051,7.586
18785,The Hangover,2009,Comedy,35000000,469310836,5.414224421207863,7.329,15.25356991245178,7.329
339403,Baby Driver,2017,"Action, Crime",34000000,226945087,5.383287827866445,7.4,17.98665756115968,7.4
558449,Gladiator II,2024,"Action, Adventure, Drama",310000000,462180717,5.375433459608778,6.632,42.479856116583306,6.632
284054,Black Panther,2018,"Action, Adventure, Science Fiction",200000000,1349926083,5.3685942818061845,7.362,35.72352891716245,7.362
12153,White Chicks,2004,"Comedy, Crime",37000000,113100000,5.348343903781318,6.932,19.339563632933224,6.932
64688,21 Jump Street,2012,"Action, Comedy, Crime",42000000,201585328,5.347702730862324,6.884,21.487560934093768,6.884
539,Psycho,1960,"Horror, Thriller, Mystery",806947,50048065,5.3435351068888695,8.415,9.85958241816836,8.415
630,The Wizard of Oz,1939,"Adventure, Fantasy, Family",2777000,33754967,5.332581736189403,7.587,6.771708123383722,7.587
1402,The Pursuit of Happyness,2006,Drama,55000000,307077295,5.329375871594437,7.886,27.65162002145127,7.886
111190,Adore,2013,Drama,16000000,1600000,5.298385847176435,6.116,13.612527865107246,6.116
3933,Corpse Bride,2005,"Romance, Fantasy, Animation",40000000,118133252,5.284012887575672,7.585,31.48680214184494,7.585
297802,Aquaman,2018,"Action, Adventure, Fantasy",160000000,1152028393,5.2802192811382955,6.867,36.597575556225486,6.867
561,Constantine,2005,"Fantasy, Action, Horror",100000000,230900000,5.278242331304734,7.122,49.10964958153634,7.122
812,Aladdin,1992,"Animation, Family, Adventure, Fantasy, Romance",28000000,504050219,5.238649903556906,7.654,10.335570745072467,7.654
667538,Transformers: Rise of the Beasts,2023,"Science Fiction, Adventure, Action",195000000,441381193,5.218239232302292,7.184,8.463404680312623,7.184
572802,Aquaman and the Lost Kingdom,2023,"Action, Adventure, Fantasy",205000000,440181226,5.203438824088867,6.543,27.113492761737184,6.543
10882,Sleeping Beauty,1959,"Fantasy, Animation, Romance, Family",6000000,51600000,5.202583926863543,6.943,5.438284555296473,6.943
489,Good Will Hunting,1997,Drama,10000000,225900000,5.171861057828455,8.158,36.82336752000033,8.158
271110,Captain America: Civil War,2016,"Adventure, Action, Science Fiction",250000000,1155046416,5.1681743135442435,7.446,52.94360122801297,7.446
75656,Now You See Me,2013,"Thriller, Crime",75000000,351723989,5.166090501557516,7.332,24.596353285467902,7.332
9487,A Bug's Life,1998,"Family, Animation, Adventure, Comedy",80000000,363258859,5.160640531746075,6.974,13.005699145025707,6.974
296096,Me Before You,2016,"Drama, Romance",20000000,207945075,5.148939125974449,7.92,28.362423787521767,7.92
28,Apocalypse Now,1979,"Drama, War",31500000,150000000,5.14797736659596,8.266,10.294554947838161,8.266
791373,Zack Snyder's Justice League,2021,"Action, Adventure, Fantasy",70000000,0,5.1448783641541596,8.1,35.113213854315994,8.1
137,Groundhog Day,1993,"Romance, Fantasy, Comedy",14600000,71108778,5.1413519130996965,7.623,16.288398476673297,7.623
9806,The Incredibles,2004,"Action, Adventure, Animation, Family",92000000,631442092,5.119231447394434,7.721,10.530805939907758,7.721
1495,Kingdom of Heaven,2005,"Drama, Action, Adventure, History, War",130000000,218366336,5.116346169258964,7.016,27.51729328550892,7.016
453395,Doctor Strange in the Multiverse of Madness,2022,"Fantasy, Action, Adventure",290000000,955775804,5.115063823420979,7.228,22.39483036891659,7.228
87101,Terminator Genisys,2015,"Science Fiction, Action, Thriller",155000000,440603537,5.1123388385152575,5.949,26.18530527032487,5.949
786892,Furiosa: A Mad Max Saga,2024,"Action, Science Fiction, Adventure",168000000,174287546,5.081669400556752,7.454,32.31265521915766,7.454
7485,Shooter,2007,"Drama, Action, Thriller",61000000,95700000,5.0709831852402,7.12,24.806559246293713,7.12
102382,The Amazing Spider-Man 2,2014,"Action, Adventure, Science Fiction",200000000,708962323,5.069219959712969,6.526,33.67437968733659,6.526
423,The Pianist,2002,"Drama, War",35000000,120098945,5.05260289489573,8.374,14.354298558089647,8.374
985939,Fall,2022,Thriller,3000000,17363261,5.035344657159498,7.112,18.302684278850002,7.112
14,American Beauty,1999,Drama,15000000,356296601,5.034276035627842,8.001,12.632250311207363,8.001
9552,The Exorcist,1973,Horror,12000000,441306145,5.008148239178871,7.74,12.103146526884832,7.74
152601,Her,2013,"Romance, Science Fiction, Drama",23000000,47351251,5.006331582575058,7.841,38.25707471232545,7.841
568124,Encanto,2021,"Animation, Comedy, Family, Fantasy",150000000,261292688,4.989661086681236,7.572,14.661917037346935,7.572
507086,Jurassic World Dominion,2022,"Adventure, Action, Science Fiction",465000000,1004004592,4.9874704125413425,6.6,38.30936985379919,6.6
324786,Hacksaw Ridge,2016,"Drama, History, War",40000000,175302354,4.964281325304424,8.191,20.759530533184858,8.191
166426,Pirates of the Caribbean: Dead Men Tell No Tales,2017,"Adventure, Action, Fantasy",230000000,795922298,4.963853876691762,6.653,29.608278628513773,6.653
10830,Matilda,1996,"Comedy, Family, Fantasy",36000000,33500000,4.9590450797993135,7.171,12.309250907987213,7.171
545611,Everything Everywhere All at Once,2022,"Action, Adventure, Science Fiction",25000000,139200000,4.95840390688032,7.722,14.724261049143081,7.722
2501,The Bourne Identity,2002,"Action, Drama, Mystery, Thriller",60000000,214034224,4.935161388566819,7.471,28.40241418982521,7.471
414419,Kill Bill: The Whole Bloody Affair,2011,"Action, Crime",55000000,5806312,4.93403933595858,8.0,27.447771509196766,8.0
68726,Pacific Rim,2013,"Action, Science Fiction, Adventure",180000000,411000000,4.9196129452812345,6.916,27.737137958684787,6.916
620,Ghostbusters,1984,"Comedy, Fantasy",30000000,296640120,4.916727667145766,7.495,15.85219547308646,7.495
251,Ghost,1990,"Fantasy, Drama, Thriller, Mystery, Romance",22000000,505000000,4.9164605117628515,7.2,32.80258891712144,7.2
866398,The Beekeeper,2024,"Action, Crime, Thriller",35000000,152720535,4.913575233627383,7.251,62.06141295319894,7.251
2109,Rush Hour,1998,"Action, Comedy, Crime",33000000,244721064,4.908338988122272,7.061,51.3583406649071,7.061
505642,Black Panther: Wakanda Forever,2022,"Action, Adventure, Science Fiction",250000000,859102154,4.900538050941189,7.011,13.90804668418041,7.011
744,Top Gun,1986,"Action, Drama, Romance",15000000,356830601,4.899041980796872,7.1,37.84712181896858,7.1
14161,2012,2009,"Action, Adventure, Science Fiction",200000000,791217826,4.898026790341799,5.868,16.60709122118384,5.868
333339,Ready Player One,2018,"Adventure, Action, Science Fiction",175000000,607274134,4.894126321751257,7.584,13.209547657280204,7.584
508442,Soul,2020,"Animation, Family, Comedy, Fantasy, Drama, Music",150000000,121977511,4.880180810763156,8.097,13.159713463640523,8.097
539972,Kraven the Hunter,2024,"Action, Adventure, Thriller",130000000,62076533,4.870937234514338,6.432,13.93040029367311,6.432
11970,Hercules,1997,"Animation, Family, Fantasy, Adventure, Comedy, Romance",85000000,252712101,4.8620676758016,7.492,9.762374978723058,7.492
629,The Usual Suspects,1995,"Drama, Crime, Thriller",6000000,23300000,4.8318256864557565,8.17,16.960237235371206,8.17
298618,The Flash,2023,"Action, Science Fiction, Adventure",220000000,271333313,4.817773313314491,6.618,16.621856908188192,6.618
917496,Beetlejuice Beetlejuice,2024,"Comedy, Fantasy, Horror",99000000,452000435,4.817078709318914,6.943,41.60950089927136,6.943
321612,Beauty and the Beast,2017,"Family, Fantasy, Romance",160000000,1266115964,4.814781173025856,7.0,30.79343008959901,7.0
696506,Mickey 17,2025,"Science Fiction, Comedy, Adventure",118000000,133442263,4.8087434613720035,6.826,20.260983517801883,6.826
745,The Sixth Sense,1999,"Mystery, Thriller, Drama",40000000,672800000,4.8047895617048795,7.947,19.616215185278612,7.947
273481,Sicario,2015,"Action, Crime, Thriller",30000000,84997446,4.789828860261705,7.416,34.02301396382817,7.416
137113,Edge of Tomorrow,2014,"Action, Science Fiction",178000000,370541256,4.751999658041109,7.634,52.3759425942902,7.634
575264,Mission: Impossible - Dead Reckoning Part One,2023,"Action, Thriller, Adventure",220000000,571125435,4.747030567918913,7.507,43.37912747094544,7.507
240832,Lucy,2014,"Action, Science Fiction",40000000,469058574,4.7440384276302785,6.471,48.20648172643695,6.471
337167,Fifty Shades Freed,2018,"Drama, Romance",55000000,371985018,4.734848282458044,6.677,16.078807752805997,6.677
49521,Man of Steel,2013,"Action, Adventure, Science Fiction",225000000,668045518,4.7306272274080055,6.6,31.77001622174781,6.6
809,Shrek 2,2004,"Animation, Family, Comedy, Fantasy, Romance",150000000,935454538,4.715987112424329,7.307,21.81445683805118,7.307
1151031,Bring Her Back,2025,Horror,15000000,39410222,4.700492100215327,7.354,8.71093501662165,7.354
281957,The Revenant,2015,"Western, Drama, Adventure",135000000,532950503,4.694668112867807,7.539,46.415321861214856,7.539
621,Grease,1978,"Romance, Comedy",6000000,396271103,4.693492629182986,7.373,16.914504621454956,7.373
384018,Fast & Furious Presents: Hobbs & Shaw,2019,"Action, Adventure, Comedy",200000000,760098996,4.6835010178620085,6.836,78.17344350176472,6.836
207703,Kingsman: The Secret Service,2015,"Crime, Comedy, Action, Adventure",81000000,414351546,4.675700080680926,7.619,26.832739629668367,7.619
10195,Thor,2011,"Adventure, Fantasy, Action",150000000,449326618,4.671105008094808,6.769,30.4860166893279,6.769
184315,Hercules,2014,"Action, Adventure",100000000,244819862,4.662075156152322,5.796,23.80843982059691,5.796
10191,How to Train Your Dragon,2010,"Fantasy, Adventure, Animation, Family",165000000,495141736,4.661861431845991,7.856,19.23866477173684,7.856
861,Total Recall,1990,"Action, Adventure, Science Fiction",65000000,261317921,4.65758694571937,7.314,21.23182743833788,7.314
746036,The Fall Guy,2024,"Action, Comedy, Romance",125000000,181073291,4.654594805430735,6.958,40.99016236103336,6.958
857,Saving Private Ryan,1998,"War, Drama, History",70000000,481840909,4.64636641963699,8.2,31.2659320737382,8.2
87428,That's My Boy,2012,Comedy,70000000,57719093,4.646152695330659,5.806,25.557558493653833,5.806
766507,Prey,2022,"Thriller, Action, Science Fiction",65000000,0,4.644122314420513,7.667,7.497892813417089,7.667
1084199,Companion,2025,"Horror, Science Fiction, Thriller",10000000,36869122,4.639206655374899,7.014,11.77317443813485,7.014
929590,Civil War,2024,"War, Action, Drama",50000000,126542249,4.636641963698927,6.848,26.05118361336869,6.848
10020,Beauty and the Beast,1991,"Romance, Family, Animation, Fantasy",25000000,424967620,4.630390527738744,7.724,48.402742316203096,7.724
20352,Despicable Me,2010,"Family, Comedy, Animation, Science Fiction, Action",69000000,543284256,4.623284194553236,7.256,20.46893360977981,7.256
948,Halloween,1978,"Horror, Thriller",325000,70260597,4.590530944608004,7.554,15.481617745074516,7.554
120467,The Grand Budapest Hotel,2014,"Comedy, Drama",30000000,174600318,4.589141736616851,8.032,16.95921184044035,8.032
57158,The Hobbit: The Desolation of Smaug,2013,"Fantasy, Adventure, Action",250000000,958400000,4.58331774926933,7.575,19.11397674814455,7.575
9603,Clueless,1995,"Comedy, Romance",12000000,56631572,4.57925698744904,7.3,20.807929173921337,7.3
109424,Captain Phillips,2013,"Action, Drama, Thriller",55000000,218791811,4.578134934840802,7.538,28.044346279969734,7.538
845781,Red One,2024,"Action, Comedy, Fantasy",250000000,185700759,4.539290542165134,7.0,30.569278757713537,7.0
162,Edward Scissorhands,1990,"Fantasy, Drama, Romance",20000000,86024005,4.538061627403731,7.719,30.668331908034386,7.719
546554,Knives Out,2019,"Comedy, Crime, Mystery",40000000,312897920,4.5370998680252415,7.8,44.757258258018076,7.8
128,Princess Mononoke,1997,"Adventure, Fantasy, Animation",23500000,176506186,4.535016056038513,8.323,8.042787679674829,8.323
1072790,Anyone But You,2023,"Romance, Comedy",25000000,214891370,4.533733710200527,6.805,84.60082400736646,6.805
102899,Ant-Man,2015,"Science Fiction, Adventure, Action",130000000,519311965,4.533626848047361,7.066,17.958151582081843,7.066
10674,Mulan,1998,"Animation, Family, Adventure",90000000,304320254,4.53282538189862,7.901,20.572293418810254,7.901
615,The Passion of the Christ,2004,Drama,30000000,610063468,4.530955294218224,7.52,13.236413004468673,7.52
47971,xXx: Return of Xander Cage,2017,"Action, Adventure, Crime",85000000,346118277,4.528390602542251,6.1,33.3033918013523,6.1
118,Charlie and the Chocolate Factory,2005,"Adventure, Comedy, Family, Fantasy",150000000,475000000,4.527535705316926,7.038,22.733005617113434,7.038
396535,Train to Busan,2016,"Horror, Thriller, Action, Adventure",8500000,87547518,4.513643625405408,7.749,9.249882592280418,7.749
38,Eternal Sunshine of the Spotless Mind,2004,"Science Fiction, Drama, Romance",20000000,72258126,4.513429901099078,8.1,93.25331151292922,8.1
604,The Matrix Reloaded,2003,"Adventure, Action, Thriller, Science Fiction",150000000,738599701,4.509850018968033,7.07,30.020692469704713,7.07
508947,Turning Red,2022,"Animation, Family, Comedy, Fantasy",0,21813358,4.509262277125622,7.32,6.603543354723074,7.32
273477,Scouts Guide to the Zombie Apocalypse,2015,"Comedy, Horror",15000000,14900000,4.505308377458498,6.6,8.51816076962042,6.6
11224,Cinderella,1950,"Family, Fantasy, Animation, Romance",2900000,263600000,4.490240813862159,7.045,6.357858729289586,7.045
103,Taxi Driver,1976,"Crime, Drama",1900000,28579636,4.4879967086456825,8.127,26.419300393546575,8.127
383498,Deadpool 2,2018,"Action, Comedy, Adventure",110000000,785896632,4.484309964361472,7.489,42.06621180147534,7.489
381288,Split,2017,"Horror, Thriller",9000000,278454358,4.4737840422746675,7.342,29.830174091551363,7.342
150689,Cinderella,2015,"Romance, Fantasy, Family, Drama",95000000,543514353,4.470685039832868,6.8,20.844843391432214,6.8
168259,Furious 7,2015,"Action, Crime, Thriller",190000000,1515400000,4.466838002318909,7.219,37.122167602852244,7.219
72190,World War Z,2013,"Action, Horror, Science Fiction, Thriller",200000000,531865000,4.462670378345454,6.823,27.62270388440108,6.823
264660,Ex Machina,2015,"Drama, Science Fiction",15000000,36869414,4.458556185448581,7.573,20.158238945729952,7.573
205596,The Imitation Game,2014,"History, Drama, Thriller, War",14000000,233555708,4.454976303317536,7.987,23.001043852039615,7.987
37724,Skyfall,2012,"Action, Adventure, Thriller",200000000,1108594176,4.442633724626918,7.258,31.903727720731645,7.258
507089,Five Nights at Freddy's,2023,"Horror, Thriller",20000000,297242145,4.437183754815475,7.337,19.586478732283744,7.337
181812,Star Wars: The Rise of Skywalker,2019,"Adventure, Action, Science Fiction",489900000,1074144248,4.436275426513569,6.272,12.791186525490291,6.272
308266,War Dogs,2016,"Comedy, Crime, Drama",50000000,86234523,4.428848506868565,6.936,34.34211686631106,6.936
36557,Casino Royale,2006,"Adventure, Action, Thriller",150000000,599045960,4.414582409420968,7.569,38.38606939462735,7.569
273248,The Hateful Eight,2015,"Drama, Mystery, Western",44000000,155760117,4.386851680674515,7.755,31.36539538203139,7.755
567609,Ready or Not,2019,"Horror, Comedy",6000000,57615777,4.3783027084212724,7.041,13.511629003910858,7.041
284052,Doctor Strange,2016,"Fantasy, Adventure, Action",180000000,676343174,4.377661535502279,7.418,22.584323352139076,7.418
74,War of the Worlds,2005,"Adventure, Thriller, Science Fiction",132000000,603873119,4.373013031839578,6.531,46.9479119883023,6.531
324552,John Wick: Chapter 2,2017,"Action, Thriller, Crime",40000000,171539887,4.370662064469937,7.337,28.496340365491772,7.337
840326,Sisu,2022,"Action, War, Thriller",6600000,14281199,4.359601831617305,7.411,10.380688122030202,7.411
497698,Black Widow,2021,"Action, Adventure, Science Fiction",200000000,379751131,4.341061248043087,7.174,47.1337135497737,7.174
474350,It Chapter Two,2019,"Horror, Thriller, Drama",79000000,473123154,4.339458315745604,6.841,25.560224520474062,6.841
11688,The Emperor's New Groove,2000,"Adventure, Animation, Comedy, Family, Fantasy",100000000,169327687,4.3304818948797,7.557,10.462924795484984,7.557
27578,The Expendables,2010,"Thriller, Adventure, Action",80000000,274470394,4.325673097987252,6.249,83.57071225982689,6.249
2105,American Pie,1999,"Comedy, Romance",11000000,235483004,4.303232045822491,6.601,7.826634428250041,6.601
588228,The Tomorrow War,2021,"Action, Science Fiction, Adventure",200000000,14400000,4.3023771485971665,7.476,30.831984938999256,7.476
245891,John Wick,2014,"Action, Thriller",20000000,86085191,4.278333164134924,7.454,28.01912156467064,7.454
1368,First Blood,1982,"Action, Adventure, Thriller, War",15000000,125212904,4.277531697986182,7.501,23.56419074806662,7.501
39254,Real Steel,2011,"Action, Science Fiction, Drama",110000000,299300000,4.2713871241791646,7.066,16.92188746495713,7.066
37135,Tarzan,1999,"Family, Adventure, Animation",130000000,448200000,4.236817217630118,7.395,17.138861032326602,7.395
131631,The Hunger Games: Mockingjay - Part 1,2014,"Science Fiction, Adventure, Thriller",125000000,755356711,4.211277163023559,6.817,22.895223095175112,6.817
976573,Elemental,2023,"Family, Fantasy, Comedy, Romance, Animation",200000000,496444308,4.208926195653916,7.582,6.261881763761314,7.582
140607,Star Wars: The Force Awakens,2015,"Adventure, Action, Science Fiction",245000000,2068223624,4.208285022734922,7.2,24.72862923154853,7.2
1813,The Devil's Advocate,1997,"Horror, Drama, Mystery",57000000,153000000,4.205346313522871,7.466,40.26110656519359,7.466
460458,Resident Evil: Welcome to Raccoon City,2021,"Action, Horror, Science Fiction",25000000,41914915,4.203369363689309,5.94,16.575509057313425,5.94
481848,The Call of the Wild,2020,"Adventure, Family, Drama",109000000,111200000,4.195889012967722,7.522,22.59150111665508,7.522
4523,Enchanted,2007,"Comedy, Family, Fantasy, Romance",85000000,340487652,4.193431183444916,6.8,26.192688113827046,6.8
46195,Rio,2011,"Animation, Adventure, Comedy, Family",90000000,483866772,4.19081306069236,6.758,33.30523751222784,6.758
311324,The Great Wall,2016,"Action, Adventure, Fantasy",150000000,331957105,4.187126316408149,6.027,31.88321982211449,6.027
242,The Godfather Part III,1990,"Crime, Drama, Thriller",54000000,136766062,4.184401331502429,7.418,20.49600403595445,7.418
260514,Cars 3,2017,"Animation, Adventure, Comedy, Drama, Family",175000000,383925276,4.1650592817794685,6.852,13.38796637524943,6.852
284053,Thor: Ragnarok,2017,"Action, Adventure, Science Fiction, Comedy",180000000,855301806,4.16393722917123,7.6,27.34830820090358,7.6
420818,The Lion King,2019,"Adventure, Drama, Family, Animation",260000000,1662020819,4.158754414742703,7.097,11.84741303112894,7.097
615777,Babylon,2022,"Drama, Comedy",78000000,65267446,4.15346473816101,7.367,42.929389254271285,7.367
1097549,Babygirl,2024,"Romance, Thriller",20000000,60934894,4.150152011412879,5.691,24.356821029619564,5.691
87,Indiana Jones and the Temple of Doom,1984,"Adventure, Action",28000000,333000000,4.149510838493884,7.304,24.946012956890346,7.304
135397,Jurassic World,2015,"Action, Adventure, Science Fiction, Thriller",150000000,1671537444,4.1386108988710015,6.699,36.13635291632573,6.699
490132,Green Book,2018,"Drama, Comedy, History",23000000,321752656,4.134069257361467,8.223,27.232848731689014,8.223
49013,Cars 2,2011,"Animation, Family, Adventure, Comedy",200000000,559852396,4.133588377672222,6.2,17.409565294073015,6.2
634492,Madame Web,2024,"Action, Fantasy",80000000,100498764,4.130970254919666,5.301,91.00297979766908,5.301
62211,Monsters University,2013,"Animation, Family",200000000,743559465,4.126428613410131,7.045,16.682150130122615,7.045
524,Casino,1995,"Crime, Drama",50000000,116112375,4.126428613410131,8.0,31.742740716586997,8.0
941,Lethal Weapon,1987,"Action, Thriller, Crime",15000000,120207127,4.112483102422031,7.285,24.68474232850783,7.285
1924,Superman,1978,"Science Fiction, Action, Adventure",55000000,300478449,4.097682694208606,7.2,9.982834888857445,7.2
1271,300,2007,"Action, Adventure, War",65000000,456082343,4.087584220734463,7.193,27.251510919430622,7.193
257344,Pixels,2015,"Action, Comedy, Science Fiction",88000000,244874809,4.080638180778704,5.766,23.755734521150824,5.766
263115,Logan,2017,"Action, Drama, Science Fiction",97000000,619021436,4.078073489102732,7.818,26.801157465797953,7.818
373571,Godzilla: King of the Monsters,2019,"Science Fiction, Action",170000000,387300138,4.072783812521039,6.7,33.360198680521805,6.7
9444,Anastasia,1997,"Animation, Family, Fantasy, Adventure",53000000,139804348,4.0679750156285905,7.606,15.936277857416787,7.606
953,Madagascar,2005,"Family, Animation, Adventure, Comedy",75000000,542064525,4.065784341488697,6.921,14.651458009052188,6.921
600,Full Metal Jacket,1987,"Drama, War",30000000,46357676,4.060280940600673,8.12,14.33543129136187,8.12
941109,Play Dirty,2025,Crime,2500000,0,4.054350091099986,6.606,20.289284417893555,6.606
185,A Clockwork Orange,1971,"Science Fiction, Crime",2200000,27033812,4.052373141266423,8.179,8.298521175430718,8.179
653346,Kingdom of the Planet of the Apes,2024,"Science Fiction, Adventure, Action",160000000,397378150,4.051304519734768,7.055,12.117091897944494,7.055
6977,No Country for Old Men,2007,"Crime, Thriller, Western",25000000,171627166,4.048579534829047,7.947,27.63234259675114,7.947
44896,Rango,2011,"Animation, Comedy, Family, Western, Adventure",135000000,245700000,4.045854549923327,6.888,27.169479324962015,6.888
8392,My Neighbor Totoro,1988,"Fantasy, Animation, Family",3700000,41000000,4.0399771314992226,8.062,6.6724498940767045,8.062
640,Catch Me If You Can,2002,"Drama, Crime",52000000,352114312,4.037893319512495,7.977,52.679869651796395,7.977
393,Kill Bill: Vol. 2,2004,"Action, Crime, Thriller",30000000,152159461,4.036076662908681,7.875,31.18841221696537,7.875
311,Once Upon a Time in America,1984,"Drama, Crime",30000000,5500000,4.0348477481472775,8.385,24.748726972193342,8.385
980489,Gran Turismo,2023,"Adventure, Action, Drama",60000000,121700000,4.024375257137057,7.718,15.761345482212475,7.718
2758,Addams Family Values,1993,"Comedy, Family, Fantasy",47000000,48919043,4.02405467067756,6.968,17.91775102180605,6.968
76338,Thor: The Dark World,2013,"Action, Adventure, Fantasy",170000000,644783140,4.0234134977585665,6.511,30.4860166893279,6.511
648878,Eddington,2025,"Western, Comedy, Crime",25000000,13738227,4.021757134384501,6.42,28.36549997231434,6.42
275,Fargo,1996,"Crime, Drama, Thriller",7000000,60611975,4.017429217181298,7.848,17.865250801346143,7.848
45612,Source Code,2011,"Thriller, Science Fiction, Mystery",32000000,147332697,4.0159331470369795,7.308,27.269557870213717,7.308
260513,Incredibles 2,2018,"Action, Adventure, Animation, Family",200000000,1243225667,4.014650801198993,7.454,10.530805939907758,7.454
4347,Atonement,2007,"Drama, Romance",30000000,131016624,4.012513558135684,7.637,23.3677250793143,7.637
76492,Hotel Transylvania,2012,"Animation, Comedy, Family, Fantasy",85000000,358375603,4.012192971676186,6.964,26.707231290131396,6.964
46738,Incendies,2010,"Drama, War, Mystery",6800000,6788659,4.010483177225539,8.107,4.464364449967905,8.107
447277,The Little Mermaid,2023,"Adventure, Family, Fantasy, Romance",297000000,569626289,4.000491565904562,6.277,9.404717226839919,6.277
530385,Midsommar,2019,"Horror, Drama, Mystery",9000000,48498408,3.992316611187399,7.2,12.57503327406551,7.2
13475,Star Trek,2009,"Science Fiction, Action, Adventure",150000000,386839614,3.9896450573582607,7.43,16.56771605583891,7.43
615453,Ne Zha,2019,"Animation, Fantasy, Adventure",22000000,742718496,3.983767638934157,7.886,4.197351609972581,7.886
310,Bruce Almighty,2003,"Fantasy, Comedy",80000000,484592874,3.982485293096171,6.722,80.06734793905875,6.722
44214,Black Swan,2010,"Drama, Thriller, Horror",13000000,329398046,3.975432390987247,7.685,36.166089369320595,7.685
9479,The Nightmare Before Christmas,1993,"Fantasy, Animation, Family",18000000,75634409,3.969180955027063,7.832,28.675989557378024,7.832
698687,Transformers One,2024,"Animation, Science Fiction, Adventure, Family",75000000,129408392,3.9683794888783215,7.993,42.82397865537912,7.993
937278,A Man Called Otto,2022,"Comedy, Drama",50000000,108961677,3.9609525692333176,7.753,28.452248383464894,7.753
259316,Fantastic Beasts and Where to Find Them,2016,"Fantasy, Adventure",180000000,809342332,3.9520295794439964,7.308,14.194952185834374,7.308
2048,"I, Robot",2004,"Action, Science Fiction",120000000,347234916,3.949732043150937,6.96,22.945672525773304,6.96
363088,Ant-Man and the Wasp,2018,"Action, Adventure, Science Fiction",140000000,622674139,3.947434506857879,6.905,17.958151582081843,6.905
8689,Cannibal Holocaust,1980,Horror,100000,2000000,3.9472207825515477,6.269,16.151200634924542,6.269
670292,The Creator,2023,"Science Fiction, Action, Adventure",80000000,104272136,3.9453506948711516,7.012,11.838184476751222,7.012
424694,Bohemian Rhapsody,2018,"Music, Drama",52000000,910813521,3.9452972637945694,7.962,17.153831798317125,7.962
118340,Guardians of the Galaxy,2014,"Action, Science Fiction, Adventure",170000000,772776600,3.9433203139610065,7.905,35.90830508370299,7.905
197,Braveheart,1995,"Action, Drama, History, War",72000000,213216216,3.939687000753379,7.941,24.31724078528846,7.941
34851,Predators,2010,"Science Fiction, Action, Thriller",40000000,127233108,3.9259017829950262,6.295,19.295061492934007,6.295
4951,10 Things I Hate About You,1999,"Comedy, Romance, Drama",16000000,53478166,3.9257414897652785,7.59,22.661638129925745,7.59
124905,Godzilla,2014,"Action, Drama, Science Fiction",160000000,524978362,3.9233370913190533,6.352,25.27947138840525,6.352
9453,Caligula,1979,"Drama, History",17500000,23400000,3.9177268282778637,5.971,19.376682929430274,5.971
772,Home Alone 2: Lost in New York,1992,"Comedy, Family, Adventure",18000000,358994850,3.9034072997536833,6.78,15.909002352255975,6.78
466420,Killers of the Flower Moon,2023,"Crime, History, Drama",200000000,158722599,3.902124953915697,7.406,39.821212139855675,7.406
598,City of God,2002,"Drama, Crime",3300000,30641770,3.8999342797758034,8.428,5.419622367554864,8.428
493529,Dungeons & Dragons: Honor Among Thieves,2023,"Adventure, Fantasy, Comedy",151000000,208200000,3.8984382096314856,7.329,16.137050184878706,7.329
447332,A Quiet Place,2018,"Horror, Drama, Science Fiction",17000000,340955294,3.8981710542485724,7.393,25.697422362222817,7.393
68734,Argo,2012,"Drama, Thriller",44500000,232300000,3.8805387989762616,7.282,31.27475047014358,7.282
1111873,Abigail,2024,"Horror, Thriller",28000000,43015969,3.8779206762237055,6.675,19.40559906648046,6.675
316029,The Greatest Showman,2017,Drama,84000000,459066134,3.8694251350470465,7.866,29.505944214414182,7.866
351286,Jurassic World: Fallen Kingdom,2018,"Action, Adventure, Science Fiction, Thriller",170000000,1310469037,3.867661909519815,6.533,34.47931470805981,6.533
50619,The Twilight Saga: Breaking Dawn - Part 1,2011,"Adventure, Fantasy, Romance",110000000,712171856,3.8640820273887697,6.191,25.452763131720186,6.191
10948,The Fox and the Hound,1981,"Adventure, Animation, Drama, Family",12000000,29800000,3.859219799419739,7.137,18.200760022722758,7.137
408,Snow White and the Seven Dwarfs,1938,"Fantasy, Animation, Family",1488423,184925486,3.8400380429265275,7.123,4.983624442954204,7.123
115,The Big Lebowski,1998,"Comedy, Crime",15000000,47010480,3.835336108187245,7.839,25.77084063927222,7.839
493922,Hereditary,2018,"Horror, Mystery, Thriller",10000000,87796204,3.834267486655589,7.291,12.529915897107772,7.291
44833,Battleship,2012,"Thriller, Action, Adventure, Science Fiction",209000000,303025485,3.83196995036253,5.882,14.709905520111072,5.882
12155,Alice in Wonderland,2010,"Family, Fantasy, Adventure",200000000,1025467110,3.8295121208397234,6.637,41.69358328360168,6.637
127585,X-Men: Days of Future Past,2014,"Action, Adventure, Science Fiction",250000000,746045700,3.8255047900960153,7.529,24.09924182298813,7.529
2978,Ghostbusters II,1989,"Comedy, Fantasy",37000000,215394738,3.824115582104864,6.595,15.85219547308646,6.595
176,Saw,2004,"Horror, Mystery, Crime",1200000,104045735,3.8146582815497156,7.419,13.094703425024152,7.419
10625,Mean Girls,2004,"Drama, Comedy",17000000,130195052,3.8137499532478087,7.222,20.724872184521868,7.222
788,Mrs. Doubtfire,1993,"Comedy, Drama, Family",25000000,441286195,3.8099029157338498,7.195,19.778432663340286,7.195
5548,RoboCop,1987,"Action, Thriller, Science Fiction",13000000,53424681,3.809635760350935,7.351,9.986731389594704,7.351
752,V for Vendetta,2006,"Action, Thriller, Science Fiction",54000000,134686457,3.8057887228369767,7.898,18.837530274785337,7.898
870028,The Accountant²,2025,"Mystery, Crime, Thriller",80000000,103223366,3.8042926526926593,7.081,27.81137655167888,7.081
524434,Eternals,2021,"Science Fiction, Action, Adventure",236200000,402064899,3.8017279610166868,6.778,26.610023850686098,6.778
38700,Bad Boys for Life,2020,"Thriller, Action, Crime",90000000,426505244,3.7955833872096694,7.121,27.206188463486715,7.121
749170,Heads of State,2025,"Action, Thriller, Comedy",100,0,3.7850574651228652,6.841,40.42906625486807,6.841
82690,Wreck-It Ralph,2012,"Family, Animation, Comedy, Adventure",165000000,471222889,3.7847903097399507,7.354,10.213958906272753,7.354
4256,Scary Movie 3,2003,Comedy,45000000,220673217,3.7764016307164576,5.963,18.982931275980945,5.963
810,Shrek the Third,2007,"Fantasy, Adventure, Animation, Comedy, Family",160000000,813367380,3.7758673199506294,6.304,21.81445683805118,6.304
348893,Boyka: Undisputed IV,2016,"Action, Drama, Thriller",0,63500000,3.775226147031637,7.181,17.879606330378145,7.181
49530,In Time,2011,"Action, Thriller, Science Fiction",40000000,173900000,3.7733560593512396,6.97,36.99153228866099,6.97
9889,Shallow Hal,2001,"Comedy, Romance, Fantasy, Drama",40000000,141069860,3.7728217485854123,6.159,28.487316890100228,6.159
10192,Shrek Forever After,2010,"Comedy, Adventure, Fantasy, Animation, Family",165000000,752600867,3.772554593202498,6.395,21.81445683805118,6.395
602,Independence Day,1996,"Action, Adventure, Science Fiction",75000000,817400891,3.772020282436671,6.899,25.74889718775187,6.899
756999,The Black Phone,2022,"Horror, Thriller",16000000,161441914,3.7674252098505536,7.536,24.224340004552758,7.536
7345,There Will Be Blood,2007,Drama,25000000,77208711,3.7543880271643597,8.077,11.032634219069475,8.077
458156,John Wick: Chapter 3 - Parabellum,2019,"Action, Thriller, Crime",55000000,328349908,3.750861576109897,7.44,39.03083772715061,7.44
9820,The Parent Trap,1998,"Comedy, Family, Romance",15000000,92108518,3.744663571226297,7.216,16.55746210653033,7.216
10198,The Princess and the Frog,2009,"Animation, Romance, Fantasy, Family",105000000,270997378,3.7436483807712237,7.215,7.871956884193949,7.215
1124620,The Monkey,2025,"Horror, Comedy",10000000,68871071,3.742045448473741,5.999,20.23904006628153,5.999
114,Pretty Woman,1990,"Romance, Comedy",14000000,463406268,3.7344582355989893,7.454,22.69875742642279,7.454
436270,Black Adam,2022,"Action, Adventure, Science Fiction",200000000,393452111,3.7319469749995995,6.82,24.119544642619108,6.82
1241436,Warfare,2025,"War, Action",20000000,33649631,3.7313058020806062,7.1,15.103862252546568,7.1
527774,Raya and the Last Dragon,2021,"Animation, Family, Fantasy, Action, Adventure",100000000,130423032,3.730504335931865,7.802,12.53073621305246,7.802
9390,Jerry Maguire,1996,"Comedy, Drama, Romance",50000000,273600000,3.727298471336899,6.974,41.649286222588636,6.974
10065,The Amityville Horror,2005,Horror,19000000,107516369,3.723772020282437,6.1,16.94977820707646,6.1
566525,Shang-Chi and the Legend of the Ten Rings,2021,"Action, Adventure, Fantasy",150000000,432243292,3.72248967444445,7.496,19.525365194404625,7.496
119450,Dawn of the Planet of the Apes,2014,"Science Fiction, Action, Drama, Thriller",170000000,710644566,3.7160779452545194,7.336,13.069888867697394,7.336
343668,Kingsman: The Golden Circle,2017,"Action, Adventure, Comedy, Crime",104000000,410902662,3.714314719727288,6.949,28.225020866786842,6.949
787699,Wonka,2023,"Comedy, Family, Fantasy",125000000,634502312,3.71164316589815,7.04,36.10313012056594,7.04
954,Mission: Impossible,1996,"Adventure, Action, Thriller",80000000,457696391,3.7086510256095147,7.019,40.00168164768662,7.019
1034541,Terrifier 3,2024,"Horror, Thriller",2000000,90322103,3.702933900415159,6.796,9.607745423149728,6.796
370172,No Time to Die,2021,"Action, Thriller, Adventure",250000000,774153024,3.698285396752459,7.348,30.36563532444521,7.348
57800,Ice Age: Continental Drift,2012,"Animation, Comedy, Adventure, Family",95000000,877244782,3.6972702062973863,6.382,17.312152775641543,6.382
353081,Mission: Impossible - Fallout,2018,"Action, Adventure",178000000,791658205,3.692568271558104,7.447,50.2802404346034,7.447
68724,Elysium,2013,"Science Fiction, Action, Drama, Thriller",115000000,286140700,3.687599181435907,6.514,27.961904527528773,6.514
508943,Luca,2021,"Animation, Comedy, Fantasy, Family, Drama",200000000,51074773,3.6845001789941065,7.786,8.404957169253738,7.786
214756,Ted 2,2015,"Comedy, Fantasy",68000000,215863606,3.6833781263858683,6.315,35.96531704185868,6.315
637920,Miracle in Cell No. 7,2019,Drama,0,28000000,3.6828438156200414,8.252,4.0384153956896505,8.252
718930,Bullet Train,2022,"Action, Comedy, Thriller",90000000,239300000,3.6788364848763333,7.414,46.5496485971572,7.414
337339,The Fate of the Furious,2017,"Action, Crime, Thriller",250000000,1236000000,3.6773404147320172,6.857,84.94453638818993,6.857
1091,The Thing,1982,"Horror, Mystery, Science Fiction",15000000,19629760,3.6712492720015826,8.067,21.272843235572182,8.067
1064028,Subservience,2024,"Science Fiction, Horror, Thriller",4400000,262793,3.661257660680605,6.63,31.924850856307312,6.63
748783,The Garfield Movie,2024,"Family, Comedy, Adventure, Animation",60000000,254907482,3.6577312096261423,7.009,32.56674808302418,7.009
10144,The Little Mermaid,1989,"Animation, Family, Fantasy",40000000,211343479,3.655754259792581,7.351,4.6624707506095975,7.351
8355,Ice Age: Dawn of the Dinosaurs,2009,"Animation, Comedy, Family, Adventure",90000000,886686817,3.648273909070994,6.761,17.312152775641543,6.761
377,A Nightmare on Elm Street,1984,Horror,1800000,57004513,3.6462969592374312,7.341,6.423484004864474,7.341
63,Twelve Monkeys,1995,"Science Fiction, Thriller, Mystery",29000000,168841459,3.643144525719049,7.601,37.17425766533981,7.601
1891,The Empire Strikes Back,1980,"Adventure, Action, Science Fiction",18000000,538400000,3.6428239392595527,8.391,24.72862923154853,8.391
95,Armageddon,1998,"Action, Thriller, Science Fiction, Adventure",140000000,553799566,3.6418087488044795,6.829,30.376299431726135,6.829
38575,The Karate Kid,2010,"Action, Adventure, Drama, Family",40000000,359126022,3.6414347312684003,6.565,60.456259728434425,6.565
37799,The Social Network,2010,Drama,40000000,224920315,3.640633265119659,7.37,17.652173734713926,7.37
920,Cars,2006,"Animation, Adventure, Comedy, Family",120000000,461983149,3.640045523277249,7.022,17.003508901453397,7.022
14574,The Boy in the Striped Pyjamas,2008,"Drama, War, History",12500000,20416563,3.6371068140651968,7.817,18.87157338648981,7.817
581,Dances with Wolves,1990,"Adventure, Drama, Western",22000000,424208848,3.6309088091815966,7.831,29.636989686577785,7.831
705996,Decision to Leave,2022,"Thriller, Mystery, Romance",0,16914773,3.6306950848752657,7.323,7.759983757744298,7.323
577922,Tenet,2020,"Action, Thriller, Science Fiction",205000000,365304105,3.6149329172833506,7.174,19.269836777634907,7.174
1734,The Mummy Returns,2001,"Adventure, Action, Fantasy",98000000,443280904,3.6146657619004365,6.393,21.6155302214648,6.393
676,Pearl Harbor,2001,"War, Romance, History, Action",140000000,449220945,3.6119407769947163,6.937,30.14168907154591,6.937
550988,Free Guy,2021,"Comedy, Adventure, Science Fiction",110000000,331526598,3.609162361012412,7.456,18.20281081258447,7.456
1035048,Elevation,2024,"Action, Science Fiction, Thriller",18000000,3300000,3.593774210956576,6.427,27.26668676440731,6.427
293167,Kong: Skull Island,2017,"Action, Adventure, Fantasy",185000000,566652812,3.5915835368166835,6.6,26.00873226323118,6.6
420817,Aladdin,2019,"Adventure, Fantasy, Romance, Family",183000000,1054304000,3.583087995640024,7.087,20.59034036959335,7.087
938,For a Few Dollars More,1965,Western,600000,15000000,3.5761419556842653,8.016,16.25681631280288,8.016
39106,Dragon Ball Z: Bio-Broly,1994,"Animation, Action, Science Fiction",0,17121947,3.5719209006342276,5.8,9.371494431080132,5.8
51876,Limitless,2011,"Thriller, Mystery, Science Fiction",27000000,161900000,3.5662572065164544,7.194,27.092984863120034,7.194
381284,Hidden Figures,2016,"Drama, History",25000000,235957472,3.5626238933088263,8.046,19.566586070625107,8.046
1242011,Together,2025,"Horror, Romance",17000000,34573161,3.5608606677815957,6.988,15.358980511343947,6.988
1724,The Incredible Hulk,2008,"Science Fiction, Action, Adventure",150000000,264770996,3.5516705226093603,6.232,18.528681321611025,6.232
299054,Expend4bles,2023,"Action, Adventure, Thriller",100000000,37917985,3.5477166229422354,6.079,71.77744008104722,6.079
268,Batman,1989,"Fantasy, Action, Crime",35000000,411348924,3.54760976078907,7.23,20.669911016227903,7.23
72105,Ted,2012,"Comedy, Fantasy",50000000,549368315,3.5418392045181326,6.448,38.374790050387915,6.448
246655,X-Men: Apocalypse,2016,"Action, Adventure, Science Fiction, Fantasy",178000000,543934787,3.5351603199452866,6.5,25.23291845854431,6.5
114150,Pitch Perfect,2012,"Comedy, Music, Romance",17000000,115647426,3.522710879101503,7.275,21.247003283314573,7.275
77,Memento,2000,"Mystery, Thriller",9000000,40060108,3.5142687690014265,8.176,13.890820049342006,8.176
1087891,The Amateur,2025,"Thriller, Action",60000000,96000836,3.5090859545728983,6.954,14.52266840573647,6.954
257211,The Intern,2015,Comedy,35000000,194564672,3.5006438444728225,7.228,41.92552761696168,7.228
1022796,Wish,2023,"Animation, Family, Fantasy, Adventure",175000000,254997360,3.5001095337069943,6.225,13.63467639561377,6.225
19913,(500) Days of Summer,2009,"Comedy, Drama, Romance",7500000,60781545,3.499895809400664,7.298,16.07921791077834,7.298
235,Stand by Me,1986,"Crime, Drama",8000000,52300000,3.494392408512639,7.843,15.34749608811834,7.843
661374,Glass Onion: A Knives Out Mystery,2022,"Comedy, Crime, Mystery",40000000,15000000,3.487713523939794,7.034,24.285248463445697,7.034
1585,It's a Wonderful Life,1946,"Drama, Family, Fantasy",3180000,9644124,3.4872860753271318,8.277,9.00809446758419,8.277
110415,Snowpiercer,2013,"Action, Science Fiction, Drama",39200000,86758912,3.483813055349252,6.908,22.834314636282166,6.908
7555,Rambo,2008,"Action, Thriller, War",50000000,113200000,3.4835458999663387,6.691,25.38918864600701,6.691
4257,Scary Movie 4,2006,Comedy,40000000,178710620,3.482370416281518,5.487,22.93726428734027,5.487
315837,Ghost in the Shell,2017,"Science Fiction, Drama, Action",110000000,169801921,3.4738748751048583,6.106,36.68104270359729,6.106
65,8 Mile,2002,"Drama, Music",41000000,242875078,3.4721116495776276,7.14,14.473449449055305,7.14
59967,Looper,2012,"Action, Thriller, Science Fiction",30000000,47042000,3.469440095748489,6.901,30.564151783059252,6.901
75612,Oblivion,2013,"Action, Science Fiction, Adventure, Mystery",120000000,286168572,3.4693866646719065,6.668,55.226540502074386,6.668
464052,Wonder Woman 1984,2020,"Action, Adventure, Fantasy",200000000,169601036,3.4689592160592446,6.374,24.772105976616896,6.374
660,Thunderball,1965,"Adventure, Action, Thriller",9000000,141200000,3.4688523539060796,6.672,12.65050234097663,6.672
755,From Dusk Till Dawn,1996,"Horror, Action, Thriller, Crime",19000000,25800000,3.4674097148383445,7.037,30.007567414589737,7.037
1700,Misery,1990,"Drama, Thriller",20000000,61300000,3.455494584760389,7.745,16.961672788274402,7.745
299537,Captain Marvel,2019,"Action, Adventure, Science Fiction",152000000,1131416446,3.455173998300892,6.786,22.48362956992886,6.786
43074,Ghostbusters,2016,"Action, Fantasy, Comedy",144000000,229147509,3.4520215647825085,5.344,21.086016279169925,5.344
619979,Deep Water,2022,"Drama, Mystery, Thriller",49000000,0,3.451914702629343,5.82,35.509426455599375,5.82
329,Jurassic Park,1993,"Adventure, Science Fiction",63000000,920100000,3.449510304183119,7.966,21.994926345882117,7.966
333484,The Magnificent Seven,2016,"Adventure, Action, Western",90000000,162400000,3.4416025048488708,6.48,31.612925718340417,6.48
889737,Joker: Folie à Deux,2024,"Drama, Crime, Thriller",190000000,207500287,3.4411750562362085,5.396,18.283201775163707,5.396
1018,Mulholland Drive,2001,"Thriller, Drama, Mystery",15000000,20289986,3.440159865781136,7.801,14.919701322964544,7.801
10764,Quantum of Solace,2008,"Adventure, Action, Thriller, Crime",200000000,589593688,3.4394652617855597,6.334,23.939690371746682,6.334
287947,Shazam!,2019,"Action, Comedy, Fantasy",80000000,367799011,3.4253594575677107,7.0,13.18739912677368,7.0
425909,Ghostbusters: Afterlife,2021,"Fantasy, Comedy, Adventure",75000000,204445747,3.4175050893100454,7.327,42.023145214379326,7.327
8467,Dumb and Dumber,1994,Comedy,16000000,247275374,3.4174516582334613,6.646,65.66321518732941,6.646
281338,War for the Planet of the Apes,2017,"Drama, Science Fiction, War",150000000,490719763,3.4169173474676344,7.216,17.958766819040356,7.216
20526,TRON: Legacy,2010,"Adventure, Action, Science Fiction",170000000,409912892,3.4163296056252244,6.5,17.59065003886247,6.5
206647,Spectre,2015,"Action, Adventure, Thriller",245000000,880707597,3.41355118964292,6.568,28.806829950555464,6.568
615656,Meg 2: The Trench,2023,"Action, Science Fiction, Horror",129000000,398500317,3.412856585647344,6.384,67.6258210849909,6.384
161,Ocean's Eleven,2001,"Thriller, Crime",85000000,450717150,3.4121085505751854,7.455,43.846092322458,7.455
710,GoldenEye,1995,"Adventure, Action, Thriller",60000000,352194034,3.410612480430869,6.898,19.71670388850266,6.898
27,9 Songs,2004,"Drama, Music, Romance",1000000,1574623,3.4089026859802196,5.533,4.467440634760479,5.533
675353,Sonic the Hedgehog 2,2022,"Action, Adventure, Family, Comedy",110000000,405421518,3.4084218062909746,7.44,17.763531624205065,7.44
5879,In the Realm of the Senses,1976,"Drama, Romance",0,7650000,3.4058571146150025,6.577,6.193795540352367,6.577
9470,Kung Fu Hustle,2004,"Action, Comedy, Crime, Fantasy",20000000,102034104,3.4033992850921955,7.482,12.802260790743555,7.482
624860,The Matrix Resurrections,2021,"Science Fiction, Action, Adventure",190000000,156497322,3.4022238014073745,6.344,27.4561797476298,6.344
91314,Transformers: Age of Extinction,2014,"Science Fiction, Action, Adventure",210000000,1104054072,3.4022238014073745,5.956,26.458880637877684,5.956
196867,Annie,2014,"Comedy, Drama, Family",65000000,136853506,3.400407144803561,6.238,18.51678674041307,6.238
194662,Birdman or (The Unexpected Virtue of Ignorance),2014,"Drama, Comedy",18000000,103215094,3.3921253279332326,7.4,29.260874825939215,7.4
11544,Lilo & Stitch,2002,"Animation, Family, Comedy",80000000,273144151,3.3918047414737353,7.562,10.401606178619698,7.562
399579,Alita: Battle Angel,2019,"Action, Science Fiction, Adventure",170000000,405000000,3.384164097522401,7.244,24.273764040220094,7.244
510,One Flew Over the Cuckoo's Nest,1975,Drama,3000000,108981275,3.3832023381439114,8.412,14.894271528679273,8.412
265208,Wild Card,2015,"Thriller, Crime, Action",30000000,6738764,3.3825611652249186,5.694,60.75403441635547,5.694
10607,Don't Be a Menace to South Central While Drinking Your Juice in the Hood,1996,"Comedy, Crime",3800000,20100000,3.380049904625529,7.017,16.26255852441568,7.017
331482,Little Women,2019,"Drama, Romance, History",40000000,332103783,3.379729318166032,7.857,34.72951107118907,7.857
101299,The Hunger Games: Catching Fire,2013,"Adventure, Action, Science Fiction",130000000,865011746,3.3727298471336904,7.429,22.895223095175112,7.429
1885,The Karate Kid,1984,"Action, Adventure, Drama, Family",8000000,91138075,3.364554892416528,7.214,12.53770889858229,7.214
61791,Rise of the Planet of the Apes,2011,"Thriller, Action, Drama, Science Fiction",93000000,481800873,3.3585171807626755,7.339,18.307606174518117,7.339
1927,Hulk,2003,"Science Fiction, Adventure, Action",137000000,245360480,3.349807915279685,5.578,26.451702873361675,5.578
268896,Pacific Rim: Uprising,2018,"Action, Fantasy, Science Fiction, Adventure",150000000,290061297,3.3492736045138574,6.125,15.941404832071077,6.125
1000837,I'm Still Here,2024,"Drama, History",8000000,36361572,3.3480446897524536,7.894,11.424130003670916,7.894
260346,Taken 3,2014,"Thriller, Action",48000000,325800000,3.347243223603712,6.26,25.121765648039347,6.26
9739,Demolition Man,1993,"Crime, Action, Science Fiction",57000000,159055768,3.3346869206067637,6.753,38.242514104307276,6.753
44251,Dragon Ball Z: Broly - Second Coming,1994,"Animation, Action, Science Fiction",0,21916093,3.328221760340249,6.8,11.863819350022665,6.8
61012,Silent Hill: Revelation 3D,2012,"Thriller, Horror, Mystery",20000000,55975672,3.327366863114925,5.547,13.160328700599038,5.547
181808,Star Wars: The Last Jedi,2017,"Adventure, Action, Science Fiction",300000000,1332698830,3.3265653969661835,6.8,15.912898852993232,6.8
9769,Lolita,1997,"Drama, Romance",62000000,1100000,3.324588447132621,7.1,18.872188623448324,7.1
9757,Norbit,2007,Comedy,10000000,159814490,3.3187644597851,5.672,24.640650346480953,5.672
337401,Mulan,2020,"Adventure, Fantasy, Action",200000000,69965374,3.310375780761606,6.835,17.050061831314334,6.835
1949,Zodiac,2007,"Crime, Mystery, Thriller",65000000,84785914,3.308291968774878,7.527,28.164317486880076,7.527
9543,Prince of Persia: The Sands of Time,2010,"Adventure, Fantasy, Action",200000000,336365676,3.306795898630562,6.295,28.74899767645509,6.295
879,Hook,1991,"Adventure, Fantasy, Comedy, Family",70000000,300854823,3.305727277098906,6.837,24.882438471177174,6.837
398818,Call Me by Your Name,2017,"Romance, Drama",3500000,43143046,3.3048723798735824,8.095,35.658518878546076,8.095
594,The Terminal,2004,"Comedy, Drama",60000000,219417255,3.3040174826482582,7.35,41.612987242036276,7.35
1562,28 Weeks Later,2007,"Horror, Thriller, Science Fiction",15000000,72304846,3.3036434651121787,6.605,19.378323561319647,6.605
426063,Nosferatu,2024,"Horror, Fantasy",50000000,181764515,3.303162585422934,6.7,29.04328602161123,6.7
785084,The Whale,2022,Drama,3000000,55101305,3.298941530372895,7.778,31.96299554773521,7.778
412117,The Secret Life of Pets 2,2019,"Family, Comedy, Adventure, Animation",80000000,429434163,3.297979770994406,6.951,18.46531191488402,6.951
415,Batman & Robin,1997,"Action, Science Fiction, Adventure",125000000,238207122,3.2875072799841845,4.386,25.47880816296397,4.386
545609,Extraction,2020,"Action, Thriller",65000000,0,3.2807215332581743,7.297,15.549088731524948,7.297
637,Life Is Beautiful,1997,"Comedy, Drama",20000000,230098753,3.2786911523480287,8.44,6.215533912886549,8.44
763215,Damsel,2024,"Fantasy, Action, Adventure",60000000,5000,3.272600009617594,6.989,31.001790339549277,6.989
64690,Drive,2011,"Drama, Thriller, Crime",15000000,78100000,3.270302473324535,7.6,39.512158107695186,7.6
9928,Robots,2005,"Animation, Comedy, Family, Science Fiction",75000000,262511490,3.2695010071757937,6.48,23.242831976735843,6.48
1226578,Longlegs,2024,"Crime, Horror, Mystery",10000000,127961936,3.2602574309269756,6.535,24.073401870730514,6.535
484641,Anna,2019,"Action, Adventure, Thriller",34000000,31626978,3.259883413390896,6.713,21.75970074874338,6.713
1125257,Freakier Friday,2025,"Comedy, Fantasy, Family, Romance",42000000,153176952,3.254647167885786,6.859,22.19569867334404,6.859
33,Unforgiven,1992,Western,14400000,159157447,3.2528305112819718,7.904,30.110311986661664,7.904
36647,Blade,1998,"Horror, Action",45000000,131183530,3.2517084586737335,6.821,12.514534973144908,6.821
514847,The Hunt,2020,"Action, Thriller, Horror",14000000,10550350,3.236854619383726,6.635,10.780797224050845,6.635
1138194,Heretic,2024,"Thriller, Horror",10000000,51913394,3.2334884615590123,6.974,13.154381410000063,6.974
580489,Venom: Let There Be Carnage,2021,"Science Fiction, Action, Adventure",110000000,506863592,3.2317786671083635,6.752,39.451864885760756,6.752
1572,Die Hard: With a Vengeance,1995,"Action, Thriller",90000000,366101666,3.2311909252659534,7.3,29.029750808523907,7.3
1538,Collateral,2004,"Drama, Crime, Thriller",65000000,220239925,3.2309237698830393,7.24,43.08155786201056,7.24
1084736,The Count of Monte Cristo,2024,"Adventure, Action, Drama",46000000,75360860,3.2269698702159157,7.924,7.160742960151103,7.924
8835,Legally Blonde,2001,Comedy,18000000,141778365,3.2248326271526047,6.806,15.495358037148007,6.806
843527,The Idea of You,2024,"Romance, Drama, Comedy",0,36178,3.2176194318139317,7.318,37.7468381947307,7.318
126889,Alien: Covenant,2017,"Horror, Science Fiction",97000000,240891763,3.2125969106151517,6.17,14.725081365087767,6.17
796,Cruel Intentions,1999,"Drama, Romance",10500000,76347426,3.2093376149436033,6.797,21.523654835659954,6.797
122906,About Time,2013,"Drama, Romance, Fantasy",12000000,87100449,3.2089635974075237,7.906,19.497884610257646,7.906
198184,Chappie,2015,"Crime, Action, Science Fiction",49000000,104399548,3.201483246685938,6.787,18.87054799155895,6.787
616037,Thor: Love and Thunder,2022,"Fantasy, Action, Comedy",250000000,760928081,3.200574918384031,6.377,30.80101801208736,6.377
438148,Minions: The Rise of Gru,2022,"Family, Comedy, Adventure, Animation, Science Fiction, Fantasy",85000000,940203765,3.199613159005541,7.276,15.980985076402177,7.276
9539,Martyrs,2008,"Horror, Drama, Thriller",6500000,1100000,3.1951783796491724,7.304,4.023854787671472,7.304
792307,Poor Things,2023,"Science Fiction, Romance, Comedy",35000000,117607117,3.194323482423848,7.654,35.86421310167612,7.654
635302,Demon Slayer -Kimetsu no Yaiba- The Movie: Mugen Train,2020,"Animation, Action, Fantasy",15700000,523542183,3.1930411365858604,8.2,14.746409579649603,8.2
55721,Bridesmaids,2011,"Comedy, Romance",32500000,288383523,3.1894612544548164,6.506,22.499215572877898,6.506
495764,Birds of Prey (and the Fantabulous Emancipation of One Harley Quinn),2020,"Action, Crime",75000000,205537933,3.1802176782059988,6.9,27.826552396655575,6.9
9340,The Goonies,1985,"Adventure, Comedy, Family",19000000,69649283,3.1780270040661045,7.512,23.767218944376435,7.512
810693,Jujutsu Kaisen 0,2021,"Animation, Action, Fantasy",0,195870885,3.173271638250239,8.115,17.608491910659392,8.115
9339,Click,2006,"Comedy, Drama, Fantasy",82500000,240685326,3.173271638250239,6.301,29.59515357339879,6.301
438695,Sing 2,2021,"Family, Comedy, Music, Animation",85000000,408402685,3.1719892924122535,7.834,45.63233029201197,7.834
563,Starship Troopers,1997,"Adventure, Action, Thriller, Science Fiction",105000000,121214377,3.1681422548982936,7.094,12.062335808636698,7.094
228967,The Interview,2014,"Action, Comedy",44000000,12342632,3.1642417863077523,6.191,27.42767376855196,6.191
724495,The Woman King,2022,"Action, Drama, History, War",50000000,97300000,3.16418835523117,7.623,14.687346831632206,7.623
819,Sleepers,1996,"Crime, Drama, Thriller",44000000,165600000,3.1623182675507735,7.603,31.311664687654456,7.603
1369,Rambo: First Blood Part II,1985,"Action, Adventure, Thriller, War",44000000,300400432,3.160768766329873,6.657,21.414347736030532,6.657
1136867,Materialists,2025,"Romance, Drama",20000000,106436908,3.159432989415304,6.4,46.23403203743922,6.4
140300,Kung Fu Panda 3,2016,"Animation, Action, Adventure, Comedy, Family",145000000,521170825,3.1573491774285762,6.921,34.63148331579908,6.921
10867,Malena,2000,Drama,0,14493284,3.1566545734330003,7.426,24.877106417536716,7.426
19908,Zombieland,2009,"Comedy, Horror",23600000,102391540,3.1566011423564175,7.26,32.84873168901003,7.26
462,Erin Brockovich,2000,Drama,52000000,256271286,3.1485864808690027,7.438,20.212995035037746,7.438
249397,Nymphomaniac: Vol. II,2013,"Drama, Mystery",2350000,4934725,3.1465560999588584,6.708,13.55100416925579,6.708
11423,Memories of Murder,2003,"Crime, Drama, Thriller",2800000,26000000,3.142815924598065,8.056,6.99196295453194,8.056
9738,Fantastic Four,2005,"Action, Fantasy, Science Fiction",100000000,333535934,3.129191000069461,5.804,32.910460463847656,5.804
695721,The Hunger Games: The Ballad of Songbirds & Snakes,2023,"Science Fiction, Action",100000000,337371917,3.1234738748751054,6.99,18.03731207074405,6.99
427641,Rampage,2018,"Action, Adventure, Science Fiction",120000000,428028233,3.1227792708795294,6.448,21.724222084135707,6.448
49047,Gravity,2013,"Science Fiction, Thriller, Drama",105000000,723192705,3.121176338582046,7.168,33.41249382199554,7.168
9902,Wrong Turn,2003,"Horror, Thriller",12600000,28650575,3.119306250901649,6.381,15.54498715180152,6.381
449443,Den of Thieves,2018,"Crime, Thriller, Action",30000000,80509622,3.11369598786046,6.855,21.444904504970093,6.855
18239,The Twilight Saga: New Moon,2009,"Adventure, Fantasy, Drama, Romance",50000000,709827462,3.108192586972435,5.991,25.452763131720186,5.991
22894,Legion,2010,"Action, Fantasy, Horror",26000000,67918658,3.107177396517363,5.895,18.05905044327823,5.895
530915,1917,2019,"War, History, Drama, Action, Adventure",100000000,446064352,3.102422030701497,7.986,10.38458462276746,7.986
73723,The Lorax,2012,"Animation, Family",70000000,349305397,3.0956897150520684,6.5,20.23534864453044,6.5
346,Seven Samurai,1954,"Action, Drama",2000000,105000000,3.0922166950741894,8.451,7.1104986085390784,8.451
378064,A Silent Voice: The Movie,2016,"Animation, Drama, Romance",0,30819442,3.089865727704548,8.383,16.738546851319786,8.383
537915,After,2019,"Romance, Drama",14000000,69497587,3.0835074295911986,7.11,13.808378296901056,7.11
10591,The Girl Next Door,2004,"Comedy, Romance",21000000,31635150,3.0819044972937157,6.735,19.27004185662108,6.735
13183,Watchmen,2009,"Mystery, Action, Science Fiction",130000000,185258983,3.0773094247075985,7.349,16.252714733079447,7.349
359724,Ford v Ferrari,2019,"Drama, Action, History",97600000,225508210,3.0767216828651884,8.005,34.94689479653089,8.005
64682,The Great Gatsby,2013,"Drama, Romance",105000000,351040419,3.0677452619992844,7.4,39.060574180145494,7.4
9880,The Princess Diaries,2001,"Comedy, Family, Romance",37000000,165335153,3.06726438231004,6.963,30.390449881771968,6.963
141,Donnie Darko,2001,"Fantasy, Drama, Mystery",4500000,7500000,3.0633639137194977,7.762,23.819309006863996,7.762
1593,Night at the Museum,2006,"Action, Adventure, Comedy, Family, Fantasy",110000000,574480841,3.0613869638859352,6.6,16.683585683025818,6.6
336843,Maze Runner: The Death Cure,2018,"Science Fiction, Action, Adventure, Thriller",62000000,288175335,3.060852653120108,7.085,23.262519559408307,7.085
5876,The Mist,2007,"Horror, Science Fiction, Thriller",18000000,57470220,3.05721933991248,6.939,12.712846352772772,6.939
7443,Chicken Run,2000,"Animation, Comedy, Family",45000000,224834564,3.0568987534529835,6.834,20.049342004072873,6.834
9426,The Fly,1986,"Horror, Science Fiction",15000000,60629159,3.0560438562276593,7.427,16.915119858413473,7.427
23823,Wrong Turn 3: Left for Dead,2009,"Horror, Thriller",3000000,0,3.0481360568934113,5.694,5.671254283587325,5.694
1771,Captain America: The First Avenger,2011,"Action, Adventure, Science Fiction",140000000,370569774,3.047120866438338,7.004,24.312523968606513,7.004
194,Amélie,2001,"Comedy, Romance",10000000,173921954,3.0470140042851726,7.916,9.556065518634503,7.916
1020006,Priscilla,2023,"Drama, Romance",20000000,30140906,3.046265969213014,6.74,34.76232370897652,6.74
15196,Clue,1985,"Comedy, Thriller, Crime, Mystery",15000000,14647963,3.045090485528193,7.212,10.902409062850559,7.212
136418,Hummingbird,2013,"Action, Thriller",20000000,8352885,3.0359003403559583,6.178,57.36428385392636,6.178
324544,In the Lost Lands,2025,"Action, Fantasy, Western",55000000,4755330,3.034831718824303,6.371,25.138377045919242,6.371
359410,Road House,2024,"Action, Thriller",85000000,0,3.03477828774772,6.931,20.183463661029048,6.931
345940,The Meg,2018,"Action, Science Fiction, Horror",150000000,530517320,3.0334425108331504,6.249,65.02008748669552,6.249
851644,20th Century Girl,2022,"Romance, Drama",119,0,3.032534182531244,8.1,10.927428699163483,8.1
335787,Uncharted,2022,"Action, Adventure",120000000,407141258,3.0318395785356684,6.874,32.90758935804125,6.874
776503,CODA,2021,"Drama, Music, Romance",10000000,1905058,3.0315724231527543,7.898,11.592294772331565,7.898
181533,Night at the Museum: Secret of the Tomb,2014,"Adventure, Comedy, Fantasy, Family",127000000,363204635,3.029061162553365,6.223,20.70723539171112,6.223
10999,Commando,1985,"Action, Adventure, Thriller",10000000,57500000,3.0282596964046236,6.7,20.648377722679893,6.7
604685,Den of Thieves 2: Pantera,2025,"Action, Crime, Thriller",40000000,58371508,3.027565092409047,6.596,17.7438440415326,6.596
107,Snatch,2000,"Crime, Comedy",100000000,83557872,3.024198934584333,7.816,64.65996878697831,7.816
770,Gone with the Wind,1939,"Drama, War, Romance",4000000,402352579,3.022542571210268,7.917,8.474068787593545,7.917
11836,The SpongeBob SquarePants Movie,2004,"Family, Comedy, Adventure, Animation, Fantasy",30000000,141067890,3.0212602253722816,7.073,17.28282648061901,7.073
374720,Dunkirk,2017,"War, Action, Drama",150000000,527000000,3.0188558269260573,7.449,26.290715869217035,7.449
2493,The Princess Bride,1987,"Adventure, Family, Fantasy",16000000,30900000,3.0157568244842565,7.7,15.322681530791588,7.7
399566,Godzilla vs. Kong,2021,"Action, Science Fiction, Adventure",200000000,470116094,3.013085270655118,7.5,15.712946841475993,7.5
98566,Teenage Mutant Ninja Turtles,2014,"Science Fiction, Action, Adventure, Comedy",125000000,485004754,3.01271125311904,5.925,17.019299983388603,5.925
7512,Idiocracy,2006,"Comedy, Science Fiction, Adventure",30000000,495303,3.003093659334142,6.366,10.164124712633072,6.366
497582,Enola Holmes,2020,"Adventure, Mystery, Crime",21000000,0,3.001918175649321,7.235,47.94008412340013,7.235
753342,Napoleon,2023,"History, War, Romance",165000000,222435664,3.0011167095005797,6.306,19.616420264264786,6.306
335977,Indiana Jones and the Dial of Destiny,2023,"Adventure, Action",294700000,383963057,2.987224629589062,6.514,29.22580631930388,6.514
597208,Nightmare Alley,2021,"Crime, Drama, Thriller",60000000,39629195,2.9832172988453545,6.959,19.53787501256109,6.959
520763,A Quiet Place Part II,2021,"Science Fiction, Thriller, Horror",55000000,297372261,2.982308970543448,7.44,25.697422362222817,7.44
698508,Redeeming Love,2022,"Romance, Drama, Western",30000000,9464198,2.980919762552295,7.855,23.178847333050328,7.855
9637,Scooby-Doo,2002,"Mystery, Adventure, Comedy",84000000,275650703,2.9808663314757124,6.1,22.338843805691763,6.1
1892,Return of the Jedi,1983,"Adventure, Action, Science Fiction",32350000,572700000,2.9775536047275817,7.904,24.72862923154853,7.904
951491,Saw X,2023,"Horror, Mystery",13000000,125319714,2.9752560684345233,7.179,11.01684313713427,7.179
50014,The Help,2011,Drama,25000000,216600000,2.9738134293667886,8.201,44.65779494972489,8.201
9312,Mortal Kombat,1995,"Action, Fantasy",18000000,122195920,2.9702335472357433,5.875,7.703792115533299,5.875
1083862,Resident Evil: Death Island,2023,"Action, Animation, Science Fiction, Horror",0,53929,2.9629669208204876,7.294,6.955048737021065,7.294
424783,Bumblebee,2018,"Action, Adventure, Science Fiction",135000000,467989645,2.958692434693867,6.7,28.667786397931167,6.7
22803,Law Abiding Citizen,2009,"Drama, Crime, Thriller",53000000,127900000,2.9583718482343704,7.389,24.53995656427073,7.389
1417,Pan's Labyrinth,2006,"Fantasy, Drama, War",19000000,83258226,2.956768915936887,7.757,11.078161753999554,7.757
318846,The Big Short,2015,"Comedy, Drama",28000000,133346506,2.955593432252066,7.359,35.77315803181596,7.359
4327,Charlie's Angels,2000,"Action, Comedy, Adventure",92000000,264105545,2.954898828256491,5.853,24.989284622972544,5.853
75,Mars Attacks!,1996,"Comedy, Fantasy, Science Fiction",70000000,101371017,2.9548453971799074,6.414,19.519212824819483,6.414
50620,The Twilight Saga: Breaking Dawn - Part 2,2012,"Adventure, Fantasy, Drama, Romance",120000000,829747654,2.954524810720412,6.5,25.452763131720186,6.5
353486,Jumanji: Welcome to the Jungle,2017,"Adventure, Comedy, Fantasy, Action",90000000,995339117,2.9503571867469556,6.817,36.09759298793931,6.817
49040,The Bourne Legacy,2012,"Action, Thriller",130000000,276600000,2.944907216935514,6.24,22.580221772415648,6.24
335797,Sing,2016,"Family, Comedy, Music, Animation",75000000,634151679,2.9410601794215556,7.122,23.01273335425139,7.122
9348,Species,1995,"Science Fiction, Horror, Action",35000000,113400000,2.327885144557778,5.973,14.764251451446528,5.973
56292,Mission: Impossible - Ghost Protocol,2011,"Action, Thriller, Adventure",145000000,694713380,2.707352650448554,7.1,41.616063426828845,7.1
9383,Hollow Man,2000,"Action, Science Fiction, Thriller",95000000,190213455,1.995116399600336,5.956,26.621508273911704,5.956
11596,New Nightmare,1994,"Horror, Mystery, Fantasy",8000000,19721741,1.8354109116944597,6.463,7.975316693224396,6.463
447404,Pokémon Detective Pikachu,2019,"Action, Adventure, Fantasy",150000000,449762638,2.836068113936428,6.907,20.492927851161877,6.907
207932,Inferno,2016,"Mystery, Thriller, Action",75000000,220021259,2.3918955743039265,6.087,35.17760865597385,6.087
188166,Blue Ruin,2014,"Crime, Thriller",420000,993313,1.2424862548555495,6.792,7.412169797197392,6.792
345887,The Equalizer 2,2018,"Action, Thriller, Crime",62000000,190400157,2.8676993112734226,6.781,38.744957620427506,6.781
628,Interview with the Vampire,1994,"Horror, Drama, Fantasy",60000000,223664608,2.4383806109309307,7.385,63.42477805326722,7.385
177677,Mission: Impossible - Rogue Nation,2015,"Action, Adventure",150000000,682716636,2.934060708389213,7.2,43.86639514208898,7.2
2251,Unfaithful,2002,"Thriller, Drama, Romance",50000000,119137784,2.8962315061686184,6.7,22.324693355645927,6.7
75174,The Grey,2012,"Action, Adventure, Drama, Thriller",25000000,79781695,2.892117313271745,6.568,25.55735341466766,6.568
556678,Emma.,2020,"Comedy, Romance",10000000,25200000,2.8918501578888316,7.009,26.00975765816204,7.009
508883,The Boy and the Heron,2023,"Animation, Adventure, Fantasy, Drama, Family",50000000,294200000,2.8893923283660246,7.403,17.867096512221682,7.403
254,King Kong,2005,"Adventure, Drama, Action",207000000,562363449,2.8842095139374964,6.9,29.38002571690487,6.9
11969,Tombstone,1993,"Western, Action",25000000,73205065,2.8833546167121726,7.577,21.30565587335963,7.577
9741,Unbreakable,2000,"Thriller, Drama, Mystery",75000000,248118121,2.8816982533381066,7.142,25.897579452726223,7.142
341174,Fifty Shades Darker,2017,"Drama, Romance",55000000,381545846,2.881217373648862,6.474,16.078807752805997,6.474
937287,Challengers,2024,"Drama, Romance",55000000,94182533,2.8788664062792204,6.9,30.10785103882761,6.9
629542,The Bad Guys,2022,"Family, Comedy, Crime, Adventure, Animation, Action",80000000,250162278,2.8758208349140024,7.529,14.749895922414519,7.529
109418,Grown Ups 2,2013,Comedy,80000000,247022278,2.8671115694310125,6.143,21.17830182294711,6.143
974576,Conclave,2024,"Drama, Thriller",20000000,115657988,2.866042947899357,7.191,26.2909209482032,7.191
1452,Superman Returns,2006,"Science Fiction, Action, Adventure",223000000,391081192,2.8630508076107226,5.796,12.71653777452386,5.796
225886,Sex Tape,2014,Comedy,40000000,126069509,2.861501306389822,5.409,14.521232852833268,5.409
659,The Tin Drum,1979,"Drama, History, War",3000000,17000000,2.859203770096764,6.948,6.365241572791762,6.948
453405,Gemini Man,2019,"Science Fiction, Action, Adventure, Thriller",140000000,173469516,2.8583488728714403,6.271,26.848120553631233,6.271
169,Predator 2,1990,"Science Fiction, Action, Thriller",35000000,57120318,2.8553567325828046,6.293,13.283171013315782,6.293
36955,True Lies,1994,"Action, Thriller",115000000,378900000,2.8535400759789913,7.085,20.74066326645708,7.085
23483,Kick-Ass,2010,"Action, Crime",28000000,96188903,2.852150867987839,7.121,35.35274611016434,7.121
1083433,I Know What You Did Last Summer,2025,"Horror, Thriller, Mystery",18000000,64808120,2.850921953226435,5.719,24.643316373301182,5.719
342473,Ballerina,2016,"Animation, Adventure, Comedy, Family",30000000,109573511,2.836602424702255,7.196,26.686313233541902,7.196
13053,Bolt,2008,"Animation, Family, Adventure, Comedy",150000000,309979994,2.8355872342471833,6.535,16.710040872241947,6.535
396422,Annabelle: Creation,2017,Horror,15000000,306592201,2.8321142142693034,6.604,8.801990086481808,6.604
369972,First Man,2018,"History, Drama",70000000,105713218,2.831419610273727,7.044,25.409901623610338,7.044
10483,Death Race,2008,"Action, Thriller, Science Fiction",45000000,76000000,2.8298701090528278,6.3,64.65730276015809,6.3
843,In the Mood for Love,2000,"Drama, Romance",3000000,15867968,2.8254353296964583,8.092,15.003373549322523,8.092
86834,Noah,2014,"Drama, Adventure",125000000,362600000,2.8213745678761684,5.674,24.012903569809914,5.674
433,Mary Poppins,1964,"Comedy, Family, Fantasy",4650000,103100000,2.8158711669881433,7.546,9.95514922572429,7.546
440,Aliens vs Predator: Requiem,2007,"Action, Science Fiction, Thriller, Horror",40000000,130290885,2.8148559765330714,5.2,7.094502447617701,5.2
188927,Star Trek Beyond,2016,"Action, Adventure, Science Fiction",185000000,343471816,2.814321665767243,6.8,24.756519973667864,6.8
619,The Bodyguard,1992,"Action, Drama, Romance",25000000,411006740,2.81405451038433,6.701,21.264024839166808,6.701
433498,Papillon,2017,"Adventure, Crime, Drama",0,10060903,2.813359906388754,7.326,23.336142915443887,7.326
391713,Lady Bird,2017,"Drama, Comedy",10000000,79000000,2.8114898187083566,7.3,13.736190493768676,7.3
141052,Justice League,2017,"Action, Adventure, Science Fiction",300000000,661326987,2.808711402726054,6.071,38.27286579426067,6.071
297761,Suicide Squad,2016,"Action, Adventure, Fantasy",175000000,749200054,2.8072153325817366,5.918,35.117930670997936,5.918
26389,From Paris with Love,2010,"Action, Crime, Thriller",52000000,52800000,2.8048643652120946,6.358,19.758129843709305,6.358
957,Spaceballs,1987,"Comedy, Science Fiction",22700000,38120460,2.803208001838029,6.861,12.072589757945273,6.861
12244,9,2009,"Action, Adventure, Animation, Science Fiction, Thriller",30000000,48428063,2.796689410494932,6.943,15.89936363990591,6.943
43949,Flipped,2010,"Romance, Drama",14000000,4324817,2.7953536335803633,8.0,11.24571128570169,8.0
330459,Rogue One: A Star Wars Story,2016,"Action, Adventure, Science Fiction",200000000,1056057273,2.7948727538911187,7.504,20.501131010608738,7.504
856,Who Framed Roger Rabbit,1988,"Fantasy, Animation, Comedy, Crime",70000000,329800000,2.7901173880752523,7.531,13.41093522170064,7.531
364,Batman Returns,1992,"Action, Fantasy",80000000,280000000,2.789583077309425,6.945,18.511249607786436,6.945
793,Blue Velvet,1986,"Mystery, Thriller, Crime",6000000,8636706,2.776545894623231,7.609,17.09599952421675,7.609
7446,Tropic Thunder,2008,"Action, Comedy, Adventure, War",92000000,195702811,2.7759047217042374,6.702,32.37397383602295,6.702
270946,Penguins of Madagascar,2014,"Family, Animation, Adventure, Comedy",132000000,373515621,2.772805719262437,6.53,5.252893151797416,6.53
290859,Terminator: Dark Fate,2019,"Science Fiction, Action, Adventure, Thriller",185000000,261119292,2.7726454260326894,6.413,22.314234327351183,6.413
787,Mr. & Mrs. Smith,2005,"Action, Comedy, Drama, Thriller",110000000,487287646,2.7709890626586233,6.691,45.235297374783904,6.691
8363,Superbad,2007,Comedy,20000000,170800000,2.764256747009195,7.258,16.05153224764518,7.258
447200,Skyscraper,2018,"Action, Thriller, Adventure",125000000,304870828,2.762546952558547,6.308,38.23431094486042,6.308
979,Irreversible,2002,"Drama, Thriller, Crime",3500000,6500000,2.76163862425664,7.178,19.222463531829284,7.178
10494,Perfect Blue,1998,"Animation, Thriller",3000000,683666,2.761478331026892,8.3,5.2793483410135424,8.3
594767,Shazam! Fury of the Gods,2023,"Comedy, Action, Fantasy",110000000,134221819,2.7510592710932533,6.438,11.062575751050518,6.438
227,The Outsiders,1983,"Crime, Drama",10000000,33697647,2.750204373867929,7.2,16.232411913448466,7.2
882569,Guy Ritchie's The Covenant,2023,"War, Action, Thriller",55000000,21948551,2.7491357523362736,7.723,19.14884017579371,7.723
411088,The Invisible Guest,2017,"Drama, Mystery, Thriller",4000000,30000000,2.7451284215925673,8.088,15.435680052172096,8.088
1042834,Eden,2025,"Thriller, Drama",50000000,1907486,2.742563729916594,6.715,30.65869319568432,6.715
399055,The Shape of Water,2017,"Drama, Fantasy, Romance",19500000,195300000,2.7420294191507666,7.238,13.08814089746666,7.238
22832,Ninja Assassin,2009,"Action, Adventure, Thriller",40000000,61601280,2.741388246231773,6.672,8.231255267966459,6.672
420634,Terrifier,2018,"Horror, Thriller",35000,421798,2.7386098302494704,6.323,8.719343255054687,6.323
4922,The Curious Case of Benjamin Button,2008,"Drama, Fantasy, Romance",150000000,335802786,2.7326255496722007,7.597,41.95013709530227,7.597
72570,The Vow,2012,"Drama, Romance",30000000,196114570,2.730702030915221,7.232,23.021141592684426,7.232
453,A Beautiful Mind,2001,"Drama, Romance",58000000,316791257,2.730702030915221,7.854,25.764688269687074,7.854
1265,Bridge to Terabithia,2007,"Adventure, Drama, Family",60000000,137587063,2.729419685077235,7.304,19.815757038823502,7.304
1087822,Hellboy: The Crooked Man,2024,"Fantasy, Horror, Action",20000000,2014050,2.7277633217031694,5.164,7.616633546410401,5.164
310131,The Witch,2016,"Horror, Fantasy, Drama",4000000,40423945,2.7271755798607584,6.995,22.689939030017413,6.995
639933,The Northman,2022,"Action, Adventure, Fantasy",70000000,69633110,2.716809951003703,7.031,20.782294300649898,7.031
335988,Transformers: The Last Knight,2017,"Action, Adventure, Science Fiction",217000000,605425157,2.7129094824131608,6.052,19.53356835385149,6.052
882598,Smile,2022,"Horror, Mystery",17000000,217408513,2.7051085452320778,6.667,14.147989098001096,6.667
37233,The Firm,1993,"Drama, Mystery, Thriller",42000000,270248367,2.7037193372409263,6.7,38.96562260954807,6.7
136797,Need for Speed,2014,"Action, Crime, Drama, Thriller",66000000,203277636,2.703078164321933,6.429,16.819142892885193,6.429
1195506,Novocaine,2025,"Action, Comedy, Thriller",18000000,34536061,2.7014752320244497,6.803,11.576503690396358,6.803
1893,Star Wars: Episode I - The Phantom Menace,1999,"Adventure, Action, Science Fiction",115000000,924317558,2.701314938794702,6.57,34.92638689791374,6.57
9737,Bad Boys,1995,"Action, Comedy, Crime, Thriller",19000000,141407024,2.700727196952291,6.828,26.859399897870667,6.828
127380,Finding Dory,2016,"Adventure, Animation, Family",200000000,1029266989,2.697307608050995,7.038,7.892669861797273,7.038
298250,Jigsaw,2017,"Horror, Mystery",10000000,104223315,2.695811537906677,6.217,8.431617437456037,6.217
646,Dr. No,1962,"Adventure, Action, Thriller",1000000,59000000,2.693834588073116,6.99,12.7745751276104,6.99
915935,Anatomy of a Fall,2023,"Thriller, Mystery, Crime",6700000,35634133,2.6927125354648775,7.531,7.623606231940232,7.531
476669,The King's Man,2021,"Action, Adventure, Thriller",100000000,125897478,2.6827209241439007,6.72,20.60633653051473,6.72
21484,Possession,1981,Horror,2400000,1200000,2.672034708827348,7.331,11.938673179975268,7.331
2164,Stargate,1994,"Action, Adventure, Science Fiction",55000000,196567262,2.6695768793045414,7.012,22.29229087583083,7.012
627,Trainspotting,1996,"Drama, Crime",4000000,71981823,2.6676533605475616,7.959,14.604289842232737,7.959
443791,Underwater,2020,"Horror, Science Fiction, Action, Adventure",50000000,40882928,2.667012187628569,6.285,17.597827803378472,6.285
579974,RRR,2022,"Action, Adventure, Drama",69000000,160000000,2.66626415255641,7.723,11.947286497394474,7.723
137106,The Lego Movie,2014,"Animation, Family, Adventure, Comedy, Fantasy",60000000,470759687,2.663859754110186,7.422,25.41482351927845,7.422
714,Tomorrow Never Dies,1997,"Adventure, Action, Thriller",110000000,333011068,2.661188200281047,6.377,21.276329578337098,6.377
850165,The Iron Claw,2023,"History, Drama",15900000,40130232,2.6593715436772336,7.522,19.846929044721577,7.522
385128,F9,2021,"Action, Adventure, Crime",200000000,726229501,2.6574480249202543,7.017,29.1616165966322,7.017
9602,Coming to America,1988,"Comedy, Romance",30000000,288752301,2.6574480249202543,6.878,14.646741192370241,6.878
964980,Air,2023,"Drama, History",80000000,90100000,2.657287731690506,7.29,38.59340424964676,7.29
5175,Rush Hour 2,2001,"Action, Comedy, Crime",90000000,347325802,2.6537612806360436,6.754,51.84827436287086,6.754
57165,Wrath of the Titans,2012,"Fantasy, Adventure, Action",150000000,301970083,2.651356882189819,5.758,34.03408822908143,5.758
665,Ben-Hur,1959,"History, Drama, Adventure",15000000,164000000,2.6468686717568675,7.9,7.263897690195378,7.9
760104,X,2022,"Horror, Thriller",1000000,15113105,2.64227359917075,6.723,48.38982234007428,6.723
314365,Spotlight,2015,"Drama, History",20000000,98690254,2.64189958163467,7.815,22.7231618257772,7.815
8839,Casper,1995,"Fantasy, Comedy, Family",50000000,287928194,2.6408843911795983,6.335,14.3366617652789,6.335
955,Mission: Impossible II,2000,"Adventure, Action, Thriller",125000000,546388108,2.627847208493405,6.14,40.917564399928644,6.14
11690,Bloodsport,1988,"Action, Thriller, Drama",1500000,63500000,2.623626153443366,7.016,17.72497677480482,7.016
73,American History X,1998,Drama,20000000,23900000,2.6228246872946244,8.327,14.411515595231506,8.327
35,The Simpsons Movie,2007,"Animation, Comedy, Family",75000000,527068851,2.6227712562180416,7.02,10.038411294109927,7.02
166428,How to Train Your Dragon: The Hidden World,2019,"Animation, Family, Adventure",129000000,539987993,2.6223438076053798,7.748,12.501820076002273,7.748
1635,The Island,2005,"Action, Thriller, Science Fiction, Adventure",126000000,162949164,2.6090394695362726,6.689,41.7633101389,6.689
454,Romeo + Juliet,1996,"Drama, Romance",14500000,147298761,2.6075968304685375,6.8,32.352645621461114,6.8
19994,Jennifer's Body,2009,"Horror, Comedy",16000000,31556061,2.602788033576089,6.0,30.476583055964007,6.0
76,Before Sunrise,1995,"Drama, Romance",2500000,5987386,2.601986567427347,8.0,12.72617648687392,8.0
6114,Bram Stoker's Dracula,1992,"Romance, Horror",40000000,215862692,2.599421875751375,7.447,28.80416392373523,7.447
1029281,Strange Darling,2024,"Horror, Thriller",4000000,4853595,2.595200820701337,6.923,14.62213171402966,6.923
259693,The Conjuring 2,2016,Horror,40000000,322819915,2.59391847486335,7.294,13.513474714786403,7.294
950,Ice Age: The Meltdown,2006,"Animation, Family, Comedy, Adventure",80000000,660998756,2.58675871060126,6.715,17.312152775641543,6.715
4011,Beetlejuice,1988,"Fantasy, Comedy",15000000,84554197,2.586064106605684,7.367,23.17105433157581,7.367
364689,Ferdinand,2017,"Animation, Family, Adventure, Comedy",111000000,295038508,2.5852626404569428,7.216,20.821054229036314,7.216
10315,Fantastic Mr. Fox,2009,"Adventure, Animation, Comedy, Family",40000000,46471023,2.584194018925288,7.8,20.613514295030736,7.8
16859,Kiki's Delivery Service,1989,"Animation, Family, Fantasy, Drama",6900000,4493017,2.5838734324657913,7.8,12.040187278130174,7.8
658,Goldfinger,1964,"Adventure, Action, Thriller",3000000,124900000,2.5806675678708255,7.355,11.562353240350522,7.355
591,The Da Vinci Code,2006,"Thriller, Mystery",125000000,760006945,2.575217598059384,6.727,38.537007528449585,6.727
49444,Kung Fu Panda 2,2011,"Animation, Family, Comedy",150000000,665692281,2.5748970115998873,7.1,37.424248949482894,7.1
68735,Warcraft,2016,"Action, Adventure, Fantasy",160000000,433677183,2.569447041788445,6.396,19.085470769066706,6.396
10555,Shark Tale,2004,"Animation, Action, Comedy, Family",75000000,367300000,2.5691798864055317,6.0,34.613436365015986,6.0
93456,Despicable Me 2,2013,"Animation, Comedy, Family",76000000,970766005,2.568324989180208,6.943,27.497400623850282,6.943
11522,Pretty in Pink,1986,"Romance, Drama",9000000,40471663,2.5639436409004213,6.708,22.86712727406961,6.708
585083,Hotel Transylvania: Transformania,2022,"Animation, Comedy, Family, Adventure, Fantasy",75000000,18500000,2.5612186559946997,7.043,23.57793104014011,7.043
8078,Alien Resurrection,1997,"Science Fiction, Horror, Action",70000000,162000000,2.5550206511110995,6.162,22.282242005508422,6.162
38055,Megamind,2010,"Animation, Action, Comedy, Family, Science Fiction",130000000,321885765,2.5545932024984377,7.017,32.45333940367133,7.017
68730,Silence,2016,"Drama, History",46000000,23834809,2.552669683741458,7.121,30.03894449947398,7.121
338970,Tomb Raider,2018,"Action, Adventure, Fantasy",94000000,274650803,2.5482349043850885,6.368,29.665290586669457,6.368
1250,Ghost Rider,2007,"Thriller, Action, Fantasy",110000000,228738393,2.5467922653173543,5.589,29.940506586111642,5.589
50546,Just Go with It,2011,"Comedy, Romance",80000000,214945591,2.5460442302451955,6.703,22.12556166007338,6.703
204082,Homefront,2013,"Action, Thriller",22000000,51695362,2.5446550222540445,6.935,67.06575037375644,6.935
404368,Ralph Breaks the Internet,2018,"Family, Animation, Comedy, Adventure",175000000,529323962,2.5436398317989712,7.161,15.073510562593185,7.161
157350,Divergent,2014,"Action, Adventure, Science Fiction",85000000,288885818,2.543105521033144,6.908,29.225396161331545,6.908
1895,Star Wars: Episode III - Revenge of the Sith,2005,"Adventure, Action, Science Fiction",113000000,850000000,2.5414491576590783,7.46,25.41687430914017,7.46
165,Back to the Future Part II,1989,"Adventure, Comedy, Science Fiction",40000000,332000000,2.540968277969833,7.775,18.93063613450721,7.775
302946,The Accountant,2016,"Crime, Thriller, Drama",44000000,155160045,2.5404339672040055,7.133,23.730509805851728,7.133
283366,Miss Peregrine's Home for Peculiar Children,2016,"Fantasy, Adventure, Drama, Family",110000000,296482446,2.5401668118210914,6.837,30.640441165915057,6.837
399402,Hunter Killer,2018,"Action, Adventure, Thriller",40000000,31672678,2.5392050524426018,6.898,25.100232354491336,6.898
12207,The Legend of Drunken Master,1994,"Action, Comedy",10000000,34300528,2.538136430910946,7.438,47.256350783504274,7.438
401981,Red Sparrow,2018,"Thriller, Mystery",69000000,151572634,2.534449686626736,6.533,16.620831513257336,6.533
640146,Ant-Man and the Wasp: Quantumania,2023,"Action, Adventure, Science Fiction",200000000,476071180,2.53412910016724,6.24,17.958151582081843,6.24
11808,U.S. Marshals,1998,"Thriller, Crime, Action",60000000,102367405,2.527503646670977,6.532,24.407270460217752,6.532
718821,Twisters,2024,"Action, Thriller",155000000,372262265,2.5246717996120904,6.78,21.52529546754933,6.78
1118031,Apocalypse Z: The Beginning of the End,2024,"Drama, Action, Horror",0,500000,2.5220002457829525,6.72,6.189899039615108,6.72
11631,Mamma Mia!,2008,"Comedy, Romance",52000000,609841637,2.518046346115828,6.976,34.49859213275994,6.976
9836,Happy Feet,2006,"Animation, Comedy, Family",100000000,384335608,2.517939483962663,6.222,23.204687285307937,6.222
6844,The Ten Commandments,1956,"Drama, History",13000000,122700000,2.516443413818345,7.761,10.301527633367993,7.761
307081,Southpaw,2015,"Action, Drama",30000000,91709827,2.516176258435432,7.361,28.491008311851314,7.361
149,Akira,1988,"Animation, Science Fiction, Action",5700000,49000000,2.515481654439856,7.94,11.218230701554706,7.94
5559,Bee Movie,2007,"Family, Animation, Adventure, Comedy",150000000,287594577,2.513718428912625,6.029,13.635086553586115,6.029
39513,Paul,2011,"Adventure, Comedy, Science Fiction",40000000,98000000,2.511634616925896,6.732,24.42326662113913,6.732
8974,The War of the Worlds,1953,"Science Fiction, Action",2000000,2000000,2.5098713913986654,6.804,7.980853825851026,6.804
10527,Madagascar: Escape 2 Africa,2008,"Adventure, Animation, Comedy, Family",150000000,603900354,2.509390511709421,6.524,14.651458009052188,6.524
500664,Upgrade,2018,"Action, Thriller, Science Fiction",3000000,16976561,2.498650865316286,7.5,19.151301123627768,7.5
190859,American Sniper,2014,"War, Action",58800000,542300000,2.4968876397890543,7.413,16.789201360904155,7.413
868759,Ghosted,2023,"Action, Comedy, Romance",40000000,0,2.4903156173693746,6.898,40.840249622141975,6.898
842924,The Life of Chuck,2025,"Fantasy, Drama",25000000,19700844,2.489514151220633,7.285,13.18473309995345,7.285
503919,The Lighthouse,2019,"Drama, Fantasy, Thriller",11000000,18262464,2.487376908157323,7.482,22.760486201260417,7.482
534,Terminator Salvation,2009,"Action, Science Fiction, Thriller",200000000,371353001,2.4866823041617465,6.082,20.84361291751518,6.082
254320,The Lobster,2015,"Comedy, Drama, Romance",4000000,15700000,2.481178903273723,7.026,24.159740123908726,7.026
220289,Coherence,2014,"Thriller, Science Fiction",50000,139745,2.4801637128186496,7.2,6.499773387720281,7.2
13448,Angels & Demons,2009,"Thriller, Mystery",150000000,485930816,2.477812745449008,6.717,35.5287038802995,6.717
45317,The Fighter,2010,Drama,25000000,129190869,2.4763701063812738,7.382,32.89446430292627,7.382
400535,Sicario: Day of the Soldado,2018,"Action, Crime, Thriller",35000000,75836683,2.4679814273577803,6.94,27.320417458784256,6.94
1573,Die Hard 2,1990,"Action, Thriller",70000000,240031094,2.4658976153710523,6.966,16.049481457783468,6.966
10294,Vacancy,2007,"Horror, Thriller",19000000,35300645,2.465683891064722,6.3,17.826695951945894,6.3
2253,Valkyrie,2008,"Drama, Thriller, War",75000000,200276000,2.4587912821855453,6.948,45.17664478473885,6.948
587,Big Fish,2003,"Adventure, Fantasy, Drama",70000000,123200000,2.453608467757017,7.758,15.7186890530888,7.758
8273,American Wedding,2003,"Comedy, Romance",55000000,231449203,2.453234450220938,6.219,14.02965852298013,6.219
762441,A Quiet Place: Day One,2024,"Horror, Science Fiction, Thriller",67000000,261907653,2.4519521043829515,6.66,18.563339670274008,6.66
86331,Desire,2011,"Drama, Romance",1344000,0,2.4516315179234547,6.278,12.292639510107321,6.278
522938,Rambo: Last Blood,2019,"Action, Thriller, Drama",50000000,91500000,2.4507766206981305,6.528,22.328179698410842,6.528
49049,Dredd,2012,"Action, Science Fiction",50000000,41037742,2.447303600720251,6.858,26.60489687603181,6.858
20662,Robin Hood,2010,"Action, Adventure, History",200000000,321669741,2.4465021345715092,6.395,18.267205614242325,6.395
87502,Flight,2012,Drama,31000000,161772575,2.4382203177011816,6.856,28.81462295202997,6.856
1267905,The Roses,2025,"Comedy, Drama",30000000,51981278,2.4357624881783746,6.705,24.555952725192114,6.705
10693,Peter Pan,1953,"Animation, Family, Adventure, Fantasy",4000000,87400000,2.43143457097517,7.191,5.6958637619279076,7.191
400136,Resident Evil: Vendetta,2017,"Action, Animation, Adventure, Science Fiction, Horror",0,256320,2.4312208466688396,6.9,8.750310181966585,6.9
64635,Total Recall,2012,"Action, Science Fiction, Thriller",125000000,198800000,2.431060553439092,6.026,30.495655401677958,6.026
14128,Cinderella II: Dreams Come True,2002,"Family, Animation, Romance, Fantasy",5000000,0,2.4305262426732637,6.1,7.90846094373248,6.1
930564,Saltburn,2023,"Drama, Comedy, Thriller",20000000,21013738,2.427427240231464,6.962,44.40001066410729,6.962
294254,Maze Runner: The Scorch Trials,2015,"Science Fiction, Action, Thriller, Adventure",61000000,312296056,2.425557152551067,6.729,23.262519559408307,6.729
10528,Sherlock Holmes,2009,"Action, Adventure, Crime, Mystery",90000000,524028679,2.4244885310194113,7.217,26.83458534054391,7.217
335,Once Upon a Time in the West,1968,"Drama, Western",5000000,5380118,2.4219772704200215,8.279,11.14501750349147,8.279
9509,Man on Fire,2004,"Action, Drama, Thriller",70000000,130300000,2.4190385612079703,7.457,29.168589282162028,7.457
639720,IF,2024,"Comedy, Fantasy, Family",110000000,190309707,2.418237095059229,6.979,23.75655483709551,6.979
512200,Jumanji: The Next Level,2019,"Adventure, Comedy, Fantasy",125000000,801693929,2.4166341627617456,6.877,36.09759298793931,6.877
23168,The Town,2010,"Crime, Drama, Thriller",37000000,154026136,2.416580731685163,7.2,25.739463554387974,7.2
392044,Murder on the Orient Express,2017,"Mystery, Drama, Crime",55000000,352800000,2.4114513483332174,6.706,14.285392018736017,6.706
256591,Focus,2015,"Romance, Comedy, Crime",50100000,153962963,2.4039709976116312,6.87,29.703435278097363,6.87
667,You Only Live Twice,1967,"Action, Thriller, Adventure",9500000,111600000,2.4039175665350485,6.594,10.98977271095963,6.594
11886,Robin Hood,1973,"Animation, Family, Adventure",5000000,33000000,2.4036504111521344,7.304,4.862832920099177,7.304
777443,The Electric State,2025,"Science Fiction, Adventure, Action",320000000,0,2.399749942561593,6.477,41.95054725327461,6.477
448119,Dolittle,2020,"Family, Comedy, Fantasy, Adventure",175000000,251410631,2.396170060430548,6.583,19.856772836057807,6.583
9659,Mad Max,1979,"Adventure, Action, Thriller, Science Fiction",350000,100000000,2.392269591840006,6.676,18.062331707056973,6.676
3170,Bambi,1942,"Animation, Drama, Family",858000,267447150,2.3912544013849337,7.01,3.347094133305443,7.01
10567,Dinosaur,2000,"Animation, Family, Adventure, Drama",127500000,354248063,2.386605897722233,6.555,6.669783867256475,6.555
82675,Taken 2,2012,"Action, Crime, Thriller",45000000,376100000,2.3836671885101817,6.364,26.878677322570795,6.364
87827,Life of Pi,2012,"Adventure, Drama",120000000,609016565,2.379285840230395,7.407,12.775395443555086,7.407
616,The Last Samurai,2003,"Drama, Action, War",140000000,456800000,2.3754388027164364,7.599,43.13610887233218,7.599
8009,Highlander,1986,"Adventure, Action, Fantasy",19000000,12900000,2.375331940563271,6.9,17.875094592682373,6.9
7445,Brothers,2009,"Drama, Thriller, War",26000000,43500000,2.375331940563271,7.319,37.03418871778466,7.319
39538,Contagion,2011,"Drama, Thriller, Science Fiction",60000000,137551594,2.3726603867341325,6.644,28.659583238484306,6.644
681,Diamonds Are Forever,1971,"Action, Thriller",7200000,116019547,2.3705231436708223,6.403,11.080007464875099,6.403
158852,Tomorrowland,2015,"Adventure, Family, Mystery, Science Fiction",190000000,209200000,2.3694545221391667,6.29,19.815757038823502,6.29
668489,Havoc,2025,"Action, Crime, Thriller, Drama",90000000,0,2.367531003382188,6.374,30.025409286386655,6.374
605,The Matrix Revolutions,2003,"Adventure, Action, Thriller, Science Fiction",150000000,424988211,2.3665158129271147,6.748,30.020692469704713,6.748
13223,Gran Torino,2008,Drama,33000000,270000000,2.366302088620784,7.987,12.395179003193082,7.987
508,Love Actually,2003,"Comedy, Romance, Drama",40000000,250779876,2.3658746400081223,7.095,25.317821158819324,7.095
348350,Solo: A Star Wars Story,2018,"Science Fiction, Adventure, Action",250000000,392952373,2.3618138781878324,6.556,14.492111636796915,6.556
5924,Papillon,1973,"Crime, Drama",12000000,53267000,2.3605849634264287,7.826,12.856811801065183,7.826
24021,The Twilight Saga: Eclipse,2010,"Adventure, Fantasy, Drama, Romance",68000000,698491347,2.36042467019668,6.196,25.452763131720186,6.196
567,Rear Window,1954,"Thriller, Mystery",1000000,37042336,2.35636390837639,8.3,9.705978257525889,8.3
2503,The Bourne Ultimatum,2007,"Action, Drama, Mystery, Thriller",70000000,442824138,2.355509011151066,7.434,27.02879514044835,7.434
27576,Salt,2010,"Action, Mystery, Thriller",110000000,293329073,2.351822266866855,6.414,28.430510010930714,6.414
4108,The Transporter,2002,"Action, Crime, Thriller",21000000,43900000,2.3515016804073587,6.718,62.9748347576069,6.718
11974,The 'Burbs,1989,"Comedy, Horror, Thriller",18000000,49101993,2.350486489952287,6.8,33.45699596199477,6.8
506574,Descendants 3,2019,"Family, TV Movie, Adventure, Fantasy, Music",15000000,0,2.3466928835149097,7.671,22.941365867063706,7.671
762504,Nope,2022,"Horror, Science Fiction",68000000,171932082,2.343914467532607,6.823,17.867506670194025,6.823
3131,Gangs of New York,2002,"Drama, History, Crime",100000000,193772504,2.3435938810731103,7.314,31.968122522389503,7.314
823625,Blacklight,2022,"Action, Thriller, Adventure",43000000,15902207,2.342792414924369,6.153,18.36974510732809,6.153
107846,Escape Plan,2013,"Action, Thriller",50000000,137328301,2.3309307159229955,6.722,35.306603338275735,6.722
8247,Jumper,2008,"Action, Adventure, Science Fiction",85000000,222231186,2.3252135907286404,6.157,22.756384621536988,6.157
725201,The Gray Man,2022,"Action, Thriller",200000000,454023,2.3236106584311575,6.911,48.24831783961593,6.911
755566,Day Shift,2022,"Action, Fantasy, Horror, Comedy, Thriller",100000000,0,2.3215268464444296,6.745,15.536373834382314,6.745
13600,City of Ember,2008,"Adventure, Family, Fantasy",55000000,17869048,2.321045966755184,6.344,13.40724379994955,6.344
1278,The Dreamers,2003,"Drama, Romance",15000000,15100000,2.316557756322232,7.18,19.739057497995354,7.18
1232546,Until Dawn,2025,"Horror, Mystery",15000000,54105064,2.315809721250074,6.325,4.537167490058796,6.325
967847,Ghostbusters: Frozen Empire,2024,"Fantasy, Adventure, Comedy",100000000,201967521,2.3123367012721943,6.46,31.64922469889278,6.46
2034,Training Day,2001,"Action, Crime, Drama",45000000,104900000,2.3097185785196395,7.512,23.098251291484917,7.512
630586,Wrong Turn,2021,"Horror, Thriller",0,3777969,2.3088636812943153,5.954,4.779981009685881,5.954
10802,Showgirls,1995,Drama,45000000,20367472,2.308703388064566,5.582,16.488350488190527,5.582
609681,The Marvels,2023,"Science Fiction, Adventure, Action",274800000,206136825,2.3053372302398527,5.946,11.083903965612357,5.946
402900,Ocean's Eight,2018,"Crime, Comedy, Action",70000000,297718711,2.303520573636038,6.963,44.52346821378254,6.963
17431,Moon,2009,"Science Fiction, Drama",5000000,9760104,2.303413711482873,7.565,15.074946115496383,7.565
49519,The Croods,2013,"Animation, Adventure, Family, Comedy",135000000,587204668,2.300635295500569,6.9,44.60406425534795,6.9
2502,The Bourne Supremacy,2004,"Action, Drama, Thriller",75000000,288500217,2.2988186388967558,7.325,29.70733177883462,7.325
365177,Borderlands,2024,"Action, Science Fiction, Comedy",115000000,33017367,2.296307378297366,5.595,22.255786816292296,5.595
536554,M3GAN,2022,"Science Fiction, Horror",12000000,181796517,2.2927274961663207,7.034,8.607780286577377,7.034
320288,Dark Phoenix,2019,"Science Fiction, Action, Adventure",200000000,252442974,2.290483390949844,5.962,24.2909906750585,5.962
2059,National Treasure,2004,"Adventure, Action, Thriller, Mystery",100000000,347500000,2.289468200494772,6.649,23.841047379398177,6.649
339846,Baywatch,2017,"Comedy, Action, Crime",69000000,177900000,2.2886667343460307,6.085,41.39991017540406,6.085
612,Munich,2005,"Drama, Action, History, Thriller",70000000,130982129,2.2853540075978995,7.137,25.96874186092774,7.137
2668,Sleepy Hollow,1999,"Fantasy, Thriller, Mystery, Horror",100000000,206071526,2.2849799900618204,7.187,24.655210954499125,7.187
346910,The Predator,2018,"Science Fiction, Action, Thriller",88000000,160542134,2.284605972525741,5.628,12.266184320891192,5.628
847,Willow,1988,"Fantasy, Adventure, Action",35000000,57300000,2.283323626687755,7.002,10.798023858889252,7.002
82693,Silver Linings Playbook,2012,"Drama, Comedy, Romance",21000000,236412453,2.2827893159219266,7.149,34.54268411478682,7.149
8871,How the Grinch Stole Christmas,2000,"Family, Comedy, Fantasy",123000000,345800000,2.2820412808497683,6.783,60.83996251156134,6.783
7220,The Punisher,2004,"Action, Crime, Drama",33000000,54700105,2.277018759650988,6.356,19.54320706620155,6.356
7553,Waiting...,2005,"Comedy, Romance",3000000,18637690,2.276591311038326,6.204,28.7719665229063,6.204
146,"Crouching Tiger, Hidden Dragon",2000,"Adventure, Drama, Action, Romance",17000000,213978518,2.276484448885161,7.431,18.394354585668673,7.431
1995,Lara Croft: Tomb Raider,2001,"Adventure, Action, Fantasy",115000000,274703340,2.27472122335793,5.91,36.95154188635754,5.91
296,Terminator 3: Rise of the Machines,2003,"Action, Thriller, Science Fiction",200000000,435000000,2.2745609301281813,6.184,21.806458757590487,6.184
48138,Unknown,2011,"Action, Mystery, Thriller",30000000,130786397,2.2744006368984335,6.687,25.110896461772253,6.687
4995,Boogie Nights,1997,Drama,15000000,43101594,2.2738128950560226,7.628,30.521905511907914,7.628
657,From Russia with Love,1963,"Action, Thriller, Adventure",2000000,78900000,2.2717290830692947,7.066,15.278384469778539,7.066
1032823,Trap,2024,"Crime, Horror, Thriller",30000000,83677281,2.271355065533215,6.237,7.063535520705802,6.237
838209,Exhuma,2024,"Mystery, Horror, Thriller",0,97974828,2.2686300806274953,7.507,12.528890502176917,7.507
138103,The Expendables 3,2014,"Action, Adventure, Thriller",95000000,214657577,2.2659585267983564,6.204,86.36265757756601,6.204
26466,Triangle,2009,Horror,12000000,1594955,2.264462456654039,6.921,9.599747342689039,6.921
18240,The Proposal,2009,"Comedy, Romance, Drama",40000000,317400000,2.261416885288822,7.149,33.253967765684955,7.149
1788,Footloose,1984,"Drama, Romance",8200000,80035402,2.261096298829325,6.683,16.81524639214794,6.683
8834,Conspiracy Theory,1997,"Action, Drama, Mystery, Thriller",75000000,137000000,2.258264451770439,6.619,30.41526443909872,6.619
22538,Scott Pilgrim vs. the World,2010,"Action, Comedy, Romance",73000000,51825248,2.2555928979413014,7.486,18.079968499867725,7.486
58574,Sherlock Holmes: A Game of Shadows,2011,"Adventure, Action, Crime, Mystery",125000000,334615000,2.254577707486228,7.143,24.878541970439915,7.143
24684,An Education,2009,"Drama, Romance",7500000,26100000,2.248646857985542,6.945,17.023606642098205,6.945
8920,Garfield,2004,"Comedy, Family",50000000,200800000,2.2474179432241383,5.73,15.810564438893643,5.73
747188,Asteroid City,2023,"Comedy, Drama",25000000,53857743,2.247364512147556,6.446,58.77010030413214,6.446
195590,Collide,2016,"Thriller, Action",21500000,6817535,2.242716008484855,5.577,24.043665417735642,5.577
11000,The Birdcage,1996,Comedy,31000000,185300000,2.2413802315702864,7.049,14.871302682228063,7.049
316727,The Purge: Election Year,2016,"Action, Horror, Thriller",10000000,118587880,2.2384949534348175,6.4,13.30203828004356,6.4
18360,Night at the Museum: Battle of the Smithsonian,2009,"Adventure, Fantasy, Action, Comedy, Family",150000000,413106170,2.235235657763269,6.152,25.073367007302867,6.152
324849,The Lego Batman Movie,2017,"Animation, Action, Comedy, Family",80000000,311950384,2.23101460271323,7.236,16.818527655926683,7.236
8960,Hancock,2008,"Fantasy, Action",150000000,629400000,2.2304802919474027,6.35,32.18796719556538,6.35
263472,Knock Knock,2015,"Horror, Thriller",10000000,6341684,2.226793547663192,5.388,41.458357686462946,5.388
1894,Star Wars: Episode II - Attack of the Clones,2002,"Adventure, Action, Science Fiction",120000000,649398328,2.226098943667616,6.589,25.41687430914017,6.589
1598,Cape Fear,1991,"Drama, Crime, Thriller",35000000,182300000,2.2251371842891268,7.255,27.31857174790871,7.255
271718,Trainwreck,2015,"Comedy, Romance",35000000,140795793,2.224496011370133,5.79,17.003508901453397,5.79
147441,Exodus: Gods and Kings,2014,"Adventure, Drama, Action",140000000,268031828,2.2243891492169676,5.88,17.809264238121315,5.88
663,Saw IV,2007,"Horror, Thriller, Crime",10000000,139352653,2.2243891492169676,6.167,9.519971617068315,6.167
39514,RED,2010,"Action, Adventure, Comedy, Crime, Thriller",58000000,199006387,2.2213970089283332,6.708,32.95106610310962,6.708
608,Men in Black II,2002,"Action, Comedy, Science Fiction",140000000,445135288,2.2209695603156714,6.383,22.318951144033132,6.383
9325,The Jungle Book,1967,"Family, Animation, Adventure",4000000,378000000,2.2179239889504534,7.278,3.164983993585129,7.278
10140,The Chronicles of Narnia: The Voyage of the Dawn Treader,2010,"Adventure, Family, Fantasy",155000000,415686217,2.217122522801712,6.441,7.926712973501745,6.441
8922,Jeepers Creepers,2001,Horror,10000000,59217789,2.2088407059313844,6.475,9.071258795325022,6.475
13207,Friday the 13th,2009,"Horror, Thriller",19000000,91509154,2.2044593576515976,5.774,17.232171971034646,5.774
117,The Untouchables,1987,"Crime, History, Thriller",25000000,76270454,2.2032838739667766,7.754,37.23188486045401,7.754
467244,The Zone of Interest,2023,"Drama, History",15000000,52631884,2.202535838894618,7.011,7.731887936638797,7.011
2280,Big,1988,"Fantasy, Drama, Comedy",18000000,151927281,2.2017878038224596,7.181,32.13177555335437,7.181
50839,Margin Call,2011,"Thriller, Drama",3500000,19504039,2.1966049893939315,6.867,16.72644719113567,6.867
9323,Ghost in the Shell,1995,"Action, Animation, Science Fiction",3000000,10000000,2.1963912650876,7.926,14.201719792378038,7.926
666277,Past Lives,2023,"Drama, Romance",12000000,28126646,2.1959103853983555,7.7,10.360590381385393,7.7
11104,Chungking Express,1994,"Drama, Comedy, Romance",160000,0,2.1950554881730313,7.964,16.990588925324595,7.964
570670,The Invisible Man,2020,"Thriller, Science Fiction, Horror",7000000,144492724,2.188483465753352,7.1,14.663147511263967,7.1
139038,A Haunted House,2013,"Comedy, Horror",2500000,60141683,2.1873079820685306,5.944,15.430553077517809,5.944
9480,Daredevil,2003,"Fantasy, Action",78000000,179179718,2.186720240226121,5.289,28.75945670474984,5.289
916224,Suzume,2022,"Animation, Drama, Adventure, Fantasy",13000000,314992206,2.186506515919789,7.891,5.921450646716584,7.891
9277,The Sting,1973,"Comedy, Crime, Drama",5500000,159616327,2.1843692728564794,8.018,15.018754473285387,8.018
12222,Horton Hears a Who!,2008,"Animation, Comedy, Family, Adventure, Fantasy",85000000,298572799,2.183567806707738,6.514,67.32804639706984,6.514
406997,Wonder,2017,"Family, Drama",20000000,315025930,2.183407513477989,8.109,22.43687156108175,8.109
399035,The Commuter,2018,"Action, Thriller, Mystery",30000000,119942387,2.182659478405831,6.363,27.071246490585853,6.363
646389,Plane,2023,"Action, Adventure, Thriller",25000000,74515586,2.18052223534252,6.898,18.748320915800726,6.898
254470,Pitch Perfect 2,2015,"Comedy, Music",29000000,287144079,2.179507044887448,6.843,23.15915975037786,6.843
6951,Turner & Hooch,1989,"Action, Comedy, Thriller, Crime, Family",13000000,71079915,2.1790261651982035,6.335,30.821525910704512,6.335
333371,10 Cloverfield Lane,2016,"Thriller, Science Fiction, Drama, Horror",15000000,110216998,2.1781712679728793,6.997,16.567100818880395,6.997
18491,Neon Genesis Evangelion: The End of Evangelion,1997,"Animation, Science Fiction, Drama, Fantasy",0,20563523,2.1778506815133825,8.261,10.26768960064969,8.261
400617,Phantom Thread,2017,"Drama, Romance",35000000,47756590,2.176247749215899,7.313,10.853805343127908,7.313
700391,65,2023,"Action, Adventure, Science Fiction",45000000,60730568,2.1722938495487747,5.955,15.246597226921951,5.955
168672,American Hustle,2013,"Drama, Crime",40000000,251171807,2.1676987769626574,6.856,27.004185662107766,6.856
558,Spider-Man 2,2004,"Action, Adventure, Science Fiction",200000000,788976453,2.1670576040436638,7.3,31.76304353621797,7.3
15121,The Sound of Music,1965,"Drama, Family, Music, Romance",8200000,286214286,2.167004172967081,7.73,12.205891098956762,7.73
9792,The Hills Have Eyes,2006,"Horror, Thriller",15000000,69623713,2.1658821203588428,6.5,9.351601769421496,6.5
9482,Judge Dredd,1995,"Science Fiction, Action",90000000,113493481,2.165454671746181,5.845,29.515788005750416,5.845
966,The Magnificent Seven,1960,"Western, Action, Adventure",2000000,4905000,2.161821358538553,7.508,13.240924742164445,7.508
258480,Carol,2015,"Romance, Drama",11800000,40272135,2.1615542031556396,7.497,14.891810580845217,7.497
203,Mean Streets,1973,"Drama, Crime",500000,3000000,2.160432150547402,7.055,22.768074123748764,7.055
9837,The Prince of Egypt,1998,"Adventure, Animation, Drama, Family",70000000,218613188,2.156424819803694,7.3,20.227555643055926,7.3
686,Contact,1997,"Drama, Science Fiction, Mystery",90000000,171120329,2.1549287496593776,7.437,21.759905827729554,7.437
11474,The Warriors,1979,"Action, Thriller",4000000,22490039,2.153753265974557,7.67,8.981844357354236,7.67
11635,Old School,2003,Comedy,24000000,87100000,2.153272386285311,6.622,12.144162324119137,6.622
10860,Steel Magnolias,1989,"Comedy, Drama, Romance",15000000,95904091,2.1527915065960666,7.2,26.412327708016743,7.2
5503,The Fugitive,1993,"Action, Thriller, Drama",44000000,353808222,2.1471278124782938,7.471,26.02677921401428,7.471
14784,The Fall,2006,"Adventure, Fantasy, Drama",30000000,3984390,2.1432807749643352,7.6,7.792386237559397,7.6
487558,BlacKkKlansman,2018,"Crime, Comedy, Drama, History",15000000,93411426,2.137884236229476,7.491,15.677263097882149,7.491
49797,I Saw the Devil,2010,"Thriller, Horror",6000000,12966357,2.132594559647783,7.8,10.280199418806154,7.8
158015,The Purge,2013,"Science Fiction, Horror, Thriller",3000000,91266581,2.1313656448863796,6.252,21.234288386171936,6.252
927,Gremlins,1984,"Fantasy, Horror, Comedy",11000000,153083102,2.1313656448863796,7.14,8.838494146020341,7.14
11013,Secretary,2002,"Romance, Drama, Comedy",4000000,9300000,2.1307244719673863,6.791,19.944956800111566,6.791
228161,Home,2015,"Fantasy, Comedy, Animation, Science Fiction, Family",135000000,368871007,2.1287475221338235,6.79,13.101676110553981,6.79
1272,Sunshine,2007,"Science Fiction, Thriller",50000000,34800000,2.127572038449003,6.96,36.210591509319826,6.96
11665,Get Smart,2008,"Action, Comedy, Thriller",80000000,230685453,2.12693086553001,6.203,44.38134847636568,6.203
398978,The Irishman,2019,"Crime, Drama, History",159000000,968853,2.1252210710793618,7.577,31.996628501467345,7.577
976893,Perfect Days,2023,Drama,14000000,24094016,2.1251676400027786,7.784,13.44620880732214,7.784
14869,G.I. Joe: The Rise of Cobra,2009,"Adventure, Action, Thriller, Science Fiction",175000000,302500000,2.123992156317958,5.786,10.097063884154982,5.786
2454,The Chronicles of Narnia: Prince Caspian,2008,"Adventure, Family, Fantasy",225000000,419665568,2.1215343267951514,6.6,8.87212709975247,6.6
739405,Operation Fortune: Ruse de Guerre,2023,"Action, Comedy, Thriller",50000000,48983306,2.120625998493244,6.459,67.97753154627505,6.459
9800,Philadelphia,1993,Drama,26000000,206678440,2.117366702821695,7.714,38.62067975480757,7.714
100402,Captain America: The Winter Soldier,2014,"Action, Adventure, Science Fiction",170000000,714766572,2.115870632677378,7.654,52.159584263879246,7.654
8856,The Karate Kid Part II,1986,"Adventure, Drama, Action, Romance, Family",13000000,115103979,2.1145882868393917,6.333,6.927978310846424,6.333
565770,Blue Beetle,2023,"Action, Science Fiction, Adventure",104000000,130788072,2.109832921023526,6.643,15.310171712635123,6.643
270303,It Follows,2015,"Horror, Mystery",2300000,23374076,2.1089245927216194,6.586,10.827965390870293,6.586
76617,Texas Chainsaw 3D,2013,"Horror, Thriller",20000000,47340586,2.1087642994918707,5.48,22.915936072778432,5.48
1541,Thelma & Louise,1991,"Drama, Crime, Adventure",16000000,45361000,2.1053981416671563,7.597,19.87769089264731,7.597
70,Million Dollar Baby,2004,Drama,30000000,216763646,2.1052378484374086,7.954,30.37629943172614,7.954
49529,John Carter,2012,"Action, Adventure, Science Fiction",250000000,284100000,2.105184417360826,6.4,11.671660339979944,6.4
1923,Twin Peaks: Fire Walk with Me,1992,"Drama, Mystery, Horror",10000000,4237427,2.104703537671581,7.404,17.12983755693506,7.404
450465,Glass,2019,"Thriller, Drama, Science Fiction",20000000,246999039,2.1019785527658605,6.664,28.876556805853777,6.664
75780,Jack Reacher,2012,"Crime, Drama, Thriller, Action",60000000,218300000,2.101497673076615,6.654,46.72909271005729,6.654
8909,Wanted,2008,"Action, Thriller, Crime",75000000,342463063,2.1009633623107877,6.526,41.40421683411367,6.526
792,Platoon,1986,"Drama, War, Action",6000000,138530565,2.100803069081039,7.744,19.61949644905736,7.744
4584,Sense and Sensibility,1995,"Drama, Romance",16000000,134582776,2.099146705706974,7.424,45.77055352869158,7.424
9360,Anaconda,1997,"Adventure, Horror, Thriller",45000000,136885767,2.0974903423329074,5.26,19.246662852197527,5.26
5174,Rush Hour 3,2007,"Action, Comedy, Crime",140000000,258097122,2.0971163247968287,6.484,54.97326795415255,6.484
480530,Creed II,2018,"Drama, Action",50000000,214200000,2.092841838670208,7.028,48.63427649159075,7.028
1100782,Smile 2,2024,"Horror, Mystery",28000000,138128854,2.0920403725214665,6.59,11.26088713067838,6.59
45243,The Hangover Part II,2011,Comedy,80000000,586764305,2.0878727485480106,6.5,15.25356991245178,6.5
871,Planet of the Apes,1968,"Science Fiction, Adventure, Drama, Action",5800000,32589624,2.083758555651138,7.645,8.450074546211473,7.645
180,Minority Report,2002,"Science Fiction, Action, Thriller",102000000,358372926,2.0837051245745553,7.349,42.007149053457944,7.349
1249213,Drop,2025,"Mystery, Thriller",11000000,28744699,2.0818884679707415,6.346,17.12245471343288,6.346
82507,Sinister,2012,"Horror, Thriller, Mystery",3000000,82515113,2.081087001822,6.871,16.837600001640634,6.871
360920,The Grinch,2018,"Family, Comedy, Animation",75000000,508600000,2.0809267085922514,6.876,18.143748064567074,6.876
142,Brokeback Mountain,2005,"Drama, Romance",14000000,178043761,2.0767056535422133,7.786,32.746602353896606,7.786
359940,"Three Billboards Outside Ebbing, Missouri",2017,"Crime, Drama",15000000,162729321,2.073392926794082,8.061,21.946732784131807,8.061
13820,Repo Man,1984,"Comedy, Science Fiction",1500000,2300000,2.0699733378927854,6.7,10.36961385677694,6.7
9804,Waterworld,1995,"Adventure, Action, Science Fiction",175000000,264218220,2.066981197604151,6.218,23.65524581792678,6.218
18823,Clash of the Titans,2010,"Adventure, Fantasy, Action",125000000,493214993,2.066714042221237,5.919,26.446575898707387,5.919
1008042,Talk to Me,2023,Horror,4500000,91959188,2.0657522828427473,7.135,5.128615286177472,7.135
814,An American Werewolf in London,1981,"Comedy, Horror",10000000,31973249,2.065378265306668,7.392,8.550973407407863,7.392
244761,The Captive,2014,"Drama, Thriller, Crime",0,1075178,2.062653280400947,5.838,20.80956980581071,5.838
36669,Die Another Day,2002,"Adventure, Action, Thriller",142000000,431971116,2.061958676405371,5.998,27.19388372431642,5.998
1640,Crash,2005,Drama,6500000,98400000,2.0614243656395437,7.219,27.757850936288115,7.219
1584,School of Rock,2003,"Comedy, Music, Family",35000000,131100000,2.060622899490802,7.082,22.178882196477975,7.082
713704,Evil Dead Rise,2023,"Horror, Thriller",15000000,147156372,2.0595542779591467,6.917,7.0930668947145,6.917
678512,Sound of Freedom,2023,"Action, Drama",14500000,250600000,2.0595542779591467,7.96,15.186509083973693,7.96
655,"Paris, Texas",1984,Drama,1750000,2181987,2.0581650699679948,8.097,10.942604544140178,8.097
97020,RoboCop,2014,"Science Fiction, Action, Crime",120000000,242688965,2.057737621355333,5.887,21.064688064608085,5.887
9362,Tremors,1990,"Horror, Action, Science Fiction, Comedy",11000000,48572000,2.055974395828102,6.931,13.61437357598279,6.931
1005331,Carry-On,2024,"Thriller, Action",47000000,0,2.0533562730755466,6.891,24.513911533026945,6.891
44912,Green Lantern,2011,"Adventure, Action, Thriller, Science Fiction",200000000,219851172,2.0530891176926325,5.176,22.81360165867884,5.176
4032,My Girl,1991,"Comedy, Drama",17000000,59490000,2.0510587367824873,7.409,13.076861553227229,7.409
423204,Angel Has Fallen,2019,"Action, Thriller",40000000,146661977,2.0463568020432046,6.596,33.21172149453363,6.596
76163,The Expendables 2,2012,"Action, Adventure, Thriller",100000000,314975955,2.0452881805115495,6.348,83.57071225982689,6.348
4638,Hot Fuzz,2007,"Crime, Action, Comedy",12000000,80600000,2.0439524035969803,7.562,17.105433157580645,7.562
138697,Don Jon,2013,"Romance, Comedy, Drama",3000000,0,2.0428837820653247,6.015,49.02679767112304,6.015
3175,Barry Lyndon,1975,"Drama, Romance, War, History",11000000,31500000,2.039784779623525,8.0,6.7682217806188065,8.0
9598,Babe,1995,"Fantasy, Drama, Comedy, Family",30000000,254100000,2.0382887094792075,6.262,6.032808536207721,6.262
47933,Independence Day: Resurgence,2016,"Action, Adventure, Science Fiction",165000000,389681935,2.0375941054836315,5.353,18.278895116454102,5.353
65754,The Girl with the Dragon Tattoo,2011,"Thriller, Crime, Mystery",90000000,232617430,2.0367392082583073,7.382,22.683171423473755,7.382
754,Face/Off,1997,"Action, Crime, Science Fiction",80000000,245700000,2.0365254839519764,7.052,28.853998117374914,7.052
276907,Legend,2015,"Crime, Thriller",25000000,42972994,2.0360446042627314,7.058,29.44277988667336,7.058
22970,The Cabin in the Woods,2012,"Horror, Mystery, Comedy",30000000,71038838,2.0355637245734868,6.645,15.725456659632458,6.645
2907,The Addams Family,1991,"Comedy, Fantasy",30000000,191502426,2.034441671965249,7.065,17.91775102180605,7.065
1126166,Flight Risk,2025,"Action, Thriller",25000000,48703174,2.033960792276004,5.948,23.012528275265222,5.948
698,Moonraker,1979,"Action, Adventure, Thriller, Science Fiction",34000000,210308099,2.0329990328975143,6.182,8.150043989442535,6.182
19404,Dilwale Dulhania Le Jayenge,1995,"Comedy, Drama, Romance",13200000,100000000,2.03214413567219,8.518,28.907113574793332,8.518
13186,Wrong Turn 2: Dead End,2007,"Horror, Thriller",4000000,0,2.031876980289276,6.141,5.128000049218957,6.141
105864,The Good Dinosaur,2015,"Adventure, Animation, Family",175000000,332207671,2.029419150766469,6.736,12.13924042845102,6.736
7551,Déjà Vu,2006,"Action, Thriller, Science Fiction",75000000,180557550,2.0271216144734105,6.875,19.562689569887844,6.875
1669,The Hunt for Red October,1990,"Action, Thriller",30000000,200512643,2.0270147523202446,7.4,15.882137005067504,7.4
417859,Puss in Boots,2011,"Animation, Family, Fantasy, Adventure, Comedy",130000000,554987477,2.0268010280139137,6.593,23.909133602807124,6.593
11860,Sabrina,1995,"Romance, Drama, Comedy",58000000,53672080,2.0229539904999547,6.215,22.60626680365943,6.215
697843,Extraction 2,2023,"Action, Thriller, Crime",65000000,0,2.0207098852834786,7.391,19.54915435680052,7.391
10189,Pineapple Express,2008,"Action, Comedy, Crime",27000000,101624843,2.0198549880581544,6.642,27.104059128373294,6.642
297,Meet Joe Black,1998,"Fantasy, Drama, Romance",90000000,142940100,2.0196412637518235,7.355,38.76115886033506,7.355
1059064,The Instigators,2024,"Crime, Comedy",0,11098,2.0183589179138375,6.165,26.993316475840672,6.165
9532,Final Destination,2000,Horror,23000000,112880294,2.01531334654862,6.629,40.695463857904876,6.629
663712,Terrifier 2,2022,"Horror, Thriller",250000,15741780,2.0134432588682234,6.681,8.643464030171224,6.681
90,Beverly Hills Cop,1984,"Comedy, Crime, Action",14000000,316360478,2.012641792719482,7.199,13.40416761515698,7.199
454619,Overboard,2018,"Romance, Comedy",12000000,91244913,2.012374637336568,6.647,21.240440755757078,6.647
334543,Lion,2016,Drama,12000000,140312928,2.0107182739625022,8.041,12.252854186790044,8.041
834,Underworld: Evolution,2006,"Fantasy, Action, Thriller",50000000,111476513,2.0091153416650194,6.603,18.441727831474296,6.603
274855,Geostorm,2017,"Action, Science Fiction, Thriller",120000000,221600160,2.0089016173586884,6.11,18.955655770820133,6.11
839369,May December,2023,Drama,20000000,4232370,2.0070315296782915,6.571,27.706376110759066,6.571
153,Lost in Translation,2003,"Drama, Comedy, Romance",4000000,119723856,2.003344785394081,7.383,40.18768828814418,7.383
80321,Madagascar 3: Europe's Most Wanted,2012,"Animation, Family, Comedy, Adventure",145000000,746921274,2.0015281287902673,6.627,14.651458009052188,6.627
103332,Ruby Sparks,2012,"Comedy, Romance, Fantasy, Drama",8000000,9368803,2.0012609734073536,7.1,10.994899685613916,7.1
10661,You Don't Mess with the Zohan,2008,"Comedy, Action",90000000,204313400,2.0004060761820295,5.717,23.025038093421685,5.717
2108,The Breakfast Club,1985,"Comedy, Drama",1000000,51530442,2.00003205864595,7.724,13.380583531747254,7.724
303857,Dragon Ball Z: Resurrection 'F',2015,"Action, Animation, Science Fiction",5000000,61768190,1.9973070737402288,6.857,9.933205774203936,6.857
501170,Doctor Sleep,2019,"Horror, Fantasy",45000000,72385286,1.9957041414427463,7.147,23.221093604201663,7.147
10009,Brother Bear,2003,"Adventure, Animation, Family",128000000,250397798,1.993994346992098,7.269,11.819727367995785,7.269
957452,The Crow,2024,"Action, Fantasy, Horror",50000000,24109036,1.9928188633072768,5.803,21.60178992939131,5.803
4982,American Gangster,2007,"Drama, Crime",100000000,269755430,1.9911090688566286,7.589,29.00165498741841,7.589
302401,Snowden,2016,"Drama, History, Crime, Thriller",40000000,37357216,1.9874757556490006,7.108,22.551510714351636,7.108
9614,Happy Gilmore,1996,Comedy,12000000,41422354,1.9874757556490006,6.669,18.838760748702366,6.669
76203,12 Years a Slave,2013,"Drama, History",20000000,187000000,1.9861934098110146,7.933,19.72757307476975,7.933
4488,Friday the 13th,1980,Horror,550000,59754601,1.9850713572027765,6.402,11.842696214446995,6.402
312221,Creed,2015,Drama,37000000,173600000,1.984323322130618,7.402,48.63427649159075,7.402
696806,The Adam Project,2022,"Adventure, Science Fiction, Comedy",116000000,0,1.9835752870584593,6.998,29.182739732207864,6.998
929,Godzilla,1998,"Science Fiction, Action, Thriller",130000000,379014294,1.982934114139466,5.7,11.963897895274368,5.7
187,Sin City,2005,"Crime, Thriller",40000000,158733820,1.982934114139466,7.462,31.38733883355175,7.462
43347,Love & Other Drugs,2010,"Drama, Comedy, Romance",30000000,102800000,1.9813311818419832,7.038,40.90874600352326,7.038
290595,The Huntsman: Winter's War,2016,"Action, Adventure, Drama",115000000,164989338,1.979781680621083,6.283,35.57033491449232,6.283
877703,Teen Wolf: The Movie,2023,"Action, Fantasy, TV Movie",15000000,0,1.9794610941615867,7.475,12.179025751768295,7.475
6947,The Village,2004,"Drama, Mystery, Thriller",60000000,256700000,1.9787130590894277,6.5,36.27457615300534,6.5
855,Black Hawk Down,2001,"Action, War, History",92000000,172989651,1.9785527658596795,7.39,18.396405375530385,7.39
125509,Wrong Turn 5: Bloodlines,2012,"Horror, Thriller",3000000,0,1.9776444375577726,5.471,4.4155556512590834,5.471
116745,The Secret Life of Walter Mitty,2013,"Adventure, Comedy, Drama, Fantasy",90000000,188133322,1.9756674877242104,7.213,28.615286177471255,7.213
246403,Tusk,2014,"Comedy, Horror",3000000,1882074,1.9751866080349658,5.512,17.64643152310113,5.512
96721,Rush,2013,"Drama, Action",38000000,90200000,1.9725150542058276,7.731,23.520508924012084,7.731
334541,Manchester by the Sea,2016,Drama,9000000,79000000,1.9700572246830206,7.551,14.859613180016284,7.551
82633,Lawless,2012,"Crime, Drama, Western",26000000,55404207,1.9700572246830206,7.068,48.89000998734664,7.068
10780,Overboard,1987,"Comedy, Romance",22000000,26700000,1.9684542923855377,6.801,20.13096344056914,6.801
530254,The Witch: Part 1. The Subversion,2018,"Action, Mystery, Science Fiction",5500000,24340302,1.9682405680792066,7.897,10.31055110875954,7.897
2666,Dark City,1998,"Mystery, Science Fiction",27000000,27200000,1.9680802748494584,7.334,16.49245206791396,7.334
8386,How High,2001,Comedy,12000000,31200000,1.9605464930512888,6.3,7.823353164471297,6.3
1725,West Side Story,1961,"Crime, Drama, Romance",6000000,43700000,1.9581420946050643,7.232,11.509032703945927,7.232
380,Rain Man,1988,Drama,25000000,354825435,1.9568063176904955,7.749,41.7409565294073,7.749
8195,Ronin,1998,"Action, Thriller, Crime",55000000,70692101,1.95669945553733,6.96,31.10268920074567,6.96
205584,Gods of Egypt,2016,"Action, Adventure, Fantasy",140000000,150680864,1.9556308340056747,5.692,23.724357436266583,5.692
11527,Excalibur,1981,"Adventure, Fantasy",11000000,35000000,1.9554705407759263,7.0,16.41165094736238,7.0
36643,The World Is Not Enough,1999,"Adventure, Action, Thriller",135000000,361832400,1.9542950570911055,6.284,20.540711254939843,6.284
509,Notting Hill,1999,"Romance, Comedy",42000000,363889678,1.9500740020410676,7.266,21.080684225529463,7.266
70160,The Hunger Games,2012,"Science Fiction, Adventure, Action, Thriller",75000000,694000000,1.9492725358923262,7.221,22.895223095175112,7.221
420809,Maleficent: Mistress of Evil,2019,"Family, Fantasy, Adventure",185000000,491730089,1.9484176386670014,7.298,41.841650311617535,7.298
13510,Eden Lake,2008,"Horror, Thriller",12850990,3984669,1.9462269645271086,6.8,28.63887026088098,6.8
9003,Hellraiser,1987,"Horror, Thriller",1000000,14580380,1.9448911876125394,6.876,6.350475885787412,6.876
813,Airplane!,1980,Comedy,3500000,83453539,1.9446774633062085,7.308,11.376961836851464,7.308
20943,The Ugly Truth,2009,"Comedy, Romance",38000000,321700000,1.9426470823960633,6.506,26.626840327552166,6.506
266856,The Theory of Everything,2014,"Drama, Romance",15000000,123726688,1.940670132562501,7.834,17.592700828724187,7.834
582014,Promising Young Woman,2020,"Thriller, Crime, Drama",10000000,20379604,1.9379451476567806,7.396,15.20742714056319,7.396
395834,Wind River,2017,"Crime, Mystery, Drama, Thriller",11000000,44998252,1.9378382855036145,7.433,22.212515150210105,7.433
10501,The Road to El Dorado,2000,"Family, Adventure, Animation, Comedy, Fantasy",95000000,76400000,1.9376245611972838,7.255,14.316769103620258,7.255
1948,Crank,2006,"Action, Thriller, Crime",12000000,42900000,1.9368765261251253,6.652,61.643256900395194,6.652
9387,Conan the Barbarian,1982,"Adventure, Fantasy, Action",20000000,68851475,1.936716232895377,6.796,17.862379695539744,6.796
631843,Old,2021,"Thriller, Mystery, Horror",18000000,90146510,1.9365559396656284,6.322,16.104032468105096,6.322
11770,Shaolin Soccer,2001,"Action, Comedy",10000005,42776760,1.9348461452149806,7.15,14.831722437896957,7.15
32657,Percy Jackson & the Olympians: The Lightning Thief,2010,"Adventure, Fantasy, Family",95000000,226497209,1.9314265563136837,6.212,29.000014355529036,6.212
8095,Cleopatra,1963,"Drama, History, Romance",44000000,57779280,1.9313196941605177,7.049,12.94150942235402,7.049
9358,Final Destination 2,2003,"Horror, Mystery",26000000,90941129,1.9289152957142939,6.301,36.22535719632417,6.301
2649,The Game,1997,"Drama, Thriller, Mystery",50000000,109423648,1.928594709254797,7.568,20.8766306342888,7.568
243688,Poltergeist,2015,Horror,35000000,95682614,1.9283275538718831,5.223,12.444397959874246,5.223
839033,The Lord of the Rings: The War of the Rohirrim,2024,"Animation, Fantasy, Adventure, Action",30000000,20658572,1.9265108972680696,6.539,13.354128342531126,6.539
11216,Cinema Paradiso,1988,"Drama, Romance",5000000,12462062,1.9260300175788243,8.424,5.255149020645302,8.424
587792,Palm Springs,2020,"Comedy, Romance, Science Fiction",5000000,1818417,1.9255491378895797,7.334,24.915661266936965,7.334
1114513,Speak No Evil,2024,"Horror, Thriller",15000000,76756109,1.924961396047169,7.153,17.952204291482868,7.153
956,Mission: Impossible III,2006,"Adventure, Action, Thriller",150000000,398479497,1.9244270852813419,6.761,40.775239583525604,6.761
505177,10x10,2018,"Drama, Mystery, Thriller",0,68260,1.9207937720737138,5.247,21.830247919986384,5.247
300671,13 Hours: The Secret Soldiers of Benghazi,2016,"War, Action, History, Drama, Thriller",50000000,69411370,1.9144354739603648,7.274,14.15106528279367,7.274
379686,Space Jam: A New Legacy,2021,"Family, Comedy, Adventure, Animation, Science Fiction",150000000,163692228,1.9085580555362616,6.651,7.370948920976915,6.651
924,Dawn of the Dead,2004,"Horror, Action",26000000,102278712,1.9025203438824092,7.05,13.721424806764325,7.05
829,Chinatown,1974,"Crime, Drama, Mystery, Thriller",6000000,30000000,1.899367910364026,7.91,14.82413451540861,7.91
322,Mystic River,2003,"Thriller, Crime, Drama, Mystery",25000000,156800000,1.8974978226836292,7.742,24.558823830998513,7.742
9495,The Crow,1994,"Fantasy, Action, Thriller",23000000,93722164,1.8970703740709673,7.515,12.429222114897554,7.515
195589,Neighbors,2014,Comedy,18000000,270665134,1.8944522513184119,6.185,32.211141121002754,6.185
1372,Blood Diamond,2006,"Drama, Thriller, Action",100000000,171700000,1.8931699054804259,7.556,38.540288792228324,7.556
54138,Star Trek Into Darkness,2013,"Action, Adventure, Science Fiction",190000000,467381584,1.8931164744038431,7.32,23.978245221146928,7.32
34584,The NeverEnding Story,1984,"Adventure, Fantasy, Family, Drama",27000000,20158808,1.8895365922727978,7.2,5.62224040589233,7.2
267860,London Has Fallen,2016,"Action, Thriller",60000000,205754447,1.888841988277222,6.22,24.679410274867365,6.22
565,The Ring,2002,"Horror, Mystery",48000000,249348933,1.8871856249031564,6.694,13.763260919943319,6.694
9336,Police Academy,1984,"Comedy, Crime",4500000,81198894,1.8871321938265735,6.695,12.831997243738424,6.695
4547,Panic Room,2002,"Crime, Drama, Thriller",48000000,197100000,1.8841400535379391,6.792,23.717384750736752,6.792
12429,Ponyo,2008,"Animation, Fantasy, Family",34000000,202404009,1.8825371212404562,7.758,3.4324069915527966,7.758
84892,The Perks of Being a Wallflower,2012,Drama,13000000,33384127,1.882056241551211,7.8,31.55222233843365,7.8
1290159,A House of Dynamite,2025,Thriller,0,181125,1.8818959483214632,6.395,38.46276893545549,6.395
1954,The Butterfly Effect,2004,"Science Fiction, Thriller",13000000,96800000,1.8777283243480074,7.572,14.450480602604095,7.572
44048,Unstoppable,2010,"Action, Thriller",100000000,167805466,1.8748430462125383,6.607,22.71331803444097,6.607
865,The Running Man,1987,"Action, Thriller, Science Fiction",27000000,38122105,1.8706754222390831,6.535,17.612183332410485,6.535
22881,The Blind Side,2009,Drama,29000000,309231694,1.8700876803966728,7.668,20.626844429131882,7.668
622,The Ninth Gate,1999,"Mystery, Thriller, Horror",38000000,58401898,1.8682175927162763,6.484,23.96573540299046,6.484
435,The Day After Tomorrow,2004,"Science Fiction, Thriller, Adventure",125000000,552639571,1.8672558333377862,6.55,28.07141670614437,6.55
581392,Peninsula,2020,"Horror, Action, Thriller, Adventure",17000000,42698327,1.8667215225719587,6.729,3.6296929762498027,6.729
308531,Teenage Mutant Ninja Turtles: Out of the Shadows,2016,"Action, Adventure, Comedy, Family, Science Fiction",135000000,245623848,1.8655994699637208,6.0,17.019299983388603,6.0
154400,The Drop,2014,"Drama, Crime",12600000,19054534,1.8634087958238275,6.829,31.671783387371654,6.829
293670,The Wailing,2016,"Horror, Mystery",10951000,49851770,1.8623401742921721,7.377,6.689266370942769,7.377
616820,Halloween Ends,2022,"Horror, Thriller",33000000,104374176,1.8618592946029273,6.039,12.360725733516263,6.039
609,Poltergeist,1982,Horror,10700000,121733131,1.8614852770668477,7.153,7.959115453316847,7.153
446354,The Post,2017,"Drama, History",50000000,179769467,1.860790673071272,7.001,40.4475233636235,7.001
79,Hero,2002,"Drama, Adventure, Action, History",31000000,177394432,1.8588671543142927,7.509,26.61043400865844,7.509
300668,Annihilation,2018,"Science Fiction, Horror",40000000,43070915,1.8585999989313786,6.438,20.262829228677425,6.438
848326,Rebel Moon - Part One: A Child of Fire,2023,"Science Fiction, Action, Adventure",83000000,0,1.8579588260123854,6.219,16.893791643851632,6.219
28178,Hachi: A Dog's Tale,2009,"Drama, Family",16000000,46800000,1.8559284451022406,8.007,14.303438969519114,8.007
708,The Living Daylights,1987,"Action, Adventure, Thriller",40000000,191185897,1.8555544275661613,6.542,8.513033794966132,6.542
11806,Beethoven,1992,"Family, Comedy",0,147214049,1.8552872721832474,5.832,8.985330700119153,5.832
5780,Torn Curtain,1966,Thriller,3000000,13000615,1.8528294426604406,6.6,11.7879401251392,6.6
9350,Cliffhanger,1993,"Action, Adventure, Thriller",70000000,255000211,1.8468451620831712,6.5,28.020967275546184,6.5
709,Licence to Kill,1989,"Adventure, Action, Thriller",32000000,156167015,1.845509385168602,6.431,8.937137138368843,6.431
3116,Midnight Cowboy,1969,Drama,3600000,44785053,1.8454025230154363,7.503,13.02025975304389,7.503
298,Ocean's Thirteen,2007,"Crime, Thriller",85000000,311312624,1.8447079190198605,6.725,45.537378721414555,6.725
22794,Cloudy with a Chance of Meatballs,2009,"Animation, Comedy, Family",100000000,242988466,1.843746159641371,6.7,26.12952378608621,6.7
51540,Horrible Bosses,2011,"Comedy, Crime",35000000,209838559,1.8436392974882052,6.573,18.34944228769711,6.573
10201,Yes Man,2008,"Comedy, Romance",70000000,223200000,1.8435324353350397,6.686,67.9865550216666,6.686
5915,Into the Wild,2007,"Adventure, Drama",15000000,56255142,1.8392045181318362,7.8,9.471572976331837,7.8
157353,Transcendence,2014,"Thriller, Science Fiction, Drama, Mystery",100000000,103039258,1.8390442249020877,6.064,27.79168896900642,6.064
505026,Death on the Nile,2022,"Mystery, Crime, Thriller",90000000,137307235,1.838135896600181,6.4,13.698455960313119,6.4
76757,Jupiter Ascending,2015,"Science Fiction, Fantasy, Action",176000000,184000000,1.8376550169109356,5.456,34.186256836820704,5.456
117263,Olympus Has Fallen,2013,"Action, Thriller",70000000,170270201,1.8359986535368702,6.414,19.395550196158055,6.414
906126,Society of the Snow,2023,"Drama, History",65500000,1281,1.8350903252349635,7.975,4.294148891445541,7.975
9072,Little Man,2006,"Comedy, Crime",64000000,104003322,1.8334873929374804,5.93,19.3116728908139,5.93
254128,San Andreas,2015,"Action, Drama, Thriller",110000000,473990832,1.8317775984868323,6.245,39.24227416189346,6.245
11078,National Security,2003,"Action, Comedy, Crime",0,50097949,1.831403580950753,5.968,14.162344627033105,5.968
6637,National Treasure: Book of Secrets,2007,"Action, Adventure, Mystery, Thriller",130000000,459200000,1.8311364255678388,6.371,23.841047379398177,6.371
15739,Annie,1982,"Comedy, Drama, Family",35000000,57063861,1.8284648717387009,6.552,7.005908325591603,6.552
429415,Extinction,2018,"Action, Drama, Science Fiction, Thriller",0,1451864,1.8264879219051389,6.038,14.808343433473404,6.038
187017,22 Jump Street,2014,"Crime, Comedy, Action",50000000,331333876,1.826434490828556,6.827,20.02514268370463,6.827
12208,Casino Royale,1967,"Adventure, Action, Comedy",12000000,41744718,1.8262207665222248,5.263,12.08140815435065,5.263
12092,Alice in Wonderland,1951,"Animation, Family, Fantasy, Adventure",3000000,57200000,1.825098713913987,7.188,6.061724673257906,7.188
166424,Fantastic Four,2015,"Action, Adventure, Science Fiction",120000000,167977596,1.824243816688663,4.436,43.555495399052944,4.436
1427,Perfume: The Story of a Murderer,2006,"Crime, Fantasy, Drama",63700000,135039924,1.8220531425487696,7.365,13.659080794968185,7.365
116149,Paddington,2014,"Comedy, Adventure, Family",55000000,326113057,1.819702175179128,7.115,12.761860230467764,7.115
974950,Emilia Pérez,2024,"Drama, Thriller",26000000,16317120,1.8195953130259628,6.478,21.806458757590484,6.478
328425,The Gift,2015,"Thriller, Mystery, Drama",5000000,58978653,1.8192212954898832,6.699,17.75594370171672,6.699
402,Basic Instinct,1992,"Thriller, Mystery",49000000,352927224,1.8178320874987313,6.935,19.7056296232494,6.935
9665,Glory,1989,"Drama, History, War",18000000,26800000,1.8169237591968246,7.479,21.174815480182193,7.479
762,Monty Python and the Holy Grail,1975,"Adventure, Comedy, Fantasy",400000,5763644,1.8159619998183347,7.803,21.89115637887933,7.803
1102493,Small Things Like These,2024,Drama,3000000,12534032,1.8150536715164274,6.649,29.458570968608562,6.649
70435,Haywire,2011,"Action, Thriller",23000000,33372606,1.8125958419936206,5.713,24.237259980681564,5.713
542178,"The French Dispatch of the Liberty, Kansas Evening Sun",2021,"Drama, Comedy",25000000,46333545,1.8111532029258859,7.012,23.30845725231073,7.012
1581,The Holiday,2006,"Comedy, Romance",85000000,205233866,1.806932147875848,7.101,39.34317302308985,7.101
888,The Flintstones,1994,"Fantasy, Comedy, Family",46000000,341631208,1.8060772506505236,5.365,13.432673594234823,5.365
8961,Bad Boys II,2003,"Action, Crime, Comedy",130000000,273339556,1.805275784501782,6.7,22.052143383023974,6.7
10437,The Muppet Christmas Carol,1992,"Music, Comedy, Family, Fantasy, Drama",12000000,27300000,1.8044743183530405,7.442,9.726896314115384,7.442
1571,Live Free or Die Hard,2007,"Action, Thriller",110000000,383531464,1.8043140251232925,6.638,22.086186494728448,6.638
534490,Avengement,2019,"Crime, Action",2400000,89900000,1.804207162970127,6.8,16.367148807363158,6.8
515001,Jojo Rabbit,2019,"Comedy, War, Drama",14000000,82468705,1.804207162970127,7.993,35.419806938642424,7.993
346648,Paddington 2,2017,"Adventure, Comedy, Family",40000000,290132513,1.80329883466822,7.467,12.761860230467764,7.467
438650,Cold Pursuit,2019,"Crime, Action",60000000,76419755,1.801535609140989,5.872,19.6299554773521,5.872
346672,Underworld: Blood Wars,2016,"Fantasy, Action, Thriller, Science Fiction, Horror",35000000,81093313,1.790902824901019,5.913,28.116534083102113,5.913
9349,Universal Soldier,1992,"Thriller, Action, Science Fiction",23000000,119200000,1.790047927675695,6.3,25.79175869586171,6.3
830788,The Invitation,2022,"Horror, Thriller",10000000,33628000,1.789353323680119,5.989,20.58459815798055,5.989
7340,Carrie,1976,"Horror, Thriller",1800000,33800000,1.7876435292294708,7.329,9.93628195899651,7.329
172385,Rio 2,2014,"Animation, Adventure, Comedy, Family",103000000,498781117,1.7867886320041468,6.521,28.683987637838715,6.521
5689,The Blue Lagoon,1980,"Adventure, Drama, Romance",4500000,58853106,1.7857200104724908,6.142,9.465215527760517,6.142
289,Casablanca,1943,"Drama, Romance",878000,10462500,1.784865113247167,8.143,10.18155642645765,8.143
10998,Fatal Attraction,1987,"Thriller, Drama, Romance",14000000,320145693,1.7798425920483876,6.841,16.617140091506247,6.841
614917,King Richard,2021,"Drama, History",50000000,39400000,1.776957313912918,7.605,16.883127536570715,7.605
1701,Con Air,1997,"Action, Thriller, Crime",75000000,224012234,1.7767970206831702,6.765,28.34437683673868,6.765
10515,Castle in the Sky,1986,"Adventure, Fantasy, Animation, Action, Family",3000000,5228752,1.7756215369983495,7.971,10.57961473861658,7.971
238636,The Purge: Anarchy,2014,"Horror, Thriller",9000000,111928365,1.7754078126920183,6.628,12.089406234811339,6.628
9802,The Rock,1996,"Action, Adventure, Thriller",75000000,335062621,1.773858311471118,7.14,28.837796877467365,7.14
184345,A Haunted House 2,2014,"Comedy, Horror",4000000,25343661,1.773430862858456,6.171,20.76998956147961,6.171
4588,"Lust, Caution",2007,"Action, Drama, Romance, Thriller",15000000,67100000,1.7717744994843905,7.3,18.772315157182792,7.3
39451,Little Fockers,2010,"Comedy, Romance",100000000,310650585,1.768942652425504,5.656,29.330806760223698,5.656
8656,Deep Impact,1998,"Action, Drama, Science Fiction",75000000,349464664,1.768408341659676,6.2,25.662764013559823,6.2
424139,Halloween,2018,"Horror, Thriller",10000000,259939869,1.7624774921589896,6.564,16.93542267804445,6.564
2832,Identity,2003,"Mystery, Thriller",28000000,90259536,1.7621569056994932,7.2,15.205991587659987,7.2
109439,The Hangover Part III,2013,Comedy,103000000,362000072,1.7598059383298517,6.209,15.25356991245178,6.209
64686,47 Ronin,2013,"Drama, Action, Fantasy",175000000,151783839,1.7553177278968997,6.202,32.06656043575183,6.202
9037,Grease 2,1982,"Comedy, Music, Romance",13200000,15172313,1.7534476402165031,5.227,8.556305461048325,5.227
375588,Robin Hood,2018,"Adventure, Action, Thriller, Fantasy",100000000,86493046,1.7526461740677617,5.906,18.856397541513118,5.906
390043,The Hitman's Bodyguard,2017,"Action, Comedy, Crime, Thriller",30000000,176586701,1.7485854122474715,6.893,30.473301792185264,6.893
423108,The Conjuring: The Devil Made Me Do It,2021,"Horror, Mystery, Thriller",39000000,206444123,1.747142773179737,7.361,12.988677589173472,7.361
3981,What Women Want,2000,"Comedy, Romance",70000000,374100000,1.7466618934904925,6.446,29.4489322562585,6.446
376867,Moonlight,2016,Drama,4000000,65046687,1.7454864098056717,7.358,6.724334877578101,7.358
10719,Elf,2003,"Comedy, Family, Fantasy",32000000,228500000,1.745326116575923,6.7,14.07559621588255,6.7
37958,Immortals,2011,"Fantasy, Action, Drama",75000000,226904017,1.7444177882740164,6.04,24.6878185133004,6.04
12230,One Hundred and One Dalmatians,1961,"Adventure, Animation, Comedy, Family",3600000,303000000,1.7444177882740164,7.173,7.905999995898422,7.173
922,Dead Man,1995,"Drama, Fantasy, Western",9000000,1038000,1.7443643571974334,7.307,23.16715783083855,7.307
217,Indiana Jones and the Kingdom of the Crystal Skull,2008,"Adventure, Action",185000000,786636033,1.7438300464316059,6.018,26.281897472811654,6.018
88,Dirty Dancing,1987,"Drama, Music, Romance",6000000,214577242,1.743776615355023,7.328,9.521817327943857,7.328
800158,The Killer,2023,"Crime, Thriller",175000000,362113,1.7431888735126129,6.582,13.419343460133671,6.582
89,Indiana Jones and the Last Crusade,1989,"Adventure, Action",48000000,474171806,1.7414256479853816,7.849,24.380405113029287,7.849
262500,Insurgent,2015,"Action, Science Fiction, Thriller",110000000,297002527,1.7340521594169607,6.4,30.660333827573695,6.4
406,La Haine,1995,Drama,2600000,15300000,1.7326629514258087,8.081,12.277258586144455,8.081
406759,Moonfall,2022,"Science Fiction, Adventure, Action",146000000,67319703,1.7325560892726428,6.254,19.834009068592774,6.254
974635,Hit Man,2024,"Comedy, Romance, Crime",8800000,5101673,1.7323957960428946,6.794,22.260708711960415,6.794
9334,The Scorpion King,2002,"Action, Adventure, Fantasy",60000000,165333180,1.7323423649663119,5.592,18.696846090271674,5.592
163,Ocean's Twelve,2004,"Thriller, Crime",110000000,362744280,1.731487467740988,6.565,46.48402332158231,6.565
2024,The Patriot,2000,"Drama, History, War, Action",110000000,215294342,1.730686001592246,7.184,28.21005010079633,7.184
19912,The Final Destination,2009,"Horror, Mystery",40000000,187384627,1.7298311043669221,5.6,12.926128498391156,5.6
968051,The Nun II,2023,Horror,38500000,269670590,1.7282281720694392,6.65,9.736740105451617,6.65
1621,Trading Places,1983,Comedy,15000000,90404800,1.7271595505377841,7.231,14.730823576700569,7.231
1263256,Happy Gilmore 2,2025,Comedy,152000000,0,1.7247017210149773,6.552,18.838760748702366,6.552
339964,Valerian and the City of a Thousand Planets,2017,"Adventure, Science Fiction, Action",177200000,225973340,1.724434565632063,6.629,13.968544985101012,6.629
926,Galaxy Quest,1999,"Comedy, Science Fiction, Adventure",45000000,90683916,1.7241139791725666,7.081,18.657470924926738,7.081
449176,"Love, Simon",2018,"Comedy, Drama, Romance",17000000,66316289,1.7216027185731766,7.981,19.044249892846235,7.981
461130,Code 8,2019,"Science Fiction, Action, Crime",15000000,157209,1.7198929241225285,6.263,13.441902148612538,6.263
756,Fantasia,1940,"Animation, Family, Fantasy",2280000,76411819,1.717328232446556,7.343,3.6298980552359743,7.343
17654,District 9,2009,Science Fiction,30000000,210888950,1.7154047136895765,7.461,6.660760391864928,7.461
9604,Red Heat,1988,"Action, Crime",29000000,34994648,1.7142826610813386,6.2,17.469038200062755,6.2
9475,Scent of a Woman,1992,Drama,31000000,134100000,1.714068936775007,7.781,16.94711218025623,7.781
9016,Treasure Planet,2002,"Science Fiction, Adventure, Animation, Family, Fantasy",140000000,109578115,1.7115576761756175,7.564,22.034916748185566,7.564
9342,The Mask of Zorro,1998,"Action, Adventure",95000000,250288523,1.7084052426572345,6.578,24.76718408094878,6.578
458723,Us,2019,"Horror, Mystery",20000000,256071218,1.7082449494274863,6.951,17.151370850483065,6.951
700,Octopussy,1983,"Adventure, Action, Thriller",27500000,187500000,1.7081380872743204,6.354,7.330958518673468,6.354
1089,Point Break,1991,"Action, Thriller, Crime",24000000,83531958,1.7080846561977379,7.155,26.778803856305256,7.155
279,Amadeus,1984,"History, Music, Drama",18000000,90007557,1.7060008442110104,8.023,10.43708484322737,8.023
1637,Speed,1994,"Action, Thriller",30000000,350448145,1.7054665334451824,7.147,39.56937514483703,7.147
379149,The Foreigner,2017,"Action, Thriller, Crime",35000000,145374099,1.704932222679355,6.974,52.65402969953878,6.974
673593,Mean Girls,2024,Comedy,36000000,104970953,1.7045582051432757,5.896,10.19652719244817,5.896
718789,Lightyear,2022,"Animation, Science Fiction, Family, Adventure",200000000,226425420,1.7027949796160444,6.883,21.55523699953037,6.883
10398,Double Jeopardy,1999,"Thriller, Crime, Mystery",70000000,177841558,1.6987876488723372,6.622,15.945506411794504,6.622
504172,The Mule,2018,"Crime, Drama",50000000,174800000,1.6976655962640994,6.863,23.302099803739413,6.863
353491,The Dark Tower,2017,"Fantasy, Action, Science Fiction",60000000,113231078,1.697505303034351,5.788,22.013998691596072,5.788
274857,King Arthur: Legend of the Sword,2017,"Action, Drama, Fantasy",175000000,149175066,1.6970244233451064,6.55,19.895122606471887,6.55
744275,After We Fell,2021,"Romance, Drama",14000000,21753705,1.6946734559754646,7.0,15.416402627471973,7.0
9286,Final Destination 3,2006,"Horror, Mystery",25000000,118890272,1.694620024898882,6.149,12.561703139964356,6.149
323272,War Room,2015,Drama,3000000,73267874,1.69419257628622,7.8,5.5393884954790344,7.8
168098,Cell,2016,"Horror, Science Fiction, Thriller",0,1133031,1.6932308169077301,4.7,24.14805062169695,4.7
568,Apollo 13,1995,"Drama, History",52000000,355237933,1.692589643988737,7.452,37.959710182376746,7.452
278924,Mechanic: Resurrection,2016,"Action, Crime, Thriller",40000000,125729635,1.6916278846102473,6.0,76.88267636280115,6.0
9373,The Texas Chainsaw Massacre,2003,Horror,9500000,107385515,1.687887709249454,6.301,15.267720362497617,6.301
30497,The Texas Chain Saw Massacre,1974,Horror,140000,30922680,1.686765656641216,7.281,5.857260924044897,7.281
2661,Batman,1966,"Action, Comedy, Crime",1377800,3900000,1.6859107594158915,6.388,7.156436301441501,6.388
15512,Monsters vs Aliens,2009,"Animation, Family, Adventure, Science Fiction",175000000,381509870,1.6855367418798122,6.24,26.40002296884646,6.24
347375,Mile 22,2018,"Action, Thriller",35000000,66308758,1.6816897043658532,6.232,28.596213831757307,6.232
5925,The Great Escape,1963,"Adventure, Drama, War",4000000,11700000,1.6804073585278672,7.928,12.946021160049796,7.928
49046,All Quiet on the Western Front,2022,"War, History, Drama",20000000,0,1.6774152182392323,7.722,5.032228162676855,7.722
55779,Final Destination 5,2011,"Horror, Mystery",40000000,157887643,1.6741024914911011,6.153,5.4151106298590905,6.153
36586,Blade II,2002,"Fantasy, Horror, Action, Thriller",54000000,155010032,1.673033869959446,6.555,15.846863419446002,6.555
579047,Reminiscence,2021,"Mystery, Science Fiction",68000000,18717947,1.6724995591936183,6.525,29.17761275755357,6.525
261023,Black Mass,2015,"Drama, Crime, History",53000000,99975678,1.6705226093600565,6.528,26.014064316871643,6.528
37136,The Naked Gun: From the Files of Police Squad!,1988,"Comedy, Crime",12000000,152356177,1.6698280053644803,7.268,12.861528617747128,7.268
37169,The Human Centipede (First Sequence),2009,Horror,2000000,252207,1.669721143211315,5.19,5.0199234235065635,5.19
15,Citizen Kane,1941,"Mystery, Drama",839727,23218000,1.669721143211315,7.979,8.294214516721116,7.979
451915,Beautiful Boy,2018,Drama,25000000,31749905,1.6682785041435806,7.549,39.24022337203174,7.549
320,Insomnia,2002,"Thriller, Crime, Drama",46000000,113714830,1.6669427272290112,6.955,21.263614681194465,6.955
41439,Saw 3D,2010,"Horror, Crime",17000000,136151680,1.6644314666296216,5.981,8.789480268325347,5.981
9879,Striptease,1996,"Comedy, Crime, Drama",50000000,113309743,1.6637902937106284,5.554,30.633058322412882,5.554
429300,Adrift,2018,"Thriller, Romance, Adventure",35000000,59945012,1.6624545167960592,6.839,24.046946681514388,6.839
10386,The Iron Giant,1999,"Animation, Science Fiction, Family, Drama",50000000,23300000,1.6623476546428935,8.0,31.00609699825888,8.0
1633,Fried Green Tomatoes,1991,"Drama, Comedy",11000000,119418501,1.6598898251200862,7.7,16.700812317864226,7.7
8388,¡Three Amigos!,1986,"Comedy, Western, Action",25000000,39200000,1.6546001485383928,6.327,15.294380630699914,6.327
7518,Over the Hedge,2006,"Family, Comedy, Animation, Adventure",80000000,343397247,1.6532109405472415,6.586,21.377023360547316,6.586
763285,Ambulance,2022,"Thriller, Action, Crime, Drama",40000000,52303589,1.6510736974839308,6.6,32.57577155841573,6.6
361292,Suspiria,2018,"Horror, Mystery, Drama",20000000,7953089,1.6482952815016267,6.904,23.967991271838354,6.904
169917,A Walk Among the Tombstones,2014,"Crime, Drama, Mystery, Thriller",28000000,58834384,1.648081557195296,6.327,28.589241146227472,6.327
526896,Morbius,2022,"Action, Science Fiction, Fantasy",75000000,167635712,1.6475472464294687,5.925,23.249599583279505,5.925
1979,Fantastic Four: Rise of the Silver Surfer,2007,"Science Fiction, Adventure, Action",130000000,301913131,1.6474938153528862,5.63,32.910460463847656,5.63
9506,Anger Management,2003,Comedy,75000000,195745823,1.6470663667402234,6.158,28.900756126222017,6.158
20504,The Book of Eli,2010,"Action, Thriller, Science Fiction",80000000,157107755,1.6470129356636407,6.792,37.01798747787711,6.792
306947,The Invitation,2016,"Thriller, Horror",1000000,354835,1.6469060735104755,6.429,18.387176821152668,6.429
76493,The Dictator,2012,Comedy,65000000,179379533,1.6441810886047545,6.223,24.358461661508933,6.223
60935,The Thing,2011,"Horror, Science Fiction, Mystery",35000000,31505287,1.638944843099644,6.226,14.773480005824243,6.226
277216,Straight Outta Compton,2015,"Drama, Music, History",28000000,201634991,1.6380365147977367,7.779,8.154760806124479,7.779
1079091,It Ends with Us,2024,"Drama, Romance",55000000,350993761,1.6377693594148233,6.949,16.800685784129758,6.949
6477,Alvin and the Chipmunks,2007,"Comedy, Family, Fantasy, Animation",60000000,361366633,1.6340291840540297,5.831,10.217650328023838,5.831
535,Flashdance,1983,"Drama, Romance",7000000,201521203,1.6339223219008645,6.483,11.048630379990856,6.483
795,City of Angels,1998,"Romance, Drama, Fantasy",55000000,198685114,1.6333880111350365,6.806,23.881858097646315,6.806
10096,13 Going on 30,2004,"Comedy, Fantasy, Romance",37000000,96458118,1.6322659585267987,6.8,22.23712462855069,6.8
2756,The Abyss,1989,"Adventure, Thriller, Science Fiction",43000000,90000098,1.6306630262293158,7.336,12.835893744475687,7.336
365620,Ferrari,2023,"History, Drama",95000000,39220516,1.6306095951527333,6.375,27.76995059647224,6.375
1955,The Elephant Man,1980,"Drama, History",5000000,26000000,1.6299684222337396,8.049,17.851100351300307,8.049
206487,Predestination,2014,"Science Fiction, Thriller",5500000,4942449,1.6279914724001778,7.4,17.155882588178837,7.4
966220,Sniper: The White Raven,2022,"War, Action, Drama",1000000,881,1.6267091265621911,7.639,6.844306084488442,7.639
41154,Men in Black 3,2012,"Action, Comedy, Science Fiction",225000000,654213485,1.6261213847197813,6.539,30.027460076248367,6.539
764,The Evil Dead,1981,Horror,350000,29612367,1.62339639981406,7.3,5.703451684416253,7.3
884605,No Hard Feelings,2023,"Comedy, Romance",45000000,83000000,1.6221674850526564,6.684,15.62230192958818,6.684
20762,The Substitute,1996,"Action, Crime, Drama, Thriller",0,14818176,1.618694465074777,6.92,9.70905444231846,6.92
639,When Harry Met Sally...,1989,"Comedy, Romance, Drama",16000000,92823546,1.6179464300026183,7.404,11.39931544634416,7.404
71552,American Reunion,2012,Comedy,50000000,234989584,1.6178929989260356,6.3,14.02965852298013,6.3
345920,Collateral Beauty,2016,"Drama, Romance",36000000,88528280,1.6166640841646323,7.217,46.67167059392926,7.217
1735,The Mummy: Tomb of the Dragon Emperor,2008,"Adventure, Action, Fantasy",145000000,403449830,1.6165037909348836,5.512,17.625103308539288,5.512
1607,A Bronx Tale,1993,"Drama, Crime",22000000,17287898,1.6163434977051356,7.871,20.782294300649898,7.871
1624,Liar Liar,1997,Comedy,45000000,302710615,1.6162900666285527,6.706,61.16275683579531,6.706
581528,"The Gangster, the Cop, the Devil",2019,"Crime, Action, Thriller",6500000,25775371,1.615328307250063,7.8,9.149393889056372,7.8
2026,Hostage,2005,"Action, Thriller, Crime",52000000,77944725,1.6152214450968976,6.347,16.010106292438532,6.347
343611,Jack Reacher: Never Go Back,2016,"Action, Thriller, Drama, Crime",60000000,162100000,1.6147939964842355,6.006,39.92026529017652,6.006
936,The Pink Panther,1963,"Comedy, Crime",0,10878107,1.613351357416501,6.842,12.314582961627673,6.842
2112,Payback,1999,"Action, Drama, Crime, Thriller",90000000,161626121,1.6103592171278662,6.821,22.84764477038332,6.821
10895,Pinocchio,1940,"Animation, Family, Fantasy",2600000,164000000,1.6089165780601316,7.102,5.2198754350238,7.102
25,Jarhead,2005,"Drama, War",72000000,97076152,1.6071533525329,6.7,27.629061332972398,6.7
9618,Tango & Cash,1989,"Action, Thriller, Comedy, Drama, Crime",55000000,63408614,1.6057107134651656,6.5,34.132731221429935,6.5
877817,Wolfs,2024,"Crime, Comedy",80000000,0,1.601810244874624,6.537,38.580279194531784,6.537
664,Twister,1996,"Action, Adventure, Drama",92000000,494471524,1.598711242432824,6.547,12.483157888260664,6.547
44826,Hugo,2011,"Adventure, Drama, Family",170000000,185770160,1.5953985156846928,7.175,21.86162500487063,7.175
37707,Splice,2010,"Horror, Science Fiction",26000000,0,1.5953985156846928,5.867,13.582586333126207,5.867
675445,PAW Patrol: The Movie,2021,"Family, Comedy, Adventure, Animation",26000000,144327371,1.5936887212340445,7.336,9.428711468221987,7.336
9874,Cobra,1986,"Action, Crime, Thriller",25000000,49042224,1.5922460821663098,6.144,23.40422913885283,6.144
1008409,The Bikeriders,2024,"Crime, Drama",40000000,36110860,1.591978926783396,6.676,34.87778317819109,6.676
893723,PAW Patrol: The Mighty Movie,2023,"Family, Comedy, Adventure, Animation",30000000,202231360,1.5918720646302305,7.008,33.09564678836055,7.008
37247,The Graduate,1967,"Drama, Romance, Comedy",3000000,104945305,1.591551478170734,7.631,15.704538603042964,7.631
131634,The Hunger Games: Mockingjay - Part 2,2015,"Action, Adventure, Science Fiction",160000000,653428261,1.591017167404906,6.901,22.895223095175112,6.901
324668,Jason Bourne,2016,"Action, Adventure, Thriller",120000000,415484914,1.5898416837200853,6.371,29.188892101793012,6.371
50544,Friends with Benefits,2011,"Romance, Comedy",35000000,149500000,1.5885593378820992,6.646,27.470535276661813,6.646
43947,I Spit on Your Grave,2010,"Thriller, Crime, Horror",2000000,572809,1.58818532034602,6.502,8.74559336528464,6.502
3580,Changeling,2008,"Crime, Drama, Mystery",55000000,113400000,1.5870098366611993,7.6,28.338839704112047,7.6
395990,Death Wish,2018,"Action, Crime, Thriller, Drama",30000000,34017028,1.582681919457995,6.225,20.705389680835577,6.225
4977,Paprika,2006,"Animation, Science Fiction, Thriller",2600000,946590,1.5800637967054398,7.811,5.912017013352693,7.811
277,Underworld,2003,"Fantasy, Action, Thriller",22000000,95708457,1.579850072399109,6.846,20.531482700562123,6.846
11459,Sky High,2005,"Adventure, Comedy, Family",35000000,86369815,1.5785677265611224,6.3,27.409626817768867,6.3
405774,Bird Box,2018,"Horror, Thriller, Drama",19800000,0,1.5766442078041436,6.826,23.777883051657348,6.826
1992,Planet Terror,2007,"Horror, Action, Thriller",23000000,11446172,1.5740260850515881,6.685,12.87506383083445,6.685
72976,Lincoln,2012,"History, Drama",65000000,275300000,1.573972653975005,6.851,18.636347789351067,6.851
710295,Wolf Man,2025,"Horror, Thriller",25000000,35153314,1.5726368770604362,6.204,6.712645375366323,6.204
10222,Kickboxer,1989,"Action, Thriller, Drama",1500000,50000000,1.5717285487585289,6.841,15.9692955741904,6.841
2005,Sister Act,1992,"Music, Comedy",31000000,231605150,1.571407962299033,6.827,15.184868452084322,6.827
816,Austin Powers: International Man of Mystery,1997,"Science Fiction, Comedy, Crime",16500000,67711748,1.571301100145867,6.588,13.119312903364733,6.588
758323,The Pope's Exorcist,2023,"Horror, Thriller",18000000,76987621,1.5703393407673776,6.917,10.245541070143167,6.917
668,On Her Majesty's Secret Service,1969,"Adventure, Action, Thriller",7000000,82000000,1.5690569949293909,6.563,9.837228808675663,6.563
74308,Detachment,2011,Drama,0,1681521,1.5668128897129148,7.624,19.970591673383005,7.624
363676,Sully,2016,"Drama, History",60000000,240800000,1.5659579924875908,7.2,34.876552704274054,7.2
20453,3 Idiots,2009,"Drama, Comedy",9000000,70000000,1.5654236817217628,8.0,19.792993271358466,8.0
945729,A Haunting in Venice,2023,"Mystery, Thriller, Crime",60000000,121400000,1.5653702506451803,6.6,11.243250337867632,6.6
296099,Vacation,2015,"Comedy, Adventure",31000000,104400000,1.5645153534198561,6.313,11.810498813618064,6.313
9778,Serendipity,2001,"Comedy, Romance",28000000,77516304,1.5633933008116183,6.952,22.098081075926395,6.952
1140535,Presence,2025,"Horror, Thriller, Drama",2000000,11069405,1.5625918346628769,6.119,11.620390593437065,6.119
395992,Life,2017,"Horror, Science Fiction, Mystery",58000000,100541806,1.5622712482033803,6.448,39.00889427563026,6.448
282035,The Mummy,2017,"Fantasy, Thriller, Action, Adventure, Horror",125000000,409231607,1.5590653836084145,5.518,43.58195058826907,5.518
72331,Abraham Lincoln: Vampire Hunter,2012,"Action, Fantasy, Horror",69000000,116500000,1.5590119525318318,5.763,13.883027047867488,5.763
339397,Café Society,2016,"Comedy, Drama, Romance",30000000,43763247,1.5584242106894215,6.44,25.746026081945462,6.44
717930,Kandahar,2023,"Action, Thriller, War",30000000,9400000,1.5577296066938457,6.787,26.534349704788806,6.787
159824,Hotel Transylvania 2,2015,"Animation, Comedy, Family, Fantasy",80000000,473200000,1.5571418648514352,6.767,26.707231290131396,6.767
25237,Come and See,1985,"Drama, War",5000000,20929648,1.556019812243197,8.218,4.783057194478454,8.218
253412,Everest,2015,"Adventure, Drama, History",55000000,203427584,1.55511148394129,6.827,30.384912749145336,6.827
109414,This Is the End,2013,"Action, Comedy",32000000,126041322,1.5547374664052107,6.237,28.34991396936531,6.237
540901,Hustlers,2019,"Drama, Comedy, Crime",20000000,157563598,1.5496080830532657,6.471,17.509438760338547,6.471
36670,Never Say Never Again,1983,"Adventure, Action, Thriller",36000000,160000000,1.5459213387690554,6.06,12.132677900893531,6.06
10585,Child's Play,1988,Horror,9000000,44196684,1.5453870280032276,6.738,8.215464186031252,6.738
83666,Moonrise Kingdom,2012,"Comedy, Drama, Romance",16000000,68263166,1.5446924240076516,7.676,12.235832630937809,7.676
27582,The Mechanic,2011,"Action, Thriller, Crime",40000000,51070807,1.5441581132418238,6.527,61.98737943919102,6.527
232672,Blended,2014,"Comedy, Romance",40000000,128000000,1.5428757674038378,6.892,24.111341483172247,6.892
103663,The Hunt,2012,Drama,3800000,18300000,1.5426620430975067,8.097,12.492796600610728,8.097
341013,Atomic Blonde,2017,"Action, Adventure, Thriller",30000000,100014025,1.5425017498677582,6.434,21.32493329805975,6.434
867,Sliver,1993,"Drama, Thriller",40000000,116300000,1.538066970511389,5.551,17.96861061037659,5.551
881,A Few Good Men,1992,Drama,40000000,243240178,1.535609140988582,7.54,63.6259605387015,7.54
11713,Fist of Fury,1972,"Drama, Action, Thriller",100000,100000000,1.534967968069589,7.217,11.355428543303454,7.217
947,Lawrence of Arabia,1962,"Adventure, History, War",15000000,70000000,1.5336856222316029,8.0,10.620015298892369,8.0
8204,The Spiderwick Chronicles,2008,"Family, Adventure, Fantasy, Drama",90000000,164200000,1.5313880859385436,6.677,13.422829802898587,6.677
42297,Burlesque,2010,"Drama, Romance",55000000,89500000,1.529517998258147,7.211,10.380277964057859,7.211
222935,The Fault in Our Stars,2014,"Romance, Drama",14000000,307166834,1.5278616348840817,7.593,19.17488520703749,7.593
11814,Weird Science,1985,"Comedy, Fantasy, Science Fiction, Romance",7500000,38934048,1.5248694945954469,6.54,7.083223103378266,6.54
10028,Honey,2003,"Music, Drama, Romance",18000000,62646763,1.5224116650726398,6.343,22.907732913331575,6.343
47964,A Good Day to Die Hard,2013,"Action, Thriller",92000000,304654182,1.5199538355498328,5.334,15.75375755972413,5.334
1213,The Talented Mr. Ripley,1999,"Thriller, Crime, Drama",40000000,128798265,1.519259231554257,7.2,31.92731180414137,7.2
53182,300: Rise of an Empire,2014,"Action, Drama, War",110000000,337580051,1.5182440410991844,6.115,27.18362977500785,6.115
1041613,Immaculate,2024,"Horror, Mystery, Thriller",9000000,35340015,1.5177631614099394,6.209,82.6847710395659,6.209
11977,Caddyshack,1980,Comedy,6000000,39846344,1.514236710355477,6.614,8.343843631374625,6.614
8619,Master and Commander: The Far Side of the World,2003,"Adventure, Drama, War",150000000,211623421,1.5139695549725634,7.182,17.57773006273366,7.182
11249,Seed of Chucky,2004,"Horror, Comedy",12000000,24829644,1.512526915904829,5.504,16.132743526169104,5.504
340837,A Cure for Wellness,2017,"Horror, Mystery, Science Fiction",40000000,26620002,1.5121528983687496,6.351,20.521023672267376,6.351
9772,Air Force One,1997,"Action, Thriller",85000000,315200000,1.5117254497560875,6.469,28.64461247249378,6.469
4836,Layer Cake,2004,"Drama, Thriller, Crime",6500000,11900000,1.5101759485351873,6.913,39.8620228581038,6.913
9314,Nineteen Eighty-Four,1984,"Drama, Science Fiction",7430072,8430492,1.5076112568592148,6.782,10.520551990599182,6.782
23631,Machete,2010,"Action, Comedy, Thriller",10500000,45491656,1.5071838082465523,6.337,30.437823127577595,6.337
77950,Turbo,2013,"Animation, Family",135000000,282570682,1.5054205827193217,6.262,24.204447342894117,6.262
525,The Blues Brothers,1980,"Music, Comedy, Action, Crime",27000000,115229890,1.5046725476471627,7.7,7.474923966965877,7.7
467938,Revenge,2018,"Action, Horror, Thriller",2900000,938055,1.5043519611876663,6.507,5.986460685332957,6.507
466081,The Informer,2019,"Drama, Crime, Thriller",60000000,2927708,1.5027490288901835,6.538,22.71762469315057,6.538
12437,Underworld: Rise of the Lycans,2009,"Fantasy, Action, Thriller",35000000,92158961,1.5024284424306866,6.5,18.78297926446371,6.5
2270,Stardust,2007,"Adventure, Fantasy, Romance, Family",70000000,137500000,1.5000774750610453,7.285,19.411751436065604,7.285
278154,Ice Age: Collision Course,2016,"Adventure, Animation, Family, Comedy, Science Fiction",105000000,408579038,1.4990088535293897,6.114,17.312152775641543,6.114
387,Das Boot,1981,"Drama, History, War",14000000,85000000,1.4979402319977349,8.084,8.91662923975169,8.084
473033,Uncut Gems,2019,"Drama, Thriller, Crime",19000000,50023780,1.4961770064705033,7.157,17.84207687590876,7.157
1824,50 First Dates,2004,"Comedy, Romance",75000000,196482882,1.4939329012540274,6.9,27.195934514178138,6.9
514439,Breakthrough,2019,Drama,14000000,49200000,1.4933451594116176,7.644,13.518601689440688,7.644
619730,Don't Worry Darling,2022,"Science Fiction, Mystery, Thriller",35000000,86700000,1.4910476231185583,6.77,21.435675950592376,6.77
12144,The Land Before Time,1988,"Family, Animation, Adventure",12500000,84704291,1.4910476231185583,7.145,6.057212935562132,7.145
241848,The Guest,2014,"Mystery, Thriller, Action",5000000,2700051,1.4907804677356447,6.64,13.971416090907413,6.64
614933,Atlas,2024,"Science Fiction, Action",100000000,0,1.4888035179020824,6.675,19.80263198370853,6.675
50359,Hop,2011,"Animation, Comedy, Family",63000000,183953723,1.4880554828299242,5.796,29.062358367325174,5.796
965150,Aftersun,2022,Drama,0,7834405,1.4875211720640962,7.7,8.767331737818822,7.7
664413,365 Days,2020,"Romance, Drama",0,9458590,1.4867731369919372,7.0,21.003779605715142,7.0
414,Batman Forever,1995,"Action, Crime, Fantasy",100000000,336529144,1.4847961871583755,5.453,64.45201869500039,5.453
81188,Rise of the Guardians,2012,"Animation, Family, Fantasy, Action, Adventure",145000000,306941670,1.4847427560817923,7.4,17.871403170931284,7.4
9476,A Knight's Tale,2001,"Adventure, Drama, Romance, Action",65000000,117487473,1.4830329616311442,6.868,20.998242473088514,6.868
9919,How to Lose a Guy in 10 Days,2003,"Comedy, Romance",50000000,177500000,1.4823383576355682,6.9,27.798251496563903,6.9
949423,Pearl,2022,"Horror, Thriller",1000000,10139416,1.4805217010317546,7.236,16.4942977787895,7.236
250546,Annabelle,2014,Horror,6500000,257589952,1.4777432850494507,5.789,12.628353810470102,5.789
766,Army of Darkness,1992,"Fantasy, Horror, Comedy",11000000,21502976,1.4775295607431196,7.262,11.803936286060576,7.262
13333,Game of Death,1978,"Drama, Action, Thriller",850000,50000000,1.4770486810538745,6.397,10.147308235767008,6.397
11171,Mysterious Skin,2005,Drama,3000000,2148548,1.47501830014373,7.708,21.346671670593935,7.708
644,A.I. Artificial Intelligence,2001,"Drama, Science Fiction, Adventure",100000000,235926552,1.4727741949272537,7.053,15.887469058707962,7.053
49018,Insidious,2011,"Horror, Thriller",1500000,100106454,1.4721330220082605,6.9,16.46804766855955,6.9
332411,I Am Wrath,2016,"Action, Crime, Drama, Thriller",18000000,0,1.470049210021533,5.698,17.777271916278554,5.698
1933,The Others,2001,"Horror, Mystery, Thriller",17000000,210002906,1.4677516737284744,7.617,15.585797870049653,7.617
189,Sin City: A Dame to Kill For,2014,"Action, Crime, Thriller",65000000,39407616,1.4674845183455605,6.403,34.35585715838456,6.403
587807,Tom & Jerry,2021,"Comedy, Family, Animation",50000000,136536687,1.4674310872689775,6.736,19.415032699844346,6.736
617653,The Last Duel,2021,"History, Drama, Action",100000000,30552111,1.4633703254486876,7.415,28.03429740964733,7.415
799583,The Ministry of Ungentlemanly Warfare,2024,"Action, Comedy, War",60000000,29768915,1.4621414106872839,7.022,42.071338776129636,7.022
1125,Dreamgirls,2006,"Drama, Music",70000000,154937680,1.46032475408347,6.709,18.266385298297642,6.709
2322,Sneakers,1992,"Comedy, Crime, Drama",23000000,105232691,1.4600575987005566,6.912,14.184082999567282,6.912
62213,Dark Shadows,2012,"Comedy, Fantasy",150000000,245527149,1.4550350775017766,6.096,34.4239433817935,6.096
426426,Roma,2018,Drama,15000000,1140769,1.452523816902387,7.6,2.841164274420293,7.6
507076,Climax,2018,"Horror, Drama",2900000,1696075,1.45220323044289,7.051,7.334444861438383,7.051
646380,Don't Look Up,2021,"Comedy, Science Fiction, Drama",75000000,791863,1.4484096240055144,7.063,40.99487917771531,7.063
9023,Spirit: Stallion of the Cimarron,2002,"Animation, Adventure, Family, Drama, Western",80000000,122563539,1.4484096240055144,7.687,23.468829019496862,7.687
70006,Never Back Down 2: The Beatdown,2011,"Drama, Action",3000000,0,1.4477150200099382,6.489,11.955284577855164,6.489
549509,The Brutalist,2024,Drama,9600000,50145227,1.446860122784614,6.964,20.0729260874826,6.964
840430,The Holdovers,2023,"Comedy, Drama",13000000,42513270,1.4460586566358726,7.648,13.034000045117377,7.648
786,Almost Famous,2000,"Drama, Music",60000000,47386287,1.444616017568138,7.497,20.632381561758518,7.497
9567,Tears of the Sun,2003,"War, Action, Drama",75000000,86500000,1.4443488621852245,6.886,28.707366642262272,6.886
619264,The Platform,2019,"Drama, Science Fiction, Thriller",1203235,1090116,1.4441351378788934,6.968,6.147652768463774,6.968
1137350,The Phoenician Scheme,2025,"Comedy, Adventure, Crime",30000000,40566381,1.4429596541940726,6.523,17.981120428533053,6.523
294016,Trumbo,2015,Drama,15000000,8235661,1.4400743760586034,7.163,18.288328749817996,7.163
13363,The Man from Earth,2007,"Science Fiction, Drama",200000,0,1.4390057545269483,7.627,8.548922617546149,7.627
8337,They Live,1988,"Science Fiction, Action, Thriller",4000000,13000000,1.4386851680674515,7.293,27.274069607909485,7.293
244,King Kong,1933,"Adventure, Fantasy, Horror",672000,10001781,1.4380974262250412,7.6,5.789379779622122,7.6
196,Back to the Future Part III,1990,"Adventure, Comedy, Science Fiction",40000000,244527583,1.4377234086889619,7.489,18.666084242345942,7.489
27586,The Runaways,2010,"Drama, Music",10000000,2995811,1.4374028222294655,6.456,27.647518441727836,6.456
1487,Hellboy,2004,"Fantasy, Action",66000000,99318987,1.437242528999717,6.675,15.902849982670828,6.675
9600,Big Momma's House,2000,"Crime, Comedy",30000000,173959438,1.4366547871573065,5.822,17.050471989286674,5.822
967,Spartacus,1960,"History, War, Drama, Adventure",12000000,60000000,1.4365479250041413,7.5,9.776525428768892,7.5
37495,Four Lions,2010,"Comedy, Crime, Drama",3900000,6200000,1.4357998899319826,6.954,10.610376586542307,6.954
9335,Transporter 2,2005,"Action, Thriller, Crime",32000000,89100000,1.4346244062471616,6.327,63.161046477050654,6.327
869,Planet of the Apes,2001,"Thriller, Science Fiction, Action, Adventure",100000000,362211740,1.4325940253370169,5.762,26.528607493175997,5.762
10992,Cats & Dogs,2001,"Family, Comedy, Action, Adventure, Fantasy",60000000,200687492,1.432540594260434,5.383,12.676957530192754,5.383
426,Vertigo,1958,"Mystery, Romance, Thriller",2479000,7808900,1.432113145647772,8.146,9.93812766987205,8.146
440021,Happy Death Day,2017,"Comedy, Horror, Mystery",4800000,125479266,1.4318994213414409,6.659,5.956929311324258,6.659
512195,Red Notice,2021,"Action, Comedy, Crime",160000000,178143,1.4309910930395338,6.744,31.529663649954788,6.744
8077,Alien³,1992,"Science Fiction, Action, Horror",50000000,159773545,1.4305636444268717,6.376,17.83797529618533,6.376
1443,The Virgin Suicides,2000,"Drama, Romance",6000000,10409377,1.4281058149040646,7.13,22.555407215088895,7.13
82,Miami Vice,2006,"Action, Crime, Thriller",135000000,163800000,1.4265028826065818,6.02,18.128572219590378,6.02
400155,Hotel Transylvania 3: Summer Vacation,2018,"Animation, Comedy, Family, Fantasy",80000000,528600000,1.4259151407641713,6.853,26.707231290131396,6.853
378236,The Emoji Movie,2017,"Animation, Family, Comedy",50000000,216909830,1.4214269303312193,5.401,19.602064735232773,5.401
77016,End of Watch,2012,"Crime, Drama, Thriller",7000000,55078146,1.4185416521957503,7.35,25.809190409686288,7.35
346685,The Girl on the Train,2016,"Crime, Mystery, Thriller",45000000,173200000,1.4181676346596708,6.443,31.467319638158646,6.443
437557,Blockers,2018,Comedy,21000000,94017294,1.416831857745102,6.305,19.985152281401184,6.305
2567,The Aviator,2004,Drama,110000000,213719942,1.415763236213447,7.215,40.51766037689416,7.215
241259,Alice Through the Looking Glass,2016,"Adventure, Family, Fantasy",170000000,299457024,1.4156029429836985,6.56,41.69358328360168,6.56
250538,The Good Lie,2014,Drama,20000000,3396345,1.414534321452043,7.433,11.596191273068825,7.433
9982,Chicken Little,2005,"Animation, Family, Comedy",150000000,314400000,1.4133054066906394,5.905,12.149494377759595,5.905
7326,Juno,2007,"Comedy, Drama, Romance",7500000,232372681,1.4120230608526532,7.056,22.86056474651212,7.056
699,For Your Eyes Only,1981,"Adventure, Action, Thriller",28000000,195300000,1.4113818879336602,6.54,13.130182089631823,6.54
424277,Annette,2021,"Drama, Romance",15500000,3688261,1.4042221236715702,6.667,15.851990394100287,6.667
253,Live and Let Die,1973,"Adventure, Action, Thriller",7000000,126400000,1.4039015372120733,6.506,12.71797332742706,6.506
610253,Halloween Kills,2021,"Horror, Thriller",20000000,133423964,1.4026191913740873,6.421,16.93542267804445,6.421
41630,No Strings Attached,2011,"Comedy, Romance",25000000,149200000,1.4012299833829354,6.297,22.899734832870884,6.297
484718,Coming 2 America,2021,Comedy,60000000,0,1.3997339132386182,6.346,12.81866710963728,6.346
97367,The Place Beyond the Pines,2013,"Drama, Crime",15000000,47135966,1.3989324470898767,6.985,30.69355662333348,6.985
3573,Emma,1996,"Romance, Comedy, Drama",6000000,22231658,1.398665291706963,6.611,16.41964902782307,6.611
37686,Super 8,2011,"Thriller, Science Fiction, Mystery",50000000,260100000,1.3985584295537974,6.77,23.717179671750582,6.77
152,Star Trek: The Motion Picture,1979,"Science Fiction, Adventure, Mystery",44000000,139346243,1.3979706877113869,6.483,12.911157732400635,6.483
475,Bonnie and Clyde,1967,"Crime, Drama",2500000,70000000,1.3976501012518905,7.492,7.420372956644253,7.492
81005,Jack the Giant Slayer,2013,"Fantasy, Action, Adventure, Drama",195000000,197700000,1.397489808022142,5.869,18.945196742525383,5.869
6075,Carlito's Way,1993,"Crime, Drama, Thriller",30000000,63848322,1.3973295147923936,7.8,24.979235752650133,7.8
2323,Field of Dreams,1989,"Drama, Fantasy",15000000,84431625,1.3954594271119973,7.116,33.98856069415135,7.116
117251,White House Down,2013,"Action, Drama, Thriller",150000000,205366737,1.394978547422752,6.466,24.371996874596253,6.466
11835,Death Sentence,2007,"Action, Crime, Drama, Thriller",20000000,16974459,1.3947113920398384,6.8,15.94735212267005,6.8
2330,Taxi,1998,"Action, Comedy, Crime, Adventure",8700000,44218015,1.3935893394316006,6.719,12.138625191492505,6.719
41733,Due Date,2010,"Comedy, Drama",65000000,211800000,1.3927878732828591,6.388,24.50611853155243,6.388
136799,Trolls,2016,"Family, Animation, Fantasy, Adventure, Comedy, Music",125000000,347337803,1.3926810111296934,6.628,16.506807596945965,6.628
9693,Children of Men,2006,"Action, Thriller, Science Fiction",76000000,70595464,1.3919864071341177,7.611,12.4353744844827,7.611
11778,The Deer Hunter,1978,"Drama, War",15000000,49000000,1.3913986652917072,7.979,26.85365768625787,7.979
5255,The Polar Express,2004,"Animation, Adventure, Family, Fantasy",165000000,318432432,1.390169750530304,6.725,28.65035468410658,6.725
11460,Red Eye,2005,"Thriller, Mystery",26000000,57891803,1.3900094573005553,6.397,30.9324736422233,6.397
11976,Legend,1985,"Adventure, Fantasy",24500000,15502112,1.3898491640708068,6.239,41.17288773771218,6.239
74465,We Bought a Zoo,2011,"Drama, Comedy, Family",50000000,120081841,1.3894751465347275,6.825,48.63222570172903,6.825
446893,Trolls World Tour,2020,"Family, Animation, Comedy, Fantasy, Adventure, Music",90000000,49276818,1.3877653520840794,7.247,12.672035634524637,7.247
20982,Naruto Shippuden the Movie,2007,"Animation, Action, Fantasy",0,13219807,1.3875516277777482,7.408,7.296710327982823,7.408
531876,The Outpost,2020,"War, Drama, History, Action",18000000,2133452,1.3874981967011657,6.902,17.732769776279333,6.902
8963,Crimson Tide,1995,"Thriller, Action, Drama, War",53000000,157387195,1.3874981967011657,7.178,16.848674266893898,7.178
21542,Love Don't Co$t a Thing,2003,"Comedy, Drama, Family, Romance",0,21964072,1.3867501616290068,7.555,9.652247563148949,7.555
21032,Balto,1995,"Family, Animation, Adventure",31000000,11348324,1.3867501616290068,7.304,15.765447061935905,7.304
897087,Freelance,2023,"Action, Comedy",40000000,9112817,1.3865898683992584,6.381,18.44377862133601,6.381
10781,The Texas Chainsaw Massacre: The Beginning,2006,"Horror, Thriller",16000000,50517763,1.3856281090207692,6.156,10.273021654290151,6.156
1391,Y Tu Mamá También,2001,"Drama, Romance",5000000,33600000,1.3849869361017757,7.413,19.999917968405533,7.413
94329,The Raid,2012,"Action, Thriller, Crime",1100000,9148519,1.383544297034041,7.398,9.534942383058837,7.398
713,The Piano,1993,"Drama, Romance",7000000,40200000,1.3833840038042933,7.38,18.32975470502464,7.38
682,The Man with the Golden Gun,1974,"Adventure, Action, Thriller",7000000,97600000,1.3814070539707308,6.457,12.36933905093547,6.457
314,Catwoman,2004,"Action, Fantasy, Crime",100000000,82102379,1.3806055878219894,4.621,28.782425551201047,4.621
10897,The Little Rascals,1994,"Romance, Comedy, Family",0,67308282,1.3794301041371684,6.799,5.783637568009319,6.799
752623,The Lost City,2022,"Action, Adventure, Comedy",74000000,192907684,1.3790026555245063,6.467,34.07141260456464,6.467
109421,Side Effects,2013,"Thriller, Crime, Drama",30000000,63414135,1.3776668786099373,6.612,16.069374119442102,6.612
213,North by Northwest,1959,"Thriller, Adventure",4000000,13275000,1.3689041820503642,7.965,14.811214539279804,7.965
68728,Oz the Great and Powerful,2013,"Fantasy, Adventure, Family",200000000,491868548,1.3683164402079542,5.931,36.549587073461346,5.931
15092,Crank: High Voltage,2009,"Action, Thriller, Crime",20000000,34600000,1.3678355605187091,6.079,62.129909334580226,6.079
326,Snakes on a Plane,2006,"Action, Thriller, Adventure, Crime, Horror",33000000,62022014,1.3678355605187091,5.485,17.280570611771125,5.485
544401,Cherry,2021,"Drama, Crime",40000000,0,1.3674081119060468,7.318,22.803347709370264,7.318
126963,Dragon Ball Z: Battle of Gods,2013,"Animation, Action, Science Fiction",0,50461371,1.3664463525275572,6.8,12.189074622090699,6.8
238713,Spy,2015,"Action, Comedy, Crime",65000000,235666219,1.3661791971446435,6.833,66.68409838049125,6.833
748230,Salem's Lot,2024,Horror,0,851156,1.3661257660680608,6.015,7.870521331290748,6.015
11906,Suspiria,1977,Horror,0,2900000,1.3654845931490678,7.475,4.791260353925315,7.475
278927,The Jungle Book,2016,"Family, Adventure, Fantasy",175000000,966550600,1.3651105756129882,6.868,14.808343433473404,6.868
942,Lethal Weapon 2,1989,"Action, Thriller, Crime",25000000,227853986,1.3639350919281674,7.025,25.407030517803936,7.025
119283,Parker,2013,"Action, Crime",35000000,46216641,1.3629733325496778,6.076,66.05471097193086,6.076
13700,Home on the Range,2004,"Animation, Family",110000000,145358062,1.3624390217838502,6.1,17.165931458501245,6.1
1051,The French Connection,1971,"Action, Crime, Thriller",1800000,41200000,1.3623855907072673,7.496,13.939833927036998,7.496
153518,The Angry Birds Movie,2016,"Animation, Adventure, Comedy, Family",73000000,349779543,1.3614772624053604,6.255,13.65990111091287,6.255
9316,Ong-Bak,2003,"Action, Crime",1100000,20112926,1.3614772624053604,7.132,9.873937947200366,7.132
10066,House of Wax,2005,"Horror, Thriller, Mystery",40000000,68766121,1.3603017787205396,6.022,19.634672294034047,6.022
11371,The Score,2001,"Action, Crime, Thriller, Mystery, Drama",68000000,113579918,1.3601949165673743,6.694,27.259303920905136,6.694
877269,Strange World,2022,"Animation, Family, Adventure, Science Fiction, Fantasy",180000000,73621640,1.3598743301078775,6.234,22.13089371371384,6.234
186,Lucky Number Slevin,2006,"Drama, Thriller, Crime, Mystery",27000000,56300000,1.3595537436483807,7.478,27.698378030298375,7.478
1023922,MaXXXine,2024,"Horror, Thriller",10000000,22057161,1.356187585823667,6.305,14.486984662142625,6.305
63311,The Skin I Live In,2011,"Drama, Horror, Mystery, Thriller",13000000,33750478,1.3547449467559325,7.489,15.03105921245568,7.489
1991,Death Proof,2007,"Action, Thriller",25000000,31126421,1.3544777913730188,6.84,23.3072267783937,6.84
21208,Orphan,2009,"Horror, Thriller",20000000,77912251,1.3535694630711117,6.991,17.417563374533703,6.991
501929,The Mitchells vs. the Machines,2021,"Animation, Adventure, Comedy",75000000,0,1.352874859075536,7.854,11.785069019332797,7.854
13497,Drumline,2002,"Drama, Romance, Comedy, Music",20000000,57600000,1.3527679969223703,6.891,17.95528047627544,6.891
60304,Hansel & Gretel: Witch Hunters,2013,"Fantasy, Horror, Action",50000000,226349749,1.351699375390715,6.096,20.842792601570494,6.096
201088,Blackhat,2015,"Crime, Thriller, Action",70000000,17752940,1.3484935107957492,5.514,22.220923388643136,5.514
10995,The Lover,1992,"Drama, Romance",0,5013090,1.3482263554128355,6.978,14.271856805648698,6.978
338952,Fantastic Beasts: The Crimes of Grindelwald,2018,"Fantasy, Adventure",200000000,654900000,1.3446464732817902,6.837,14.194952185834374,6.837
677179,Creed III,2023,"Drama, Action",75000000,275300000,1.3432038342140558,7.081,34.64440329192789,7.081
10228,Pokémon: The First Movie,1998,"Animation, Family, Adventure, Fantasy, Action",30000000,163644940,1.343150403137473,6.9,7.722659382261078,6.9
492188,Marriage Story,2019,Drama,18000000,333686,1.3412803154570765,7.731,42.90703564477859,7.731
11674,101 Dalmatians,1996,"Family, Comedy",54000000,320689294,1.3409597289975796,5.94,13.871952782614224,5.94
52629,El Infierno,2010,"Action, Crime, Western, Comedy, Drama",0,6703873,1.339089641317183,7.885,9.6446596406606,7.885
8698,The League of Extraordinary Gentlemen,2003,"Fantasy, Action, Thriller, Science Fiction",78000000,179265204,1.3388224859342694,5.975,11.634951201455241,5.975
12914,Stargate: Continuum,2008,"Action, Adventure, Science Fiction",7000000,0,1.3381813130152764,7.15,9.569805810707996,7.15
215,Saw II,2005,Horror,4000000,152925093,1.3379141576323623,6.604,11.434383952979491,6.604
746,The Last Emperor,1987,"Drama, History",23800000,44000000,1.3374867090197002,7.584,11.89294056605902,7.584
707,A View to a Kill,1985,"Adventure, Action, Thriller",30000000,152427960,1.3370592604070382,6.244,12.85106958945238,6.244
274167,Daddy's Home,2015,Comedy,50000000,242786137,1.3367386739475413,6.297,32.64877967749279,6.297
1547,The Lost Boys,1987,"Horror, Comedy, Thriller, Drama, Romance",8500000,32222567,1.3366852428709588,7.09,11.118767393261516,7.09
1592,Primal Fear,1996,"Crime, Drama, Mystery, Thriller",30000000,102616183,1.3360440699519658,7.657,22.65343497047888,7.657
228066,Victor Frankenstein,2015,"Drama, Science Fiction, Thriller",40000000,34200000,1.335990638875383,5.948,22.33166604117576,5.948
13179,Tinker Bell,2008,"Animation, Family, Adventure, Fantasy",48000000,9208064,1.333960257965238,6.915,12.867886066318443,6.915
10112,The Aristocats,1970,"Animation, Comedy, Family, Adventure",4000000,191000000,1.3318764459785104,7.3,5.3784014913343885,7.3
14412,Body Heat,1981,"Thriller, Crime",9000000,24058838,1.331235273059517,6.97,9.998625970792652,6.97
11470,Jason X,2001,"Horror, Science Fiction",11000000,17077882,1.3299529272215307,4.854,7.606584676087996,4.854
82703,Mr. Peabody & Sherman,2014,"Animation, Science Fiction, Comedy, Adventure, Family",145000000,272912430,1.328563719230379,6.719,7.763675179495384,6.719
1216191,Oddity,2024,"Horror, Mystery",0,1699044,1.3278691152348032,6.67,7.723274619219595,6.67
38234,Undisputed III: Redemption,2010,"Action, Thriller, Crime, Drama",3000000,76500000,1.3264799072436513,7.55,17.220687547809042,7.55
1656,The Legend of Zorro,2005,"Action, Adventure, Western",75000000,142400065,1.3261593207841544,6.12,17.67124608042788,6.12
969492,Land of Bad,2024,"Action, War, Thriller",18000000,7021101,1.3252509924822478,7.264,13.904765420401668,7.264
10634,Friday,1995,"Comedy, Drama",3500000,28215918,1.3232740426486855,7.132,19.07747268860602,7.132
10354,True Crime,1999,"Drama, Crime, Thriller, Mystery",55000000,16700000,1.322686300806275,6.523,14.4590939200233,6.523
13161,Big Stan,2007,"Comedy, Crime",7500000,8742330,1.3219382657341165,6.574,23.078768787798627,6.574
205587,The Judge,2014,Drama,40000000,84419388,1.3215108171214545,7.329,29.135571565388414,7.329
10431,War,2007,"Action, Crime, Thriller",25000000,40452643,1.3189995565220645,6.391,70.08410289222896,6.391
97,Tron,1982,"Science Fiction, Action, Adventure",17000000,33002371,1.3168623134587543,6.6,14.464836131636103,6.6
9377,Ferris Bueller's Day Off,1986,Comedy,6000000,70100000,1.31600741623343,7.568,11.382704048464266,7.568
11679,xXx: State of the Union,2005,"Action, Adventure, Crime, Thriller",60000000,71410636,1.3142441907061988,5.085,27.482224778873587,5.085
8536,Superman II,1980,"Science Fiction, Action, Adventure",54000000,216385706,1.3138701731701194,6.749,10.04681953254296,6.749
201085,Crimson Peak,2015,"Horror, Mystery, Romance",55000000,74700000,1.3136564488637883,6.664,23.072616418213475,6.664
9331,Clear and Present Danger,1994,"Action, Drama, Thriller",62000000,215887717,1.312641258408716,6.642,27.215827175836775,6.642
25793,Precious,2009,Drama,10000000,47536959,1.312106947642888,7.319,8.463609759298794,7.319
9303,Bound,1996,"Drama, Thriller, Crime",4500000,7011317,1.3113054814941472,7.2,19.429388228876356,7.2
2163,Breakdown,1997,"Crime, Mystery, Thriller, Drama, Action",36000000,50159144,1.3108780328814846,6.904,21.10816480967645,6.904
479455,Men in Black: International,2019,"Comedy, Science Fiction, Action, Adventure",110000000,253890701,1.3071912885972738,5.896,22.928240811948726,5.896
935,Dr. Strangelove or: How I Learned to Stop Worrying and Love the Bomb,1964,"Comedy, War",1800000,9500000,1.3061760981422015,8.125,8.80629674519141,8.125
9654,The Italian Job,2003,"Action, Crime",60000000,176070171,1.3054280630700432,6.786,30.712218811075086,6.786
698948,Thirteen Lives,2022,"Drama, Thriller",55000000,0,1.3036114064662292,7.859,16.196933248840793,7.859
747,Shaun of the Dead,2004,"Horror, Comedy",6000000,39396175,1.3023290606282427,7.539,13.416882512299614,7.539
527641,Five Feet Apart,2019,"Romance, Drama",7000000,92600000,1.3007261283307603,8.221,20.256471780106107,8.221
913290,Barbarian,2022,"Horror, Thriller",4500000,45400000,1.2999780932586014,6.841,22.340894595553483,6.841
39103,Dragon Ball Z: The Return of Cooler,1992,"Action, Animation, Science Fiction",0,19581369,1.2974134015826286,6.5,12.821538215443681,6.5
132232,Mama,2013,Horror,15000000,146428180,1.2929786222262598,6.29,19.507728401593877,6.29
300665,Leatherface,2017,"Horror, Thriller",500000,1476843,1.2927114668433457,5.581,4.935430881203897,5.581
11360,Dumbo,1941,"Animation, Family",812000,1600000,1.2924977425370145,6.987,5.179064716775667,6.987
13078,The Babysitters,2008,Drama,0,44852,1.292390880383849,6.006,15.575543920741076,6.006
9408,Surf's Up,2007,"Animation, Comedy, Family",85000000,149000000,1.2896124644015454,6.486,33.043761804859145,6.486
11005,Awakenings,1990,Drama,31000000,52096475,1.2887575671762215,7.776,26.378284596312273,7.776
17578,The Adventures of Tintin,2011,"Adventure, Animation, Mystery",130000000,373993951,1.2856585647344214,6.917,24.836500778274758,6.917
6557,27 Dresses,2008,"Comedy, Romance",30000000,160300000,1.2832007352116144,6.45,21.692844999251463,6.45
1645,A Time to Kill,1996,"Crime, Drama, Thriller",40000000,152266007,1.2824527001394554,7.386,35.80945701236832,7.386
353569,Table 19,2017,"Comedy, Drama",5000000,5042014,1.2818115272204622,5.9,11.844131767350197,5.9
3049,Ace Ventura: Pet Detective,1994,"Comedy, Mystery, Crime",15000000,107217396,1.2805291813824757,6.573,71.0120853046551,6.573
581734,Nomadland,2021,Drama,5000000,39458207,1.2803154570761448,7.176,9.648761220384031,7.176
11322,Public Enemies,2009,"Crime, History, Drama",100000000,214104620,1.278445369395748,6.686,29.56172569865284,6.686
746333,Superwho?,2022,"Comedy, Action, Family",0,7375119,1.2781782140128346,6.372,4.721328419640825,6.372
8914,Deep Blue Sea,1999,"Action, Horror, Science Fiction",60000000,164648231,1.2779644897065034,5.989,10.411039811983585,5.989
12620,The House Bunny,2008,"Romance, Comedy",25000000,70442940,1.277911058629921,5.7,33.82470258420031,5.7
75629,Evangelion: 3.0 You Can (Not) Redo,2012,"Animation, Science Fiction, Action, Drama",13000000,67282623,1.276414988485603,7.195,9.893215371900489,7.195
565310,The Farewell,2019,"Comedy, Drama",250300,23076657,1.2763615574090206,7.42,8.064731131195181,7.42
1830,Lord of War,2005,"Crime, Drama, Thriller",50000000,72600000,1.2760409709495237,7.341,26.46626348137986,7.341
14438,Fireproof,2008,"Drama, Romance",500000,33473297,1.273315986043803,7.678,7.9314297901836905,7.678
6723,The Rookie,1990,"Action, Crime, Drama, Thriller",10000000,21600000,1.2732091238906373,5.882,22.240610971315608,5.882
328387,Nerve,2016,"Mystery, Adventure, Crime",19000000,85241496,1.2727816752779753,7.003,16.327568563032056,7.003
10159,The Rundown,2003,"Adventure, Action, Comedy, Thriller",85000000,80900000,1.27267481312481,6.4,22.88948088356231,6.4
420821,Chip 'n Dale: Rescue Rangers,2022,"Animation, Family, Comedy, Adventure, Mystery",70000000,623190,1.272407657741896,6.987,13.395554297737778,6.987
8068,Desperado,1995,"Thriller, Action, Crime",7000000,25405445,1.272140502358982,6.927,20.998857710047027,6.927
7191,Cloverfield,2008,"Action, Thriller, Science Fiction",25000000,170764026,1.2720336402058168,6.705,14.119688197909428,6.705
465136,Every Day,2018,"Romance, Fantasy",4900000,10400000,1.271499329439989,7.244,9.547862359187642,7.244
60308,Moneyball,2011,Drama,50000000,110206216,1.271499329439989,7.286,34.75124944372325,7.286
10590,We Were Soldiers,2002,"Action, History, War",75000000,114660784,1.2690949309937647,7.147,21.937914387726437,7.147
267935,The BFG,2016,"Adventure, Family, Fantasy",140000000,195243411,1.2678660162323612,6.285,10.453901320093435,6.285
9595,Hot Shots!,1991,"Action, Comedy, War",26000000,181096164,1.2672248433133682,6.584,15.447369554383874,6.584
11284,Freddy's Dead: The Final Nightmare,1991,"Horror, Thriller",10000000,34872033,1.2668508257772886,5.302,8.063705736264323,5.302
97630,Zero Dark Thirty,2012,"Thriller, Drama",40000000,132800000,1.2667439636241233,6.993,18.828711878379963,6.993
49017,Dracula Untold,2014,"Horror, Action, Fantasy",70000000,217124280,1.266156221781713,6.5,15.568366156225071,6.5
334,Magnolia,1999,Drama,37000000,48451803,1.2660493596285471,7.732,38.74639317333071,7.732
9392,The Descent,2005,"Adventure, Horror",3500000,57130027,1.2635915301057403,6.979,5.206340221936479,6.979
661539,A Complete Unknown,2024,"Drama, Music",65000000,138003641,1.262095459961423,7.078,51.86775686655716,7.078
145135,Dark Skies,2013,"Science Fiction, Thriller, Horror",3500000,27858103,1.2596910615151986,6.331,9.489209769142589,6.331
547016,The Old Guard,2020,"Action, Fantasy",70000000,0,1.2568057833797295,7.108,15.062641376326095,7.108
68737,Seventh Son,2014,"Adventure, Fantasy",95000000,114178613,1.2566989212265638,5.5,23.058260889181472,5.5
587496,The Rental,2020,"Horror, Thriller",3500000,4311042,1.2564317658436501,5.549,14.239249246847423,5.549
81,Nausicaä of the Valley of the Wind,1984,"Adventure, Animation, Fantasy",1000000,9016411,1.2560577483075708,7.946,6.01763269123103,7.946
11260,Meet Dave,2008,"Comedy, Science Fiction, Adventure, Family",60000000,50650079,1.2544013849335052,5.292,22.882098040060132,5.292
12157,Green Card,1990,"Comedy, Romance, Drama",12500000,29888235,1.25333276340185,6.12,13.032769571200351,6.12
218043,Left Behind,2014,"Thriller, Action, Science Fiction",16000000,19682924,1.2518366932575324,4.269,28.56504182585923,4.269
345938,The Shack,2017,"Drama, Family",20000000,96942115,1.250874933879043,7.493,16.663487942381007,7.493
1965,A Perfect Murder,1998,"Crime, Thriller, Drama",60000000,128038368,1.2502871920366327,6.5,22.363453284032346,6.5
52015,Stake Land,2010,"Drama, Horror, Science Fiction",650000,33245,1.2475622071309116,6.202,6.5717561118664864,6.202
11228,Daylight,1996,"Action, Adventure, Thriller",80000000,159212469,1.2463332923695079,6.119,28.12863374328623,6.119
503736,Army of the Dead,2021,"Crime, Action, Horror",90000000,190700000,1.2459592748334292,6.217,24.70012325247069,6.217
16320,Serenity,2005,"Science Fiction, Action, Adventure, Thriller",39000000,38869464,1.245745550527098,7.361,18.405633929908106,7.361
592695,Pleasure,2021,Drama,1800000,393824,1.2445166357656945,6.281,16.783459149291353,6.281
1587,What's Eating Gilbert Grape,1993,"Romance, Drama",11000000,10000000,1.2441960493061976,7.662,43.73104301121578,7.662
300669,Don't Breathe,2016,"Horror, Thriller, Crime",9900000,158906350,1.2433411520808737,7.015,19.981050701677756,7.015
429197,Vice,2018,"Drama, Comedy",60000000,76100000,1.2431274277745425,7.015,29.82545727486942,7.015
10545,The Hunchback of Notre Dame,1996,"Drama, Animation, Family",100000000,325300000,1.242806841315046,7.124,32.23082870367522,7.124
24402,Emmanuelle,1974,"Drama, Romance",500000,20200000,1.2424862548555495,5.953,6.241989102102677,5.953
516729,Paddington in Peru,2024,"Family, Comedy, Adventure",90000000,171458837,1.2422190994726352,6.828,12.801645553785043,6.828
334074,Survivor,2015,"Action, Crime, Mystery, Thriller",20000000,0,1.240776460404901,5.686,26.7244579249698,5.686
454640,The Angry Birds Movie 2,2019,"Animation, Adventure, Comedy, Family",65000000,137792047,1.2386926484181733,7.0,13.65990111091287,7.0
289720,Outcast,2014,"Action, Adventure",25000000,5148503,1.237356871503604,5.149,26.979166025794836,5.149
9767,The Break-Up,2006,"Romance, Comedy",52000000,205700000,1.2367691296611936,5.9,15.40512328323254,5.9
9907,Barnyard,2006,"Animation, Comedy, Family",51000000,116755080,1.235166197363711,5.9,27.51052567896526,5.9
9433,The Edge,1997,"Action, Adventure, Drama",30000000,43300000,1.2346318865978831,6.842,17.376137419327055,6.842
257445,Goosebumps,2015,"Adventure, Horror, Comedy",58000000,158261424,1.2331358164535662,6.312,30.01741120592597,6.312
51828,One Day,2011,"Drama, Romance",15000000,59400000,1.2326015056877384,7.412,27.619422620622338,7.412
12106,The Quick and the Dead,1995,"Western, Action, Drama, Romance, Thriller",35000000,47000000,1.2315863152326658,6.537,20.484724691715016,6.537
529203,The Croods: A New Age,2020,"Animation, Family, Adventure, Fantasy, Comedy",65000000,215905815,1.2288613303269451,7.449,44.60406425534795,7.449
10837,DuckTales: The Movie - Treasure of the Lost Lamp,1990,"Adventure, Animation, Family, Comedy, Fantasy",20000000,18115724,1.2283804506377,6.7,5.713910712711002,6.7
2899,Asterix & Obelix: Mission Cleopatra,2002,"Family, Fantasy, Comedy, Adventure",58500000,131116046,1.2253883103490657,7.373,8.99312370159367,7.373
268531,Captain Underpants: The First Epic Movie,2017,"Family, Comedy, Animation, Science Fiction, Action",38000000,125427681,1.223464791592086,6.278,15.702692892167422,6.278
10776,Little Shop of Horrors,1986,"Horror, Comedy",25000000,53964308,1.222556463290179,6.967,6.474343593435012,6.967
13027,Eagle Eye,2008,"Mystery, Thriller, Action",80000000,178800000,1.2211672552990274,6.484,32.451288613809616,6.484
459151,The Boss Baby: Family Business,2021,"Animation, Comedy, Adventure, Family",82000000,146745280,1.2195643230015443,7.337,19.772075214768968,7.337
297222,PK,2014,"Comedy, Drama, Science Fiction",13000000,118920000,1.218549132546472,7.702,17.516616524854552,7.702
12133,Step Brothers,2008,Comedy,65000000,128100000,1.2180148217806441,6.558,12.33037404356288,6.558
1100099,We Live in Time,2024,"Romance, Drama",20000000,37182814,1.2159844408704992,7.2,17.857252720885448,7.2
2667,The Blair Witch Project,1999,"Horror, Mystery",60000,248639099,1.2148623882622613,6.363,4.360184324992771,6.363
38985,Sorcerer,1977,"Thriller, Adventure, Drama",22000000,9000000,1.2146486639559302,7.443,7.705842905395015,7.443
34433,Dragon Ball Z: Broly - The Legendary Super Saiyan,1993,"Animation, Science Fiction, Action",0,21658982,1.2142212153432683,7.22,10.073479800745258,7.22
44115,127 Hours,2010,"Adventure, Drama, Thriller",18000000,35700000,1.211923679050209,7.087,24.152562359392725,7.087
23169,Remember Me,2010,"Drama, Romance",16000000,56000000,1.2110153507483024,7.1,26.244573097328438,7.1
9833,The Phantom of the Opera,2004,"Thriller, Drama, Romance",70000000,154674241,1.2109084885951367,7.3,24.114007509992476,7.3
610150,Dragon Ball Super: Super Hero,2022,"Animation, Science Fiction, Action",0,86600000,1.2104810399824746,7.9,10.697330076679034,7.9
37094,Falling Down,1993,"Crime, Drama, Thriller",25000000,40903593,1.2100001602932298,7.39,20.765272744797663,7.39
9472,DodgeBall: A True Underdog Story,2004,Comedy,20000000,168423227,1.2100001602932298,6.362,14.405978462604871,6.362
823482,Dream Scenario,2023,"Comedy, Fantasy",10000000,14114415,1.2078094861533366,6.65,29.713279069433597,6.65
13809,RocknRolla,2008,"Action, Crime, Thriller",18000000,25740863,1.20690115785143,6.949,21.500070752250235,6.949
296524,Deepwater Horizon,2016,"Drama, Action",110000000,121790376,1.20593939847294,6.9,33.93667571064996,6.9
9945,Vampires,1998,"Action, Fantasy, Horror",20000000,20308772,1.2058325363197748,6.311,15.827585994745878,6.311
465086,The Grudge,2019,"Horror, Mystery",10000000,49511319,1.2044967594052054,5.422,9.758478477985797,5.422
9352,EuroTrip,2004,Comedy,25000000,22605153,1.204336466175457,6.6,15.881316689122817,6.6
3034,Young Frankenstein,1974,Comedy,2800000,86273333,1.2032144135672194,7.853,6.942333839878429,7.853
614696,#Alive,2020,"Action, Horror, Science Fiction",6300000,13416285,1.2026801028013916,7.211,7.788489736822137,7.211
903,Cool Hand Luke,1967,"Drama, Crime",3200000,16217773,1.2024663784950604,7.739,12.48520867812238,7.739
820525,After Everything,2023,"Romance, Drama",14000000,10644463,1.2016114812697365,6.882,15.060180428492034,6.882
12227,White Fang,1991,"Action, Adventure, Drama, Family",14000000,34793160,1.2007031529678291,6.747,11.397059577496274,6.747
481084,The Addams Family,2019,"Family, Animation, Comedy, Fantasy",40000000,204394183,1.2006497218912466,6.606,30.046737500948495,6.606
283566,Evangelion: 3.0+1.0 Thrice Upon a Time,2021,"Animation, Action, Science Fiction, Drama",29700000,93882453,1.2006497218912466,8.2,7.569260300604778,8.2
301,Rio Bravo,1959,Western,1200000,5750000,1.2003291354317502,7.805,9.667013250153298,7.805
853,Enemy at the Gates,2001,"Drama, War, History, Romance",68000000,96976270,1.2002222732785846,7.414,18.983546512939462,7.414
10982,Hoodwinked!,2005,"Animation, Comedy, Family, Crime, Mystery",8000000,110000000,1.1988330652874326,6.266,34.54411966769001,6.266
8769,Christine,1983,Horror,9700000,21200000,1.1986193409811017,6.868,8.00689885709481,6.868
9529,Candyman,1992,"Drama, Horror, Thriller",6000000,25792310,1.1977644437557775,6.667,11.89437611896222,6.667
9542,The Hitcher,1986,"Horror, Action, Thriller",6000000,5844868,1.1977110126791948,6.957,18.013933066320494,6.957
4858,The Invasion,2007,"Horror, Mystery, Science Fiction, Thriller",80000000,40170558,1.1972301329899495,6.036,28.521975238763208,6.036
261392,American Ultra,2015,"Action, Comedy",28000000,27100000,1.1956806317690498,6.093,20.505847827290687,6.093
310307,The Founder,2016,"Drama, History",15000000,24121245,1.1941845616247322,7.139,13.622986893401995,7.139
332562,A Star Is Born,2018,"Music, Drama, Romance",36000000,436388866,1.1937036819354876,7.495,19.02763849496634,7.495
5279,Gosford Park,2001,"Drama, Mystery, Thriller",19800000,87754044,1.1929022157867462,6.816,13.915634606668759,6.816
26505,Arthur and the Revenge of Maltazard,2009,"Adventure, Fantasy, Animation, Family",87000000,52377611,1.1919938874848393,5.741,12.727612039777123,5.741
2118,L.A. Confidential,1997,"Crime, Mystery, Thriller, Drama",35000000,126216940,1.1919938874848393,7.802,16.002108211977845,7.802
370663,Below Her Mouth,2017,"Drama, Romance",0,33673,1.1910855591829321,6.8,6.86440382513325,6.8
522162,Midway,2019,"Action, War, History",100000000,127400000,1.1900703687278598,7.105,22.538590738222826,7.105
14926,Uptown Girls,2003,"Comedy, Drama",20000000,44617342,1.190016937651277,6.911,23.950969715986115,6.911
508439,Onward,2020,"Family, Comedy, Adventure, Animation, Fantasy",200000000,141888276,1.189589489038615,7.645,33.726879907796494,7.645
451048,Jungle Cruise,2021,"Fantasy, Adventure, Action",200000000,220889446,1.1879331256645496,7.303,30.15501920564706,7.303
11430,The Lion King 1½,2004,"Family, Animation, Comedy, Adventure",0,1465,1.1873988148987216,6.581,8.284370725384884,6.581
11247,A Cinderella Story,2004,"Comedy, Family, Romance",19000000,70067909,1.187131659515808,6.6,25.08485143052847,6.6
10637,Remember the Titans,2000,Drama,30000000,136700000,1.1862233312139008,7.643,20.0181699981748,7.643
1597,Meet the Parents,2000,"Comedy, Romance",55000000,330444045,1.1861164690607355,6.693,26.398177257970907,6.693
339984,Miracles from Heaven,2016,"Family, Drama",16000000,74000000,1.1852081407588284,7.44,16.334541248561884,7.44
653851,Devotion,2022,"War, Drama, Action",90000000,20000000,1.1851547096822457,7.071,13.409499668797439,7.071
397243,The Autopsy of Jane Doe,2016,"Horror, Mystery",4000000,6170043,1.1849409853759145,6.831,12.624662388719015,6.831
944,Lethal Weapon 4,1998,"Action, Crime, Thriller",140000000,285444603,1.1826968801594386,6.601,25.407030517803936,6.601
901362,Trolls Band Together,2023,"Animation, Family, Music, Fantasy, Comedy, Adventure",95000000,210231405,1.1820022761638629,7.249,13.457283072575404,7.249
8065,21,2008,"Drama, Crime",35000000,159808370,1.1817351207809488,6.691,12.354368284944949,6.691
11654,The Hunger,1983,"Horror, Drama",10000000,10200000,1.180613068172711,6.644,14.907396583794249,6.644
614934,Elvis,2022,"Drama, Music, History",85000000,288670284,1.1784223940328176,7.467,35.6144268965192,7.467
290250,The Nice Guys,2016,"Comedy, Crime, Action",50000000,71261763,1.1776209278840761,7.127,28.876556805853777,7.127
804150,Cocaine Bear,2023,"Thriller, Comedy, Crime",32500000,88314672,1.1760179955865933,6.003,12.833022638669284,6.003
357096,I Spit on Your Grave III: Vengeance Is Mine,2015,"Horror, Thriller",0,144420,1.1747890808251897,5.8,12.075460863751676,5.8
928,Gremlins 2: The New Batch,1990,"Comedy, Horror, Fantasy",50000000,41482207,1.1737738903701171,6.523,11.601728405695455,6.523
49849,Cowboys & Aliens,2011,"Action, Science Fiction, Thriller, Western",163000000,174822325,1.1728121309916275,5.641,36.52231156830054,5.641
482321,Ron's Gone Wrong,2021,"Animation, Science Fiction, Family, Comedy",0,60692022,1.1721709580726343,7.863,10.557466208110053,7.863
378018,The Void,2016,"Mystery, Horror, Science Fiction",0,151042,1.1714763540770585,6.008,5.630033407366849,6.008
560016,Monkey Man,2024,"Action, Thriller",10000000,35271631,1.1705145946985689,6.882,8.623366289526412,6.882
10530,Pocahontas,1995,"Adventure, Animation, Family, Romance",55000000,346079773,1.170033715009324,6.909,21.39609570626127,6.909
491418,Instant Family,2018,"Comedy, Drama",48000000,121000000,1.1685376448650064,7.502,22.890301199506993,7.502
391,A Fistful of Dollars,1964,Western,200000,14500000,1.1685376448650064,7.827,13.409089510825098,7.827
9091,Sudden Death,1995,"Action, Drama, Thriller, Crime",35000000,64350171,1.1670415747206893,6.0,17.140296585229805,6.0
9428,The Royal Tenenbaums,2001,"Comedy, Drama",21000000,71441250,1.1664004018016962,7.463,15.558522364888837,7.463
719221,Tarot,2024,Horror,8000000,49256239,1.1659729531890342,6.379,5.255969336589987,6.379
203801,The Man from U.N.C.L.E.,2015,"Comedy, Action, Adventure",75000000,110045109,1.1659195221124514,7.08,24.618296736988256,7.08
13597,Labyrinth,1986,"Adventure, Family, Fantasy",25000000,12729917,1.165492073499789,7.279,16.60832169510087,7.279
41513,The Smurfs,2011,"Animation, Family, Adventure, Comedy, Fantasy",110000000,563749323,1.1651714870402927,5.759,11.074265253262295,5.759
650,Boyz n the Hood,1991,"Crime, Drama",6500000,57504069,1.164370020891551,7.617,16.28675784478392,7.617
100042,Dumb and Dumber To,2014,Comedy,40000000,169837010,1.1643165898149685,5.573,61.345072054501806,5.573
324852,Despicable Me 3,2017,"Action, Animation, Comedy, Family, Adventure",80000000,1034800131,1.1627136575174857,6.465,23.48338962751504,6.465
592831,Megalopolis,2024,"Science Fiction, Drama, Fantasy",120000000,14387154,1.1615916049092474,5.176,27.427058531593445,5.176
1370,Rambo III,1988,"Action, Adventure, Thriller, War",63000000,189015611,1.1615381738326647,6.199,20.920722616315675,6.199
103620,Maniac,2012,"Horror, Thriller",6000000,2631275,1.1606832766073407,6.036,10.97521210294145,6.036
1576,Resident Evil,2002,"Horror, Action, Science Fiction",33000000,102984862,1.160576414454175,6.649,21.182403402670545,6.649
71676,Ghost Rider: Spirit of Vengeance,2011,"Action, Fantasy, Thriller",57000000,132563930,1.1597215172288506,5.008,19.518802666847137,5.008
691,The Spy Who Loved Me,1977,"Adventure, Action, Thriller",13500000,185438673,1.1596146550756854,6.824,8.816140536527643,6.824
243,High Fidelity,2000,"Drama, Comedy, Romance, Music",30000000,47100000,1.1591337753864404,7.13,9.264853358270939,7.13
9905,Shallow Grave,1994,"Crime, Thriller",2500000,19779614,1.1584391713908646,7.003,12.406253268446346,7.003
1233575,Black Bag,2025,"Drama, Mystery, Thriller",50000000,43887905,1.1573705498592095,6.34,18.43126880317955,6.34
1578,Raging Bull,1980,Drama,18000000,23380203,1.1568896701699642,7.9,24.038333364095184,7.9
314095,The Lost City of Z,2017,"Adventure, Drama, History",30000000,8574339,1.1559813418680576,6.392,26.741684559808217,6.392
780609,Men,2022,"Horror, Thriller, Fantasy",6500000,11152071,1.1548058581832368,6.086,27.822860974904483,6.086
463821,The House with a Clock in Its Walls,2018,"Comedy, Fantasy, Family, Horror, Mystery",42000000,131523093,1.1534166501920848,6.249,21.34092945898113,6.249
184,Jackie Brown,1997,"Crime, Drama, Thriller",12000000,74727492,1.1526686151199261,7.358,35.7620837665627,7.358
13811,Knowing,2009,"Action, Mystery, Science Fiction, Thriller",50000000,155446362,1.152027442200933,6.239,25.70644583761436,6.239
9574,Flubber,1997,"Comedy, Family, Science Fiction",80000000,178000000,1.1511191138990262,5.655,13.365202607784388,5.655
11362,The Count of Monte Cristo,2002,"Adventure, Drama, History, Action, Thriller",35000000,75395048,1.1489284397591328,7.679,18.86357530602912,7.679
11130,The Princess Diaries 2: Royal Engagement,2004,"Comedy, Drama, Family, Romance",40000000,134734481,1.1480201114572262,6.717,31.62769140534477,6.717
568160,Weathering with You,2019,"Animation, Drama, Fantasy, Romance",11100000,192729404,1.146043161623664,7.981,7.962806875067935,7.981
7453,The Hitchhiker's Guide to the Galaxy,2005,"Adventure, Comedy, Science Fiction",50000000,104500000,1.1442799360964324,6.68,15.871883055758929,6.68
994,Straw Dogs,1971,"Thriller, Drama, Crime",2200000,3251794,1.1431044524116116,7.156,11.56624974108778,7.156
807172,The Exorcist: Believer,2023,"Horror, Thriller",30000000,136284218,1.1393108459742358,5.822,5.5207263077374265,5.822
9297,Monster House,2006,"Animation, Comedy, Family, Fantasy",75000000,140175006,1.139257414897653,6.707,8.169936651101173,6.707
980026,The Promised Land,2023,"Action, Drama, History",8500000,2246680,1.1370133096811772,7.694,14.254220012837946,7.694
645788,The Protégé,2021,"Action, Thriller",0,8639684,1.1353035152305286,6.562,23.503692447146022,6.562
9361,The Last of the Mohicans,1992,"Action, History, Romance, War",40000000,75505856,1.1350363598476148,7.385,10.720709081102587,7.385
441130,Wolfwalkers,2020,"Animation, Family, Adventure, Fantasy",12000000,1310720,1.1348760666178663,8.195,9.80175014406799,8.195
9798,Enemy of the State,1998,"Action, Drama, Thriller",90000000,250649836,1.1334334275501319,7.058,22.011127585789673,7.058
4512,The Assassination of Jesse James by the Coward Robert Ford,2007,"Drama, Western",30000000,14711793,1.1330594100140525,7.056,35.64867508720984,7.056
296098,Bridge of Spies,2015,"Thriller, Drama",40000000,165478348,1.1324716681716422,7.238,32.39776299841884,7.238
228165,The SpongeBob Movie: Sponge Out of Water,2015,"Family, Comedy, Adventure, Animation, Fantasy",74000000,325186032,1.1321510817121456,6.101,10.921276329578339,6.101
22907,Takers,2010,"Action, Crime, Drama, Thriller",32000000,80205382,1.1312961844868212,6.23,22.816677843471417,6.23
72559,G.I. Joe: Retaliation,2013,"Action, Science Fiction, Adventure, Thriller",130000000,371900000,1.130761873720994,5.652,26.66272915013218,5.652
293863,The Age of Adaline,2015,"Romance, Fantasy, Drama",25000000,65663276,1.1294260968064245,7.469,25.709727101393103,7.469
27581,The Other Guys,2010,"Comedy, Action",100000000,170432927,1.1265408186709556,6.325,24.632447187034092,6.325
712,Four Weddings and a Funeral,1994,"Comedy, Drama, Romance",4400000,245700832,1.1256859214456314,6.77,15.500485011802297,6.77
796185,The Three Musketeers: D'Artagnan,2023,"Adventure, Action, Drama, History",27500000,31843086,1.1250981796032211,6.921,10.67107996644908,6.921
914,The Great Dictator,1940,"Comedy, War",2000000,11000000,1.1244035756076454,8.283,5.048839560556749,8.283
531428,Portrait of a Lady on Fire,2019,"Drama, Romance",5740000,9923127,1.1238692648418174,8.1,6.8990621737962385,8.1
6278,Reign of Fire,2002,"Adventure, Action, Fantasy",60000000,82150183,1.122426625774083,6.199,19.716498809516484,6.199
11023,Thirteen,2003,Drama,2000000,10128960,1.1213580042424278,6.669,12.424300219229437,6.669
2310,Beowulf,2007,"Adventure, Action, Animation",70000000,195735876,1.1206634002468516,5.908,32.31245014017149,5.908
877,Scarface,1932,"Crime, Action, Drama",800000,600000,1.1200756584044413,7.414,5.986665764319128,7.414
13387,Transporter 3,2008,"Action, Thriller, Crime",30000000,109000000,1.1188467436430376,6.163,60.512656449631585,6.163
468224,Tolkien,2019,"War, Drama, Romance",20000000,8654322,1.1162286208904828,6.922,20.639149168302172,6.922
820,JFK,1991,"Drama, Thriller, History",40000000,205405498,1.1162286208904828,7.602,27.682792027349336,7.602
758679,Mothers' Instinct,2024,"Thriller, Drama",0,2681023,1.115480585818324,6.875,35.6230402139384,6.875
12405,Slumdog Millionaire,2008,"Drama, Romance",15000000,378400000,1.1151065682822445,7.728,9.872912552269506,7.728
11621,Porco Rosso,1992,"Family, Comedy, Animation, Adventure, Fantasy",9200000,44600000,1.1138242224442585,7.795,3.7398203918239115,7.795
459992,Long Shot,2019,"Comedy, Romance",40000000,0,1.1136104981379273,6.713,26.976089841002267,6.713
595,To Kill a Mockingbird,1962,Drama,2000000,13129846,1.1129158941423511,8.0,8.435308859207124,8.0
9397,Evolution,2001,"Comedy, Science Fiction, Action",80000000,98376292,1.1122212901467754,6.1,19.732700049424036,6.1
77931,The Smurfs 2,2013,"Fantasy, Family, Comedy, Animation",105000000,347434178,1.1080002350967373,5.754,11.159167953537304,5.754
280180,Beverly Hills Cop: Axel F,2024,"Action, Comedy, Crime",150000000,0,1.1078933729435718,6.653,21.649983491141615,6.653
531309,Brightburn,2019,"Horror, Science Fiction",6000000,33224654,1.1054889744973475,6.1,12.814360450927676,6.1
575,The Experiment,2001,"Drama, Thriller",0,13782896,1.1054889744973475,7.414,7.227598709643019,7.414
599,Sunset Boulevard,1950,Drama,1752000,5000000,1.105328681267599,8.282,6.0906408103080905,8.282
274854,The Last Witch Hunter,2015,"Action, Adventure, Fantasy",90000000,146936910,1.1019090923663022,6.011,32.08419722856259,6.011
9705,Swordfish,2001,"Action, Crime, Thriller",102000000,147080413,1.0988100899245021,6.255,32.608789275189345,6.255
614930,Teenage Mutant Ninja Turtles: Mutant Mayhem,2023,"Animation, Comedy, Action, Science Fiction",75000000,180513586,1.0971002954738538,7.213,6.271930634083718,7.213
884,Crash,1996,"Thriller, Drama",9000000,2671855,1.094535603797881,6.446,17.172493986058733,6.446
434355,Taxi 5,2018,"Action, Comedy, Crime",20390000,64497208,1.093466982266226,5.387,6.512898442835259,5.387
11287,A League of Their Own,1992,"Comedy, Drama",40000000,132440069,1.0933601201130603,7.212,34.77647415902235,7.212
46529,I Am Number Four,2011,"Action, Thriller, Science Fiction, Adventure",50000000,149900000,1.0931463958067293,6.177,13.223493028339867,6.177
5550,RoboCop 3,1993,"Action, Adventure, Crime, Science Fiction, Thriller",22000000,10696210,1.092986102576981,4.898,9.69962080895457,4.898
72387,Safe,2012,"Action, Crime, Thriller",30000000,40300000,1.0928792404238157,6.499,61.25545253754484,6.499
9279,Jingle All the Way,1996,"Family, Comedy, Adventure",60000000,129800000,1.0919174810453256,6.061,15.130727599735039,6.061
2675,Signs,2002,"Thriller, Science Fiction, Horror",72000000,408200000,1.0906351352073396,6.702,25.894093109961307,6.702
136835,No Good Deed,2014,"Crime, Thriller",13200000,53830415,1.0882307367611153,5.941,29.12839380087241,5.941
858017,I Saw the TV Glow,2024,"Drama, Horror",10000000,5396508,1.0859866315446391,6.098,8.34856044805657,6.098
296360,Love & Friendship,2016,"Drama, Romance, Comedy",3000000,21401949,1.0858263383148907,6.071,17.00289366449488,6.071
399174,Isle of Dogs,2018,"Adventure, Comedy, Animation",35000000,72991435,1.0857729072383082,7.844,18.714277804096252,7.844
264644,Room,2015,"Drama, Thriller",13000000,35401758,1.0854523207788114,7.997,13.519627084371546,7.997
836225,The Exorcism of God,2022,"Horror, Crime, Drama, Fantasy",1500000,0,1.0847577167832356,7.09,8.267144090546475,7.09
36648,Blade: Trinity,2004,"Action, Horror, Science Fiction",65000000,128905366,1.0844371303237388,5.859,28.058906887987916,5.859
8738,The Final Countdown,1980,"War, Action, Science Fiction",12000000,16647800,1.0832616466389187,6.62,12.901724099036747,6.62
546121,Run,2020,"Thriller, Horror, Drama",1700000,5184368,1.0812312657287735,7.227,11.908731647994227,7.227
11397,Not Another Teen Movie,2001,Comedy,16000000,66468332,1.0794680402015422,5.805,23.46964933544155,5.805
4476,Legends of the Fall,1994,"Drama, Western, Romance, War, Action",30000000,160638883,1.0789871605122976,7.381,38.203959254907026,7.381
571,The Birds,1963,"Horror, Thriller",2500000,11500000,1.078132263286973,7.5,8.563483225564326,7.5
5528,The Chorus,2004,"Drama, Comedy, Music",5300000,83600000,1.0763690377597421,7.733,7.677336926317172,7.733
321258,The Boy,2016,"Horror, Mystery, Thriller",10000000,73929392,1.0757278648407491,5.971,14.413771464079392,5.971
600354,The Father,2020,Drama,6000000,21029340,1.0749798297685902,8.097,20.133014230430852,8.097
396461,Under the Silver Lake,2018,"Crime, Drama, Mystery",8500000,2053469,1.0749263986920075,6.352,16.128641946445676,6.352
4133,Blow,2001,"Crime, Drama",53000000,83300000,1.0747661054622593,7.352,30.943342828490394,7.352
76025,Shame,2011,Drama,6500000,3909002,1.0744989500793456,6.926,15.501100248760814,6.926
252,Willy Wonka & the Chocolate Factory,1971,"Family, Fantasy, Comedy",3000000,4000000,1.0744455190027624,7.482,6.49444133407982,7.482
858,Sleepless in Seattle,1993,"Comedy, Drama, Romance",21000000,227799884,1.0735371907008557,6.7,33.818550214615165,6.7
15070,Undisputed,2002,"Action, Drama, Crime",20000000,14946150,1.0724685691692004,6.512,16.462510535932918,6.512
3604,Flash Gordon,1980,"Science Fiction, Adventure, Action",35000000,27100000,1.0720411205565379,6.241,8.104311375526283,6.241
2770,American Pie 2,2001,"Comedy, Romance",30000000,287553595,1.0717739651736244,6.25,7.826634428250041,6.25
618588,Arthur the King,2024,"Adventure, Drama",19000000,40829138,1.0713465165609624,7.556,20.44227334157751,7.556
11619,Flushed Away,2006,"Adventure, Animation, Comedy, Family",149000000,178120010,1.070545050412221,6.31,45.37844250713163,6.31
44835,Hesher,2010,Drama,7000000,449702,1.069636722110314,6.797,20.095689854947636,6.797
200727,"Love, Rosie",2014,"Romance, Drama, Comedy",0,4439431,1.0687818248849896,7.811,20.92605466995614,7.811
1374,Rocky IV,1985,Drama,31000000,300473716,1.066698012898262,7.08,29.03754380999842,7.08
9587,Little Women,1994,"Drama, Romance",18000000,94983123,1.0655225292134411,7.277,17.280365532784952,7.277
1071215,Thanksgiving,2023,"Horror, Mystery",15000000,46553280,1.065415667060276,6.478,13.04343367848127,6.478
52449,Bad Teacher,2011,Comedy,20000000,216197492,1.065148511677362,5.611,15.314683450330897,5.611
8338,Blindness,2008,"Drama, Mystery, Science Fiction, Thriller",25000000,19844979,1.0649882184476136,6.513,26.28312794672869,6.513
10054,Spy Kids,2001,"Family, Action, Comedy, Adventure, Science Fiction",35000000,147934180,1.0646142009115342,5.817,15.284126681391339,5.817
6282,Coyote Ugly,2000,"Comedy, Drama, Music, Romance",45000000,113900000,1.0622632335418927,6.3,16.06465730276016,6.3
400160,The SpongeBob Movie: Sponge on the Run,2020,"Family, Comedy, Adventure, Animation",60000000,4810790,1.060820594474158,7.415,10.921276329578339,7.415
2157,Lost in Space,1998,"Science Fiction, Adventure",80000000,136159423,1.0601259904785825,5.437,15.266284809594419,5.437
9441,Stepmom,1998,"Drama, Romance, Comedy",50000000,159710793,1.0598588350956686,7.149,26.192072876868526,7.149
152760,The Monuments Men,2014,"War, Drama, History, Action",70000000,154984035,1.0595916797127545,6.061,33.30052069554589,6.061
10775,Infernal Affairs,2002,"Drama, Action, Thriller, Crime, Mystery",6400000,8836958,1.0590039378703442,7.8,18.917921237364574,7.8
419743,Disobedience,2018,"Drama, Romance",6000000,8000000,1.0585230581810994,6.884,19.223899084732484,6.884
252838,The Wedding Ringer,2015,Comedy,23000000,79799880,1.0555309178924646,6.464,33.161682221907775,6.464
8916,Antz,1998,"Animation, Comedy, Adventure, War",60000000,171757863,1.0552637625095511,6.174,16.96905563177658,6.174
75638,Red Lights,2012,Thriller,14000000,13551174,1.0549431760500545,6.168,40.0787913464871,6.168
60599,Arbitrage,2012,"Drama, Thriller",12000000,35500000,1.0546760206671404,6.307,22.88599454079739,6.307
7299,Equilibrium,2002,"Action, Science Fiction, Thriller",20000000,5400000,1.0535539680589028,7.046,17.119173449654138,7.046
1690,Hostel,2006,Horror,4800000,81979826,1.052057897914585,5.954,6.579959271313346,5.954
41233,Step Up 3D,2010,"Drama, Romance",30000000,159291809,1.0514701560721746,6.817,6.265573185512401,6.817
8292,Four Brothers,2005,"Action, Crime",45000000,92374674,1.0514701560721746,6.807,19.1978540534887,6.807
16690,Return to Never Land,2002,"Adventure, Fantasy, Animation, Family",20000000,109862682,1.0500809480810231,6.475,6.196666646158768,6.475
8838,Mercury Rising,1998,"Action, Crime, Drama, Thriller",60000000,93100000,1.0499206548512747,6.289,17.894577096368668,6.289
801,"Good Morning, Vietnam",1987,"Comedy, Drama, War",13000000,123922370,1.0482642914772093,7.304,13.567205409163341,7.304
2123,"Me, Myself & Irene",2000,Comedy,51000000,149270999,1.0474093942518852,6.61,64.27277966108646,6.61
840,Close Encounters of the Third Kind,1977,"Science Fiction, Drama",20000000,306889114,1.047355963175302,7.4,9.178925263065068,7.4
116,Match Point,2005,"Drama, Romance, Thriller",15000000,85638656,1.0471956699455536,7.358,39.24145384594876,7.358
399404,Darkest Hour,2017,"Drama, History",30000000,150847207,1.045111857958826,7.356,20.66601451549064,7.356
1164,Babel,2006,Drama,25000000,135330835,1.0438295121208399,7.166,30.175732183250386,7.166
10137,Stuart Little,1999,"Family, Fantasy, Comedy, Adventure",133000000,300135367,1.0434554945847605,6.067,19.703373754401508,6.067
109428,Evil Dead,2013,Horror,17000000,99010045,1.041371682598033,6.586,7.65559855378299,6.586
544,There's Something About Mary,1998,"Romance, Comedy",23000000,369900000,1.0410510961385362,6.621,18.014138145306664,6.621
9378,Thir13en Ghosts,2001,"Horror, Thriller",42000000,68467960,1.040837371832205,6.284,18.71591843598562,6.284
9826,The Phantom,1996,"Adventure, Action",45000000,17323326,1.0407305096790398,5.279,13.68143440446088,5.279
51739,The Secret World of Arrietty,2010,"Fantasy, Animation, Family",23000000,149660003,1.0402496299897948,7.667,7.741526648988859,7.667
1153714,Death of a Unicorn,2025,"Horror, Fantasy, Comedy",15000000,16423085,1.0391810084581394,6.395,47.744643849578665,6.395
23398,Alvin and the Chipmunks: The Squeakquel,2009,"Comedy, Family, Animation, Fantasy, Music",75000000,443140005,1.0385932666157291,5.655,13.068248235808023,5.655
11675,Halloween H20: 20 Years Later,1998,"Horror, Thriller",17000000,75041738,1.036990334318246,6.038,19.04548036676326,6.038
399057,The Killing of a Sacred Deer,2017,"Drama, Thriller, Mystery",3000000,10700000,1.0336241764935326,7.011,25.292801522506398,7.011
146198,Triple 9,2016,"Action, Crime, Adventure, Thriller",20000000,12600000,1.0290825349839978,5.984,16.876975166985567,5.984
48650,Room in Rome,2010,"Drama, Romance",0,844281,1.0278536202225939,6.412,5.493860960548956,6.412
1072342,Night Swim,2024,"Horror, Mystery",15000000,54785387,1.0271055851504354,5.503,30.709347705268687,5.503
315011,Shin Godzilla,2016,"Action, Science Fiction, Horror",15000000,78053145,1.0251286353168731,7.207,8.532311219666255,7.207
1064486,Memoir of a Snail,2024,"Animation, Drama, Comedy",4350000,7,1.0246477556276283,8.055,10.798639095847767,8.055
483,Wild at Heart,1990,"Crime, Thriller, Romance",9500000,14569027,1.0232051165598939,7.042,33.1528638255024,7.042
292431,Love,2015,"Drama, Romance",3000000,249083,1.023151685483311,6.45,6.66916863029796,6.45
395,AVP: Alien vs. Predator,2004,"Adventure, Science Fiction, Action, Horror",70000000,177427090,1.022991392253563,5.946,9.296845680113696,5.946
228326,The Book of Life,2014,"Animation, Adventure, Comedy, Family, Fantasy",50000000,97437106,1.0218693396453247,7.528,30.120155777997898,7.528
8848,The Bank Job,2008,"Thriller, Crime, Drama",20000000,64828421,1.0217624774921594,6.841,58.950569811963085,6.841
804095,The Fabelmans,2022,Drama,40000000,45629909,1.0216556153389935,7.577,25.41892509900189,7.577
1375,Rocky V,1990,Drama,42000000,119946358,1.021335028879497,5.776,23.98009093202247,5.776
363126,Berlin Syndrome,2017,"Drama, Horror, Mystery, Thriller",0,397783,1.020747287037087,6.032,10.641343513454208,6.032
11954,Lifeforce,1985,"Horror, Science Fiction, Action, Mystery",25000000,11603545,1.0206404248839211,6.267,5.987896238236157,6.267
373314,Misconduct,2016,"Drama, Thriller",11000000,2049761,1.0199458208883454,5.6,26.026779214014283,5.6
9531,Superman III,1983,"Comedy, Science Fiction, Action, Adventure",39000000,80250623,1.0199458208883454,5.503,8.83193161846285,5.503
7214,Coach Carter,2005,"Drama, History",30000000,76669554,1.0194115101225176,7.6,17.70364856024298,7.6
258489,The Legend of Tarzan,2016,"Fantasy, Action, Adventure",180000000,356743061,1.0186100439737762,5.914,26.209094432720764,5.914
11780,Rob Roy,1995,"Adventure, History, Drama, Action, War",28000000,31600000,1.0173811292123727,6.702,24.396196194964496,6.702
11090,The Animal,2001,"Comedy, Science Fiction",22000000,84772742,1.0159919212212207,5.123,11.149529241187246,5.123
374205,One Piece Film: GOLD,2016,"Action, Animation, Adventure, Comedy",0,66207073,1.0156179036851414,7.2,12.697875586782251,7.2
20766,The Road,2009,"Adventure, Drama",32000000,27635305,1.013694384928162,7.012,18.385331110277125,7.012
400928,Gifted,2017,"Drama, Comedy",7000000,40300000,1.0133737984686653,7.999,32.74147537924232,7.999
11187,Child's Play 3,1991,"Horror, Thriller",13000000,20560255,1.0133203673920828,5.899,7.1383893506584055,5.899
77805,Lovelace,2013,Drama,10000000,1585582,1.0124654701667586,6.024,33.62393025673839,6.024
13944,Passengers,2008,"Drama, Mystery, Thriller, Romance",25000000,2000000,1.0124654701667586,6.125,31.58421466027641,6.125
984,Dirty Harry,1971,"Action, Crime, Thriller",4000000,35976000,1.012358608013593,7.445,12.889829517838796,7.445
227159,Horrible Bosses 2,2014,Comedy,42000000,107645357,1.0117174350945997,6.176,18.34944228769711,6.176
703,Annie Hall,1977,"Comedy, Drama, Romance",4000000,43989445,1.0116105729414344,7.732,11.023815822664101,7.732
3110,Shane,1953,"Drama, Western",3100000,20000000,1.0112899864819378,7.34,4.593564211255966,7.34
87421,Riddick,2013,"Science Fiction, Action, Thriller",38000000,98337295,1.0111831243287726,6.339,22.683991739418445,6.339
1010600,The Strangers: Chapter 1,2024,"Horror, Thriller",8500000,48166448,1.010328227103448,5.63,18.41178629949325,5.63
11547,Cabin Fever,2003,Horror,1500000,30600000,1.0096336231078722,5.694,7.26799926991881,5.694
27022,The Sorcerer's Apprentice,2010,"Fantasy, Adventure, Action",150000000,215300000,1.0093130366483754,6.135,24.37835432316757,6.135
1883,Malcolm X,1992,"Drama, History",34000000,48169908,1.0088855880357133,7.5,19.5226991675844,7.5
508642,Gonjiam: Haunted Asylum,2018,"Horror, Mystery",0,21041950,1.008297846193303,7.3,8.148403357553164,7.3
6341,Blue Thunder,1983,"Drama, Action, Thriller",22000000,42313354,1.0080306908103893,6.21,10.300707317423308,6.21
14191,Aquamarine,2006,"Fantasy, Romance, Family, Comedy",12000000,23006849,1.0063743274363237,6.454,13.353923263544958,6.454
8413,Event Horizon,1997,"Horror, Science Fiction, Mystery",60000000,26700000,1.0038630668369342,6.571,16.003748843867214,6.571
406563,Insidious: The Last Key,2018,"Horror, Thriller",10000000,172811971,1.0035959114540198,6.255,9.869016051532249,6.255
399170,Logan Lucky,2017,"Comedy, Crime, Action, Drama",29000000,48453605,1.0024204277691995,6.732,28.315460699688487,6.732
2309,Inkheart,2008,"Adventure, Family, Fantasy",60000000,62803180,1.0024204277691995,6.292,17.418998927436906,6.292
7978,The Wolfman,2010,Horror,150000000,140700000,1.002260134539451,5.88,32.541523367725084,5.88
9714,Home Alone 3,1997,"Comedy, Family",32000000,79082515,1.0015655305438749,5.275,6.779911282830583,5.275
860,WarGames,1983,"Thriller, Science Fiction, Drama",12000000,124600000,1.0007640643951334,7.06,9.740636606188874,7.06
9730,Friday the 13th: The Final Chapter,1984,"Horror, Thriller",2200000,32982894,1.0006037711653857,6.128,4.422733415775086,6.128
395991,Only the Brave,2017,"Drama, Action",38000000,25754775,1.0002297536293063,7.46,25.289520258727656,7.46
9454,EverAfter,1998,"Drama, Romance, Comedy",26000000,98005666,0.9986268213318232,7.4,19.87522994481325,7.4
400579,Tully,2018,"Comedy, Drama",0,15636462,0.9977184930299161,6.779,19.25137966887947,6.779
613504,After We Collided,2020,"Romance, Drama",14000000,47990414,0.9976116308767509,7.158,20.058980716422933,7.158
293768,Kidnap,2017,"Action, Thriller",21000000,30718107,0.9949935081241954,6.2,13.988437646759651,6.2
968,Dog Day Afternoon,1975,"Crime, Drama, Thriller",1800000,56665856,0.9949935081241954,7.844,17.98460677129797,7.844
38321,Priest,2011,"Action, Fantasy, Horror",60000000,84154026,0.9949400770476127,5.9,27.77569280808504,5.9
58595,Snow White and the Huntsman,2012,"Adventure, Fantasy, Drama",170000000,396600000,0.9939248865925402,5.989,31.70398078820058,5.989
2110,Wasabi,2001,"Drama, Action, Comedy",15300000,10366360,0.9921082299887262,6.659,10.367973224887567,6.659
433808,The Ritual,2017,"Horror, Mystery",1000000,1786396,0.9915204881463158,6.269,9.410664517438894,6.269
507241,The Killer's Game,2024,"Action, Comedy, Thriller",30000000,5928351,0.9901847112317466,6.401,25.58524415678699,6.401
4513,30 Days of Night,2007,"Horror, Thriller",30000000,80276156,0.9899709869254156,6.431,11.433563637034805,6.431
136400,2 Guns,2013,"Action, Comedy, Crime",61000000,131940411,0.9898641247722502,6.541,28.277316008260584,6.541
10423,Dragon: The Bruce Lee Story,1993,"Drama, History, Action",14000000,63513743,0.9892763829298398,6.897,15.082534037984729,6.897
59440,Warrior,2011,"Drama, Action",25000000,23300000,0.9887955032405952,7.846,31.24501401714871,7.846
1714,Fahrenheit 451,1966,"Drama, Science Fiction",1500000,2000000,0.9885817789342641,7.114,4.947530541388016,7.114
8818,Evita,1996,"History, Drama",55000000,141047179,0.9879940370918537,6.073,17.212894546334525,6.073
8202,Æon Flux,2005,"Science Fiction, Action, Thriller",62000000,53321673,0.9857499318753777,5.643,18.41547772124434,5.643
10375,D-Tox,2002,"Thriller, Crime, Horror",55000000,6632383,0.9849484657266362,5.583,25.873380132357976,5.583
8810,Mad Max 2,1981,"Adventure, Action, Thriller, Science Fiction",2000000,24600832,0.9846278792671393,7.385,17.89990915000913,7.385
4421,G.I. Jane,1997,"Action, Drama",50000000,48169156,0.984040137424729,6.5,34.79739221561185,6.5
18405,The Last House on the Left,2009,"Crime, Thriller, Horror, Drama",15000000,32721635,0.9835592577354844,6.5,11.701806950947159,6.5
17379,Last Holiday,2006,"Adventure, Comedy, Drama",45000000,38399961,0.9830249469696566,7.247,11.113435339621057,7.247
3597,I Know What You Did Last Summer,1997,"Horror, Thriller, Mystery",17000000,125586134,0.9816891700550877,5.997,19.541156276339837,5.997
496450,"Miraculous: Ladybug & Cat Noir, The Movie",2023,"Animation, Fantasy, Action, Romance, Family",86000000,40208268,0.9813151525190084,7.6,5.124923864426385,7.6
796499,Army of Thieves,2021,"Action, Crime, Comedy",30000000,46900000,0.9806205485234327,6.81,21.93565851887855,6.81
509967,6 Underground,2019,"Action, Comedy, Thriller",150000000,0,0.9804602552936843,6.3,22.932342391672154,6.3
455714,Bad Genius,2017,"Drama, Crime, Thriller, Comedy",1839169,42350000,0.979765651298108,7.864,3.3112053107254265,7.864
12783,The Duchess,2008,"Drama, History, Romance",17759769,43306325,0.9785367365367046,7.0,24.92160855753594,7.0
14359,Doubt,2008,Drama,20000000,50907234,0.9784298743835393,7.203,23.727023463086812,7.203
2637,The Mothman Prophecies,2002,"Drama, Horror, Mystery",32000000,55305279,0.9780558568474599,6.2,20.5107697229588,6.2
10184,He's Just Not That Into You,2009,"Comedy, Romance, Drama",40000000,178866158,0.9760789070138975,6.6,20.42320099586356,6.6
2759,"The Adventures of Priscilla, Queen of the Desert",1994,"Drama, Comedy",2000000,29700000,0.9748499922524939,7.259,13.186988968801336,7.259
9398,Zoolander,2001,Comedy,28000000,60780981,0.9733004910315942,6.215,17.494673073334194,6.215
13523,Sex Drive,2008,"Comedy, Adventure, Romance",19000000,18755936,0.9725524559594353,6.385,8.311851309531868,6.385
804,Roman Holiday,1953,"Romance, Comedy, Drama",1500000,12000000,0.9724455938062697,7.89,15.176665292637463,7.89
157433,Pet Sematary,2019,Horror,21000000,113118226,0.9718578519638591,5.742,13.213034000045118,5.742
516486,Greyhound,2020,"War, Action, Drama",50300000,0,0.9718044208872765,7.412,34.76642528869995,7.412
14292,Miracle,2004,"Drama, History",28000000,64400000,0.9691328670581385,7.1,20.579676262312432,7.1
51608,The Man from Nowhere,2010,"Action, Thriller, Crime",1255000,43059790,0.9683314009093971,7.698,6.739715801540965,7.698
807356,Watcher,2022,"Horror, Mystery, Thriller",5000000,2543216,0.9673162104543245,6.487,11.947491576380644,6.487
34544,The A-Team,2010,"Action, Comedy, Crime",110000000,177238796,0.9667818996884971,6.4,33.43853885323933,6.4
11968,Into the Blue,2005,"Action, Thriller, Adventure, Crime",50000000,46117696,0.966301019999252,5.915,27.118414657405303,5.915
123553,The Mortal Instruments: City of Bones,2013,"Fantasy, Action, Mystery",60000000,95396573,0.9638966215530277,6.43,18.58241201598796,6.43
33217,Diary of a Wimpy Kid,2010,"Comedy, Family",15000000,76196538,0.9634691729403656,6.259,10.296195579727534,6.259
11507,Body Double,1984,"Crime, Mystery, Thriller",10000000,8801940,0.9625608446384588,6.769,13.660926505843726,6.769
37834,Knight and Day,2010,"Action, Comedy",117000000,261989769,0.9621333960257968,6.227,42.98394026459292,6.227
842675,The Wandering Earth II,2023,"Science Fiction, Action, Adventure",73800000,5,0.9617593784897174,7.288,23.160595303281063,7.288
586,Wag the Dog,1997,"Comedy, Drama",15000000,64256513,0.960530463728314,6.931,29.106655428338225,6.931
340102,The New Mutants,2020,"Science Fiction, Horror, Action",67000000,49169594,0.9603701704985655,6.084,22.832674004392793,6.084
814776,Bottoms,2023,Comedy,11300000,12976079,0.9589809625074136,6.7,8.839109382978856,6.7
254302,High-Rise,2015,Drama,0,4289074,0.9588741003542484,5.621,17.91446975802731,5.621
511987,Crawl,2019,"Horror, Thriller",13500000,91542097,0.9587672382010826,6.322,10.73711539999631,6.322
49517,Tinker Tailor Soldier Spy,2011,"Drama, Thriller, Mystery",30000000,81515369,0.9583397895884206,6.624,36.49790716894613,6.624
239,Some Like It Hot,1959,"Comedy, Romance, Crime",2900000,25000000,0.9579123409757586,8.086,10.863033897505625,8.086
1127166,The Tearsmith,2024,"Romance, Drama",7000000,0,0.956042253295362,6.489,2.6945327993076535,6.489
8840,DragonHeart,1996,"Fantasy, Action, Adventure, Drama",57000000,115267375,0.9556148046826999,6.5,21.403273470777272,6.5
646207,The Ice Road,2021,"Action, Thriller",40000000,7502846,0.9552942182232032,6.775,21.972777815375593,6.775
238615,Self/less,2015,"Science Fiction, Action, Thriller",26000000,31807156,0.9547599074573757,6.419,21.91863696302631,6.419
192141,No Escape,2015,"Thriller, Action",5000000,54400000,0.9547064763807925,6.944,12.387591080704734,6.944
364433,They Call Me Jeeg,2016,"Drama, Action, Science Fiction",1900000,5713331,0.9542255966915479,7.412,6.4320973222836795,7.412
1620,Hitman,2007,"Action, Thriller, Drama",24000000,101276318,0.9541187345383821,6.151,18.645781422714965,6.151
417384,Scary Stories to Tell in the Dark,2019,"Horror, Adventure, Mystery",25000000,104545505,0.9539584413086343,6.492,10.59438042562093,6.492
1092,The Third Man,1949,"Thriller, Mystery",0,1226098,0.9536912859257202,7.903,7.909896496635681,7.903
175112,Tinker Bell and the Pirate Fairy,2014,"Animation, Family",0,63998725,0.9528898197769787,6.954,20.176696054485387,6.954
535544,Downton Abbey,2019,"Drama, Romance, History",20000000,194694725,0.9527829576238135,7.128,15.282280970515796,7.128
265195,Wild Tales,2014,"Drama, Thriller, Comedy",4000000,31478893,0.9521417847048204,7.867,5.338411089030941,7.867
11357,Halloween 4: The Return of Michael Myers,1988,"Horror, Thriller",5000000,17768757,0.9517677671687409,6.171,7.995414433869205,6.171
15143,Some Kind of Wonderful,1987,"Romance, Comedy",0,18553948,0.9507525767136685,6.85,14.70723949329084,6.85
274870,Passengers,2016,"Drama, Romance, Science Fiction",110000000,303144152,0.9505922834839201,6.952,28.016660616836575,6.952
1086747,The Watchers,2024,"Fantasy, Horror, Mystery",30000000,51147812,0.9494167997990991,6.35,16.886203721363284,6.35
1029955,Kinds of Kindness,2024,"Drama, Comedy",15000000,16398509,0.9490962133396029,6.499,39.99429880418444,6.499
6957,The 40 Year Old Virgin,2005,"Comedy, Romance",26000000,177400000,0.9490427822630197,6.416,20.380544566739882,6.416
8321,In Bruges,2008,"Comedy, Drama, Crime",15000000,34533783,0.9482413161142789,7.498,24.879157207398432,7.498
9702,Bound by Honor,1993,"Crime, Action, Drama, Thriller",35000000,4500000,0.9476535742718682,8.142,12.995650274703301,8.142
8427,I Spy,2002,"Action, Adventure, Comedy, Thriller",70000000,51386477,0.9467452459699611,5.403,23.690519403548276,5.403
299687,The 5th Wave,2016,"Science Fiction, Adventure, Action",38000000,109906372,0.9444477096769025,5.937,18.00408927498426,5.937
258230,A Monster Calls,2016,"Fantasy, Adventure, Family",43000000,47309313,0.942791346302837,7.3,15.288638419087114,7.3
12163,The Wrestler,2008,"Drama, Romance",6000000,44734660,0.9412418450819366,7.535,20.850380524058842,7.535
535292,21 Bridges,2019,"Crime, Action, Drama",33000000,49900000,0.9377688251040572,6.766,20.619871743602054,6.766
602269,The Little Things,2021,"Drama, Crime, Thriller",30000000,29942746,0.9376085318743088,6.337,26.429554342855155,6.337
57214,Project X,2012,Comedy,12000000,102731865,0.9371810832616466,6.885,6.846561953336329,6.885
75624,Naruto Shippuden the Movie: Blood Prison,2011,"Thriller, Animation, Action, Comedy, Horror, Mystery",0,9065101,0.9358987374236606,7.253,9.042547737261007,7.253
522627,The Gentlemen,2020,"Comedy, Crime",22000000,115171795,0.9355247198875812,7.668,24.378969560126084,7.668
17529,True Grit,1969,Western,0,37659900,0.9337080632837672,7.329,11.102155995381622,7.329
8393,The Gods Must Be Crazy,1980,"Action, Comedy",5000000,200000000,0.9337080632837672,7.253,8.655563690355342,7.253
10329,Congo,1995,"Action, Adventure, Science Fiction",50000000,152022101,0.9327997349818605,5.593,15.213989668120679,5.593
317442,The Last: Naruto the Movie,2014,"Action, Romance, Animation",750000,19840000,0.931357095914126,7.5,10.931325199900742,7.5
10925,The Return of the Living Dead,1985,"Comedy, Horror",4000000,14241310,0.931357095914126,7.186,5.932114753997503,7.186
458897,Charlie's Angels,2019,"Action, Adventure, Comedy",48000000,73279888,0.9313036648375428,6.389,16.633136252427626,6.389
50723,Naruto Shippuden the Movie: The Lost Tower,2010,"Adventure, Action, Animation",0,16537336,0.9311433716077949,7.178,13.874413730448282,7.178
938614,Late Night with the Devil,2024,"Horror, Fantasy",2000000,15469415,0.9298075946932256,7.102,6.494236255093651,7.102
72545,Journey 2: The Mysterious Island,2012,"Adventure, Action, Science Fiction",79000000,355692760,0.929754163616643,6.145,26.850581501465292,6.145
212778,Chef,2014,Comedy,11000000,50440695,0.9283115245489085,7.117,19.758745080667822,7.117
9760,Epic Movie,2007,"Comedy, Adventure, Fantasy",20000000,87238158,0.9280978002425775,3.871,12.746479306504902,3.871
17581,Naruto Shippuden the Movie: Bonds,2008,"Fantasy, Animation, Action",0,10642859,0.9264414368685114,7.335,8.181831232299121,7.335
12149,Frailty,2002,"Drama, Thriller, Crime",11000000,17400000,0.9263880057919288,6.9,14.99783641669589,6.9
37430,Conan the Barbarian,2011,"Adventure, Fantasy, Action",90000000,63523283,0.925212522107108,5.307,30.586710471538115,5.307
9272,The Good Son,1993,"Drama, Thriller, Horror",17000000,60613008,0.9246782113412806,6.779,17.330404805410804,6.779
760741,Beast,2022,"Thriller, Action, Horror, Adventure",0,56000000,0.9232890033501288,6.542,16.98730766154584,6.542
522681,Escape Room,2019,"Horror, Thriller, Mystery",9000000,155712077,0.9231287101203803,6.545,7.96916432363925,6.545
9679,Gone in Sixty Seconds,2000,"Action, Crime, Thriller",90000000,237200000,0.9227012615077184,6.448,39.753536074419074,6.448
71672,Wrong Turn 4: Bloody Beginnings,2011,"Horror, Thriller",3000000,0,0.9224341061248045,5.724,10.028772581759867,5.724
11393,The Natural,1984,Drama,28000000,48000000,0.921151760286818,6.899,24.0684799750624,6.899
49520,The Change-Up,2011,Comedy,52000000,75500000,0.920564018444408,6.2,25.92013814120509,6.2
87516,Oldboy,2013,"Drama, Thriller, Mystery, Action",30000000,5200000,0.9175718781557731,5.914,26.133420286823473,5.914
22164,Blood and Bone,2009,"Action, Crime, Thriller, Drama",3700000,3492,0.9174115849260247,7.344,13.195192128248195,7.344
41505,6 Souls,2010,"Horror, Mystery, Thriller",22000000,851517,0.9166635498538659,6.022,25.82272562277361,6.022
476292,Maquia: When the Promised Flower Blooms,2018,"Animation, Fantasy, Drama, Adventure",0,4345395,0.9161826701646213,8.155,7.546701612125911,8.155
55846,Blitz,2011,"Crime, Action, Thriller",15774948,15800000,0.9152209107861315,6.18,67.49128927006237,6.18
2362,Westworld,1973,"Adventure, Science Fiction, Western",1200000,10000000,0.9150606175563835,6.8,9.783908272271065,6.8
6145,Fracture,2007,Thriller,10000000,91354215,0.9145263067905557,7.261,31.331147191340747,7.261
38050,The Adjustment Bureau,2011,"Science Fiction, Thriller, Romance",50200000,127900000,0.9111601489658415,6.776,34.85563464768455,6.776
9988,Beerfest,2006,Comedy,17500000,19179969,0.9103586828171001,5.855,5.4019855747441134,5.855
531219,Roald Dahl's The Witches,2020,"Comedy, Fantasy, Family, Horror",0,29303571,0.9100380963576037,6.3,37.59466958699144,6.3
134,"O Brother, Where Art Thou?",2000,"Adventure, Comedy, Crime",26000000,71877090,0.9098778031278553,7.32,21.863675794732345,7.32
9728,Friday the 13th Part III,1982,"Horror, Thriller",2200000,36697702,0.9082748708303725,5.888,3.732027390349394,5.888
516329,Antlers,2021,"Drama, Horror, Mystery",17000000,18867659,0.9074199736050482,6.222,19.72121562619843,6.222
10147,Bad Santa,2003,"Drama, Comedy, Crime",23000000,76500000,0.905656748077817,6.559,13.08014281700597,6.559
837,Videodrome,1983,"Horror, Science Fiction, Mystery",5952000,2120439,0.9049087130056586,7.253,9.978323151161671,7.253
632727,Texas Chainsaw Massacre,2022,"Horror, Thriller",20000000,0,0.9044812643929966,5.198,5.090060436777225,5.198
11824,Teen Wolf,1985,"Comedy, Fantasy, Romance",1200000,80000000,0.9037866603974204,6.196,13.115006244655131,6.196
192,The Name of the Rose,1986,"Drama, Thriller, Mystery",18000000,77200000,0.9031454874784274,7.492,16.682355209108792,7.492
193756,Lone Survivor,2013,"War, Action, Drama",40000000,149295601,0.901168537644865,7.4,20.631561245813828,7.4
916,Bullitt,1968,"Action, Crime, Thriller",5500000,42300000,0.9004205025727068,7.142,15.30176347420209,7.142
521029,Annabelle Comes Home,2019,Horror,27000000,231252591,0.9001533471897926,6.409,24.474126209709674,6.409
13483,Awake,2007,"Thriller, Crime, Mystery",86000000,14373825,0.9001533471897926,6.542,26.98552347436615,6.542
454294,The Kid Who Would Be King,2019,"Action, Adventure, Fantasy, Family",59000000,32140970,0.8995121742707994,6.2,4.297430155224285,6.2
13648,Resident Evil: Degeneration,2008,"Animation, Horror, Action, Science Fiction",0,403117,0.8994053121176342,6.8,6.609285566335875,6.8
445571,Game Night,2018,"Mystery, Comedy, Crime",37000000,117501013,0.8988710013518064,6.847,20.664989120559785,6.847
9346,Risky Business,1983,"Romance, Comedy, Drama",6200000,63541777,0.8983901216625617,6.592,42.13593865677366,6.592
9032,Big Daddy,1999,"Comedy, Drama",34200000,234801895,0.8981229662796476,6.492,28.212305969644213,6.492
274862,The Lego Ninjago Movie,2017,"Family, Comedy, Adventure, Animation, Action",70000000,123081555,0.8974817933606546,6.509,13.839960460771469,6.509
46146,Troll Hunter,2010,"Fantasy, Horror",3500000,4159678,0.896466602905582,6.702,4.947940699360359,6.702
1498,Teenage Mutant Ninja Turtles,1990,"Science Fiction, Action, Adventure, Comedy, Family",13500000,201965915,0.8958788610631716,6.702,9.225683271912178,6.702
9062,Love Story,1970,"Romance, Drama",2200000,136400000,0.8953445502973443,6.827,8.40516224823991,6.827
4564,Sex and the City,2008,"Comedy, Drama, Romance",65000000,418800000,0.8939019112296097,6.6,14.731848971631429,6.6
2788,Reality Bites,1994,"Drama, Romance, Comedy",11500000,33351557,0.8939019112296097,6.553,22.51336602292373,6.553
9796,Turistas,2006,"Horror, Thriller",10000000,14652825,0.8915509438599679,5.475,16.969670868735093,5.475
103731,Mud,2013,Drama,10000000,32613173,0.8911234952473059,7.06,19.410520962148574,7.06
16907,Naruto the Movie: Ninja Clash in the Land of Snow,2004,"Comedy, Action, Animation, Adventure",0,11141307,0.8906960466346439,7.299,8.181831232299121,7.299
458423,Mamma Mia! Here We Go Again,2018,"Comedy, Romance",75000000,395607854,0.8899480115624852,7.081,33.980767692676835,7.081
417812,Wildlife,2018,Drama,0,3097257,0.8892534075669093,6.622,23.178437175077985,6.622
9522,Wedding Crashers,2005,"Comedy, Romance",40000000,288500000,0.8865818537377713,6.494,17.295746456747818,6.494
4478,Indecent Proposal,1993,"Romance, Drama",38000000,266614059,0.8861009740485262,6.397,41.38719527826143,6.397
9655,She's the Man,2006,"Comedy, Romance",20000000,57194667,0.8858338186656125,6.8,15.676647860923637,6.8
636706,Spaceman,2024,"Science Fiction, Adventure, Drama",40000000,0,0.8851392146700366,6.707,22.740388460615605,6.707
11918,Superhero Movie,2008,"Comedy, Action, Science Fiction",35000000,71571300,0.8844446106744606,5.3,9.722794734391952,5.3
309886,Blood Father,2016,"Action, Thriller, Drama",13000000,6903033,0.8843377485212953,6.171,26.81387236294059,6.171
37735,Easy A,2010,Comedy,8000000,75026327,0.8837500066788848,6.809,25.56186515236344,6.809
11812,The Sweetest Thing,2002,"Romance, Comedy",43000000,68696770,0.8835897134491365,5.604,17.6638632369257,5.604
9411,Fallen,1998,"Crime, Drama, Thriller",46000000,25232289,0.8812387460794947,6.79,21.158409161288475,6.79
384680,Hostiles,2017,"Drama, Western, History, Adventure",55000000,36976336,0.8804372799307538,6.948,26.50133198801519,6.948
1040148,"Ruby Gillman, Teenage Kraken",2023,"Animation, Family, Fantasy, Comedy",70000000,46247409,0.8796358137820123,7.164,14.838284965454445,7.164
782,Gattaca,1997,"Thriller, Science Fiction, Mystery, Romance",36000000,12532777,0.8776054328718672,7.564,30.67509951457804,7.564
961484,Last Seen Alive,2022,"Action, Thriller",0,5950199,0.8771245531826221,6.411,18.164666121156564,6.411
39105,Dragon Ball Z: Bojack Unbound,1993,"Action, Animation, Science Fiction",0,18435583,0.876910828876291,7.157,8.74702891818784,7.157
1493,Miss Congeniality,2000,"Comedy, Crime, Action",45000000,212000000,0.875628483038305,6.532,24.740728891732655,6.532
6620,Sabrina,1954,"Comedy, Romance, Drama",2239000,10000000,0.875414758731974,7.513,15.4118908897762,7.513
1844,Entrapment,1999,"Romance, Drama, Mystery",66000000,212404400,0.8743995682769015,6.232,17.90831738844216,6.232
8741,The Thin Red Line,1998,"Drama, History, War",52000000,98126565,0.8743461372003188,7.445,27.467254012883064,7.445
5511,Le Samouraï,1967,"Crime, Thriller, Drama",0,215245,0.874025550740822,7.8,14.365988060301426,7.8
2019,Hard Target,1993,"Action, Thriller, Crime",18000000,74189677,0.8724760495199219,6.483,21.622913064966976,6.483
9257,S.W.A.T.,2003,"Action, Thriller, Crime",80000000,207700000,0.8712471347585182,6.155,26.162951660832174,6.155
10202,Bedtime Stories,2008,"Fantasy, Comedy, Family, Romance",80000000,212874864,0.8708731172224393,6.159,21.370665911976,6.159
49730,Red Riding Hood,2011,"Thriller, Drama, Fantasy, Mystery, Horror, Romance",42000000,89162162,0.8695907713844526,6.0,28.24245258061142,6.0
2655,What Lies Beneath,2000,"Drama, Horror, Mystery, Thriller",100000000,291420351,0.8691633227717906,6.429,23.01765524991951,6.429
1367,Rocky II,1979,Drama,7000000,85187855,0.8691633227717906,7.288,23.98009093202247,7.288
167032,Curse of Chucky,2013,"Horror, Thriller",5000000,3876587,0.868896167388877,5.937,12.500794681071417,5.937
14113,Zoom,2006,"Family, Comedy, Adventure, Action, Science Fiction",75600000,12506188,0.8675603904743078,5.3,21.382355414187778,5.3
492,Being John Malkovich,1999,"Comedy, Drama, Fantasy",13000000,22863596,0.867079510785063,7.412,19.54156643431218,7.412
10330,Freaky Friday,2003,"Family, Fantasy, Comedy, Romance",26000000,160846332,0.8662780446363215,6.577,19.331360473486363,6.577
55,Amores Perros,2000,"Drama, Thriller",2000000,20908467,0.8656903027939111,7.633,10.009905315032086,7.633
307663,Vice,2015,"Thriller, Science Fiction, Action, Adventure",10000000,0,0.8656368717173285,4.345,8.988406884911726,4.345
10131,A Nightmare on Elm Street 4: The Dream Master,1988,"Horror, Thriller",6500000,49369899,0.8639805083432629,5.859,5.216594171245056,5.859
11419,Vegas Vacation,1997,Comedy,25000000,36400360,0.8638202151135146,6.001,10.454926715024293,6.001
9530,RV,2006,"Family, Comedy, Adventure",50000000,87528173,0.8636064908071835,5.883,11.304774033719088,5.883
8271,Disturbia,2007,"Thriller, Drama, Mystery",20000000,117760134,0.8634461975774351,6.686,26.989419975103417,6.686
11259,Far and Away,1992,"Adventure, Drama, Romance, Western",60000000,137783840,0.8633393354242699,6.8,45.38992693035723,6.8
149870,The Wind Rises,2013,"Drama, Animation, Romance, History",30000000,117932401,0.8607746437482972,7.793,8.579069228513363,7.793
2044,The Lake House,2006,"Romance, Drama, Mystery, Fantasy",40000000,114830111,0.8594388668337277,7.027,39.888888205292275,7.027
8487,Wild Wild West,1999,"Action, Adventure, Comedy, Science Fiction, Western",170000000,222104681,0.8587442628381521,5.318,24.334467420126863,5.318
6964,Something's Gotta Give,2003,"Drama, Comedy, Romance",80000000,270000000,0.8571947616172517,6.6,33.16557872264503,6.6
619778,Malignant,2021,"Horror, Mystery",40000000,34891791,0.8570878994640865,6.749,12.16508038070863,6.749
8461,Funny Games,2008,"Thriller, Horror",15000000,7938872,0.8557521225495173,6.555,15.037826818999338,6.555
2023,Hidalgo,2004,"Western, Adventure",100000000,108103450,0.8557521225495173,6.906,12.275412875268911,6.906
61667,We Have a Pope,2011,"Drama, Comedy",11000000,17877523,0.8550040874773589,6.776,7.5729517223558656,6.776
11471,A Better Tomorrow,1986,"Action, Crime, Drama",0,4459629,0.8529202754906309,7.394,13.895331787037781,7.394
77930,Magic Mike,2012,"Drama, Comedy",7000000,167200000,0.8528134133374656,6.171,20.75788990129549,6.171
12508,Rock Star,2001,"Music, Drama, Comedy",57000000,19334145,0.8521722404184725,6.726,28.529153003279216,6.726
11186,Child's Play 2,1990,"Horror, Thriller",13000000,35763605,0.8519050850355583,6.353,10.06732743116011,6.353
1241320,Kingdom: Return of the Great General,2024,"Action, Adventure",0,54114815,0.8513173431931484,6.801,9.305048839560557,6.801
1267,Meet the Robinsons,2007,"Animation, Comedy, Family, Science Fiction, Adventure",150000000,169332978,0.850943325657069,6.931,5.696068840914078,6.931
10747,The Outlaw Josey Wales,1976,Western,3700000,31800000,0.8505693081209896,7.439,14.437150468502946,7.439
10340,Lady and the Tramp,1955,"Family, Animation, Romance, Adventure, Comedy",4000000,36359037,0.850515877044407,7.118,3.8780436285035185,7.118
10281,Friday the 13th Part VII - The New Blood,1988,"Horror, Thriller",2800000,19170001,0.8503555838146586,5.481,7.008984510384176,5.481
9009,Dark Water,2005,"Horror, Mystery",30000000,68357079,0.8493938244361686,5.68,21.576360135106036,5.68
9291,The Longest Yard,2005,"Drama, Comedy, Crime",90000000,191466556,0.8492869622830034,6.668,19.81329609098945,6.668
9100,The Craft,1996,"Horror, Drama, Fantasy",15000000,24800000,0.848271771827931,6.8,37.843840555189836,6.8
288,High Noon,1952,"Western, Drama",730000,8000000,0.8457605112285408,7.662,5.661820650223434,7.662
8367,Robin Hood: Prince of Thieves,1991,"Action, Adventure, Drama",48000000,390493908,0.8452262004627134,6.853,34.38292758455919,6.853
2698,Evan Almighty,2007,"Fantasy, Comedy, Family",175000000,174440724,0.8441575789310578,5.586,29.418375487318944,5.586
10796,The One,2001,"Action, Science Fiction, Thriller",49000000,72689126,0.8437301303183958,6.129,31.510181146268483,6.129
1904,Memoirs of a Geisha,2005,"Drama, Romance, History",85000000,162242962,0.8434629749354822,7.642,15.574518525810218,7.642
696,Manhattan,1979,"Comedy, Drama, Romance",9000000,40194067,0.8434095438588995,7.717,10.892155113541984,7.717
171372,Frank,2014,"Comedy, Drama, Mystery",1000000,1897363,0.8418066115614166,6.857,18.68720737792161,6.857
768744,My Hero Academia: World Heroes' Mission,2021,"Animation, Action, Adventure, Science Fiction",0,46940541,0.8413791629487546,7.6,13.91830063348899,7.6
617,Wild Things,1998,"Mystery, Thriller, Drama",20000000,67200000,0.8410585764892577,6.368,36.21284737816771,6.368
8844,Jumanji,1995,"Adventure, Fantasy, Family",65000000,262821940,0.8402036792639338,7.245,22.455533748823363,7.245
1878,Fear and Loathing in Las Vegas,1998,"Adventure, Drama, Comedy",18500000,10700000,0.8399365238810199,7.21,34.31668707202579,7.21
268920,Hot Pursuit,2015,"Action, Comedy",35000000,51680201,0.8393487820386095,5.756,20.522459225170582,5.756
377264,Morgan,2016,"Horror, Science Fiction, Thriller",8000000,8810591,0.8382267294303714,5.811,34.0876138444722,5.811
8277,American Pie Presents: Beta House,2007,Comedy,10000000,18610260,0.8379061429708752,5.648,4.510507221856498,5.648
635910,The Last Voyage of the Demeter,2023,"Horror, Fantasy",45000000,21600000,0.8377992808177094,6.75,8.716882307220626,6.75
1082195,The Order,2024,"Crime, Drama, Thriller",20000000,1970445,0.835608606677816,6.581,17.084310022004978,6.581
48988,Hall Pass,2011,"Comedy, Romance",36000000,83200000,0.8348605716056575,5.704,15.081508643053873,5.704
985,Eraserhead,1977,"Horror, Science Fiction",100000,7000000,0.8344331229929955,7.348,5.261711548202792,7.348
5955,The Pledge,2001,"Crime, Drama, Mystery, Thriller",35000000,29419291,0.8340056743803335,6.559,26.976089841002267,6.559
184346,Deliver Us from Evil,2014,"Thriller, Crime, Horror",30000000,87937815,0.8332576393081748,6.248,13.280094828523206,6.248
459910,Braven,2018,"Drama, Action, Thriller",5000000,854319,0.8330973460784263,6.2,29.681491826577012,6.2
109451,Cloudy with a Chance of Meatballs 2,2013,"Animation, Family, Comedy",78000000,248384621,0.8322424488531022,6.5,26.12952378608621,6.5
8982,The Protector,2005,"Action, Crime, Drama, Thriller",6000000,27165581,0.8307463787087845,7.118,11.314617825055322,7.118
522402,Finch,2021,"Science Fiction, Drama, Adventure",2500000,0,0.8303189300961226,7.811,32.3873039701241,7.811
10357,Volcano,1997,"Science Fiction, Action, Drama, Thriller",90000000,122823468,0.8294640328707983,5.93,15.5033561176087,5.93
11645,Ran,1985,"Action, Drama, History",12000000,23334156,0.8294106017942158,8.039,7.125059216557257,8.039
164,Breakfast at Tiffany's,1961,"Comedy, Romance, Drama",2500000,9500000,0.829357170717633,7.626,14.298517073850995,7.626
504253,I Want to Eat Your Pancreas,2018,"Animation, Drama, Romance",0,33748006,0.8280213938030639,8.23,7.5526489027248855,8.23
338766,Hell or High Water,2016,"Western, Crime, Drama",12000000,37600000,0.8279679627264813,7.3,16.170272980638494,7.3
5289,Chaos,2005,"Drama, Action, Crime",30000000,7000000,0.8279145316498987,6.323,69.22564225611495,6.323
5683,Pee-wee's Big Adventure,1985,"Comedy, Adventure, Family",6000000,40900000,0.8263115993524157,6.464,6.449118878135915,6.464
515195,Yesterday,2019,"Comedy, Fantasy, Music, Romance",26000000,154608856,0.8262581682758325,6.685,12.87916541055788,6.685
242042,Barefoot,2014,"Comedy, Drama, Romance",6000000,15071,0.8258307196631706,6.659,18.101296714429566,6.659
944401,Dogman,2023,"Action, Drama, Crime",0,4082217,0.8252429778207602,7.86,9.72094902351641,7.86
17692,Jaws 3-D,1983,"Thriller, Horror",20500000,87987056,0.8247620981315154,4.472,11.80414136504675,4.472
559907,The Green Knight,2021,"Adventure, Drama, Fantasy",15000000,18887953,0.8246552359783501,6.607,14.562248650067575,6.607
14411,Sinbad: Legend of the Seven Seas,2003,"Family, Animation, Adventure, Fantasy",60000000,80767884,0.8228385793745362,7.001,35.185401657448374,7.001
638,Lost Highway,1997,"Drama, Thriller, Mystery",15000000,3836866,0.8228385793745362,7.54,11.682119368274693,7.54
13920,Radio,2003,Drama,35000000,53293628,0.8219836821492115,7.307,14.349171583435364,7.307
2440,Joint Security Area,2000,"Drama, Thriller, Action",12500000,0,0.8217165267662979,7.824,12.183332410477899,7.824
9645,Ghost Ship,2002,"Horror, Mystery, Thriller",35000000,71142361,0.8210219227707223,5.995,12.137599796561647,5.995
430231,The Endless,2017,"Science Fiction, Horror, Thriller",1000000,956425,0.8199533012390667,6.331,4.730146816046201,6.331
615904,Marry Me,2022,"Romance, Comedy, Music",23000000,44000000,0.8198998701624839,6.622,17.932516708810397,6.622
929204,Wallace & Gromit: Vengeance Most Fowl,2024,"Family, Comedy, Adventure, Animation",0,191452,0.8186175243244979,7.464,3.87414712776626,7.464
1160164,TAYLOR SWIFT | THE ERAS TOUR,2023,Music,15000000,261656269,0.8177626270991738,8.208,5.850698396487408,8.208
399360,Alpha,2018,"Adventure, Drama",51000000,99630675,0.8170145920270149,6.532,5.6056290080124365,6.532
225574,Non-Stop,2014,"Action, Thriller, Mystery",50000000,222809600,0.8169611609504323,6.811,33.11410389711598,6.811
1791,The Piano Teacher,2001,"Drama, Romance",6200000,6766708,0.8168542987972665,7.263,12.429837351856069,7.263
340666,Nocturnal Animals,2016,"Drama, Thriller",22500000,29300000,0.816052832648525,7.413,31.79626633197777,7.413
676547,Prey for the Devil,2022,"Horror, Thriller",0,37655699,0.8150910732700356,6.872,6.71223521739398,6.872
305470,Power Rangers,2017,"Action, Adventure, Science Fiction",105000000,142300000,0.8138621585086322,6.252,11.827110211497962,6.252
72784,The Loft,2014,Thriller,14000000,10100000,0.8129003991301423,6.408,28.3413006519461,6.408
184314,Young & Beautiful,2013,Drama,4650000,9757417,0.8123126572877318,6.5,8.912937818000604,6.5
9631,The Negotiator,1998,"Action, Crime, Drama, Thriller",50000000,44547681,0.8114043289858252,7.105,21.274073709489212,7.105
420814,Christopher Robin,2018,"Adventure, Comedy, Family, Fantasy",75000000,197744377,0.8084121886971903,7.304,17.72518185379099,7.304
1051896,Arcadian,2024,"Action, Horror, Thriller",0,1235594,0.8067558253231247,6.036,23.03611235867495,6.036
16871,Drag Me to Hell,2009,"Horror, Thriller",30000000,91388487,0.8059543591743833,6.466,11.45817311537539,6.466
409,The English Patient,1996,"Drama, Romance, War",27000000,231976425,0.8047254444129798,7.154,24.577896176712464,7.154
18892,Jawbreaker,1999,"Comedy, Crime, Thriller",3000000,3100000,0.8043514268769003,6.4,15.15759294692351,6.4
15255,Undisputed II: Last Man Standing,2006,"Action, Crime, Thriller, Drama",8000000,71000000,0.8042445647237346,7.356,22.056450041733573,7.356
59859,Kick-Ass 2,2013,"Action, Adventure, Crime",28000000,60795985,0.804191133647152,6.403,22.72808372144532,6.403
948549,Love Lies Bleeding,2024,"Crime, Romance, Thriller",10000000,12778225,0.8041377025705694,6.568,21.70863608118667,6.568
11281,Halloween II,1981,"Horror, Thriller",2500000,25533818,0.8026416324262517,6.579,14.040322630261045,6.579
460885,Mandy,2018,"Fantasy, Action, Horror",6000000,1653784,0.8023210459667554,6.204,24.003469936446027,6.204
955555,The Roundup 3: No Way Out,2023,"Action, Crime, Comedy, Thriller",0,83410298,0.8022676148901727,7.2,10.059534429685597,7.2
4148,Revolutionary Road,2008,"Drama, Romance",35000000,76000000,0.8014661487414313,6.983,55.66581969045378,6.983
8329,[REC],2007,"Horror, Mystery",1500000,32511655,0.8013058555116829,7.22,5.884331350219537,7.22
1548,Ghost World,2001,"Comedy, Drama",7000000,8800000,0.8002372339800277,7.09,38.14633205979284,7.09
1246,Rocky Balboa,2006,Drama,24000000,155929020,0.8000769407502794,6.9,20.84381799650135,6.9
319888,Eddie the Eagle,2016,"Comedy, Drama, History, Adventure",23000000,46152411,0.7997563542907825,7.169,23.847814985941838,7.169
324542,Sleepless,2017,"Action, Crime, Thriller",30000000,32540674,0.7990083192186243,5.918,20.2349384865581,5.918
9571,Dazed and Confused,1993,"Comedy, Drama",6900000,8259076,0.7982602841464655,7.3,14.073135268048489,7.3
900667,One Piece Film Red,2022,"Animation, Adventure, Action, Fantasy",0,171315305,0.7971916626148103,7.188,11.427001109477317,7.188
9007,Just Like Heaven,2005,"Drama, Comedy, Romance, Fantasy",58000000,102900000,0.7958558857002411,7.0,20.343015112270496,7.0
613,Downfall,2004,"Drama, History, War",16000000,92181574,0.7947872641685859,7.856,10.347875484242756,7.856
9341,The Core,2003,"Science Fiction, Adventure, Thriller",60000000,74208267,0.7945735398622549,5.807,22.38006468191224,5.807
13888,Return to the Blue Lagoon,1991,"Adventure, Drama",11000000,2807854,0.7940926601730097,6.2,16.840881265419377,6.2
259694,How to Be Single,2016,"Comedy, Romance",38000000,112343513,0.7939323669432619,6.258,20.676063385813052,6.258
353070,Going in Style,2017,"Crime, Comedy",25000000,84618541,0.7930774697179378,6.689,26.73942869096033,6.689
338762,Bloodshot,2020,"Action, Science Fiction, Adventure",42000000,39861118,0.7921691414160305,6.687,38.998025089363175,6.687
5825,National Lampoon's Christmas Vacation,1989,Comedy,27000000,74542088,0.7918485549565337,7.233,14.643049770619154,7.233
411873,The Little Hours,2017,Comedy,0,1647675,0.790299053735634,5.878,15.48182282406069,5.878
392,Chocolat,2000,"Comedy, Drama, Romance",25000000,152700626,0.7901387605058856,6.971,17.129632477948885,6.971
401898,Thelma,2017,"Drama, Mystery, Thriller",5700000,1500000,0.7887495525147337,6.793,5.695658682941736,6.793
322240,Nine Lives,2016,"Fantasy, Comedy, Family",30000000,57814445,0.7884289660552374,5.8,17.94728239581475,5.8
9354,"Honey, I Shrunk the Kids",1989,"Adventure, Comedy, Family, Science Fiction",18000000,222724172,0.787841224212827,6.3,9.83825420360652,6.3
10428,Hackers,1995,"Action, Crime, Thriller, Drama",20000000,7563728,0.7877343620596613,6.38,33.68053205692173,6.38
1090,The Thirteenth Floor,1999,"Thriller, Science Fiction, Mystery",16000000,18564088,0.7860779986855957,7.046,5.900532590127089,7.046
11336,The Dead Zone,1983,"Thriller, Horror, Science Fiction",10000000,20766616,0.7853833946900199,7.008,14.41869335974751,7.008
86837,Amour,2012,"Drama, Romance",8900000,29800000,0.7850628082305232,7.757,8.303237992112662,7.757
9461,Enter the Dragon,1973,Action,850000,21531361,0.7848490839241921,7.418,13.328288390273515,7.418
798286,Beau Is Afraid,2023,"Comedy, Adventure, Fantasy",35000000,12337378,0.784207911005199,6.708,16.428672503214614,6.708
454992,The Spy Who Dumped Me,2018,"Comedy, Action, Adventure",40000000,33562069,0.7832461516267092,6.378,30.631212611537332,6.378
384521,The Cloverfield Paradox,2018,"Horror, Thriller, Science Fiction",45000000,0,0.7830858583969609,5.629,13.05717397055476,5.629
3989,Team America: World Police,2004,"Adventure, Action, Comedy",32000000,50826898,0.7830858583969609,6.735,6.915673571676131,6.735
12493,High and Low,1963,"Drama, Crime",250000,0,0.7819103747121404,8.3,6.385954550395086,8.3
8469,Animal House,1978,Comedy,2700000,141000000,0.781750081482392,6.972,10.668824097601192,6.972
10588,The Cat in the Hat,2003,"Family, Comedy, Adventure, Fantasy",109000000,133800000,0.7801471491849091,5.291,18.93494279321681,5.291
343,Harold and Maude,1971,"Comedy, Drama, Romance",1200000,0,0.7791853898064192,7.601,5.430901711794299,7.601
25239,Day of the Woman,1978,"Horror, Thriller",80000,0,0.7789716655000882,6.0,7.661135686409621,6.0
859,Dangerous Liaisons,1988,"Drama, Romance",14000000,34670720,0.7789716655000882,7.194,18.936788504092352,7.194
940139,Here,2024,Drama,40000000,15397270,0.7789182344235056,6.532,35.854164231353714,6.532
3558,"Girl, Interrupted",1999,Drama,40000000,48350205,0.7781701993513468,7.565,33.765434757196736,7.565
7183,Perfect Stranger,2007,"Thriller, Crime, Mystery",60795000,73090611,0.776620698130447,5.831,27.854443138774904,5.831
62214,Frankenweenie,2012,"Animation, Comedy, Family",39000000,81493846,0.7760329562880366,7.002,34.58411006999346,7.002
9619,Dante's Peak,1997,"Action, Adventure, Drama, Thriller",116000000,178127760,0.7751780590627124,6.216,19.425081570166753,6.216
10489,Cujo,1983,"Horror, Thriller",5000000,21200000,0.7730408159994017,6.156,6.113199498786958,6.156
10474,The Basketball Diaries,1995,"Drama, Crime",2000000,2381087,0.7728805227696532,7.401,36.539538203138946,7.401
373569,Snatched,2017,"Action, Comedy",42000000,60800000,0.7728270916930706,5.3,9.566934704901593,5.3
74997,The Human Centipede 2 (Full Sequence),2011,"Drama, Horror, Crime",0,170323,0.7715447458550845,4.766,5.041456717054574,4.766
5176,3:10 to Yuma,2007,Western,55000000,70000000,0.7714378837019188,7.227,18.451161464838183,7.227
480414,The Curse of La Llorona,2019,Horror,9000000,123233739,0.7710104350892567,5.651,20.593621633372095,5.651
602223,The Forever Purge,2021,"Action, Horror, Thriller",18000000,76994245,0.7705829864765946,6.882,10.69281833898326,6.882
4944,Burn After Reading,2008,"Comedy, Drama",37000000,163700000,0.7700486757107669,6.672,40.0830980051967,6.672
4824,The Jackal,1997,"Action, Thriller, Adventure, Crime",60000000,159300000,0.769888382481019,6.378,21.45269750644461,6.378
839,Duel,1971,"Action, Thriller, TV Movie",450000,2544,0.7688197609493633,7.416,4.993468234290437,7.416
319,True Romance,1993,"Action, Crime, Romance",12500000,12600000,0.7683923123367014,7.534,15.474234901572345,7.534
4147,Road to Perdition,2002,"Crime, Drama, Thriller",80000000,181001478,0.7681785880303703,7.345,36.264937440655274,7.345
402298,Denial,2016,"Drama, History",10000000,7994527,0.7677511394177082,6.836,17.96861061037659,6.836
323677,Race,2016,"Drama, History",5000000,24804129,0.7677511394177082,7.255,12.439065906233788,7.255
406990,What Happened to Monday,2017,"Science Fiction, Thriller, Mystery, Action",20000000,27975429,0.7668962421923841,7.1,22.25189031555504,7.1
127493,Stolen,2012,"Action, Crime, Thriller",35000000,2106557,0.7665222246563047,5.485,23.087177026231657,5.485
8845,Under Siege,1992,"Action, Thriller",35000000,156563139,0.7663619314265563,6.293,17.827516267890584,6.293
8456,Never Back Down,2008,"Drama, Action",20000000,41627431,0.765827620660729,6.773,14.824954831353299,6.773
1712,Giant,1956,"Drama, Western, Romance",5400000,32855818,0.7652398788183186,7.604,12.672855950469325,7.604
9064,Hellbound: Hellraiser II,1988,"Horror, Thriller",3000000,12090735,0.7637438086740009,6.41,7.1640242239298475,6.41
1577,Resident Evil: Apocalypse,2004,"Horror, Action, Science Fiction",45000000,129342769,0.7632094979081736,6.355,19.588119364173114,6.355
1729,The Forbidden Kingdom,2008,"Action, Adventure, Fantasy",55000000,127906624,0.7622477385296837,6.623,57.555007311065864,6.623
10774,Network,1976,Drama,3800000,23700000,0.7613928413043597,7.81,8.030688019490709,7.81
536437,Hypnotic,2023,"Mystery, Science Fiction, Thriller",70000000,16014123,0.7612325480746113,6.206,25.339149373381158,6.206
13056,Punisher: War Zone,2008,"Action, Crime",20500000,10089373,0.7608050994619493,5.831,15.99062378875224,5.831
456740,Hellboy,2019,"Fantasy, Horror, Action, Adventure",50000000,55065289,0.759522753623963,5.577,27.131539712520286,5.577
1580,Rope,1948,"Thriller, Crime, Drama",1500000,2200000,0.7589884428581353,7.934,9.413740702231465,7.934
23047,Season of the Witch,2011,"Adventure, Fantasy, Action",40000000,91627228,0.7581869767093938,5.522,25.159705260481076,5.522
376660,The Edge of Seventeen,2016,"Comedy, Drama",9000000,18803648,0.7576526659435665,7.158,26.054875035119778,7.158
33909,Wall Street: Money Never Sleeps,2010,"Drama, Crime",70000000,134748021,0.757438941637235,6.097,38.90471415065513,6.097
2207,16 Blocks,2006,"Action, Adventure, Crime, Thriller",55000000,65664721,0.7571717862543214,6.447,18.151541066041585,6.447
15370,The Cat Returns,2002,"Adventure, Fantasy, Animation, Drama, Family",0,54016370,0.7567443376416593,7.132,4.06938232260155,7.132
13885,Sweeney Todd: The Demon Barber of Fleet Street,2007,"Drama, Horror",50000000,153384272,0.7565306133353282,7.179,29.1068605073244,7.179
301502,Blonde,2022,Drama,22000000,0,0.7554619918036731,5.919,34.90813486814447,5.919
3782,Ikiru,1952,Drama,0,55240,0.7547139567315143,8.306,5.5961953746485475,8.306
9489,You've Got Mail,1998,"Comedy, Romance",65000000,250800000,0.7541796459656865,6.7,32.130134921465,6.7
1887,Marie Antoinette,2006,"Drama, History",40000000,60917189,0.7531110244340314,6.7,20.63955932627452,6.7
10947,High School Musical,2006,"Comedy, Drama, Family, Music, Romance, TV Movie",4200000,3746,0.752790437974535,6.55,25.071726375413494,6.55
7288,Duplex,2003,Comedy,40000000,19322135,0.7523095582852899,6.081,19.188830578097154,6.081
682507,Where the Crawdads Sing,2022,"Drama, Mystery, Romance",24000000,144353965,0.7517752475194626,7.529,13.644315107963834,7.529
9326,Romancing the Stone,1984,"Romance, Comedy, Action, Adventure",10000000,86572238,0.7515080921365485,6.753,18.8752648082409,6.753
85350,Boyhood,2014,Drama,4000000,48137666,0.7507600570643901,7.491,14.3395328710853,7.491
848538,Argylle,2024,"Action, Adventure, Comedy",200000000,96221061,0.7505997638346417,6.01,39.57429704050516,6.01
9462,The Way of the Dragon,1972,"Action, Crime",130000,27000000,0.7503326084517281,7.363,14.615979344444513,7.363
817758,TÁR,2022,"Music, Drama",35000000,29048571,0.7502257462985623,7.102,14.037656603440817,7.102
207768,I Spit on Your Grave 2,2013,"Thriller, Horror, Crime",0,678604,0.7493174179966555,6.3,5.421057920458066,6.3
11077,Problem Child,1990,"Comedy, Family",10000000,72000000,0.7489434004605762,6.148,6.546326317581218,6.148
50698,Grave Encounters,2011,"Thriller, Horror",1000000,0,0.748302227541583,6.31,5.18091042765121,6.31
9538,Scanners,1981,"Science Fiction, Horror",4100000,14225876,0.7479816410820863,6.719,5.446487714743334,6.719
345009,Mine,2016,"War, Thriller",0,1600000,0.7478747789289211,6.593,13.959316430723295,6.593
1636,Bedazzled,2000,"Fantasy, Comedy, Romance",48000000,90383208,0.7476076235460068,6.081,17.097640156106124,6.081
138,Dracula,1931,Horror,355000,700000,0.7463252777080207,7.2,6.030757746346007,7.2
776305,Belle,2021,"Animation, Science Fiction, Drama, Music",0,63501160,0.7450963629466173,7.648,7.507941683739492,7.648
1832,Dogma,1999,"Fantasy, Comedy, Adventure",10000000,33535478,0.7440277414149621,6.923,32.43078071519246,6.923
773,Little Miss Sunshine,2006,"Comedy, Drama",8000000,100523351,0.7436537238788827,7.69,18.48930615626609,7.69
9355,Mad Max Beyond Thunderdome,1985,"Action, Adventure, Science Fiction",10000000,36230219,0.7434934306491343,6.216,18.12098429710203,6.216
9481,The Bone Collector,1999,"Crime, Thriller, Drama, Mystery",73000000,151493655,0.7430659820364722,6.796,32.3735636780506,6.796
536869,Cats,2019,"Fantasy, Comedy, Drama",95000000,77276321,0.7426385334238103,4.103,20.862480184242965,4.103
87818,Movie 43,2013,Comedy,6000000,32443111,0.7416233429687378,4.636,20.175260501582187,4.636
8055,The Reader,2008,"Drama, Romance",32000000,108902486,0.7414630497389894,7.5,38.440210246976626,7.5
280217,The Lego Movie 2: The Second Part,2019,"Action, Adventure, Animation, Comedy, Family",99000000,199603202,0.7413561875858241,6.658,25.263680306470036,6.658
52520,Underworld: Awakening,2012,"Fantasy, Action, Horror",70000000,160112671,0.7399135485180891,6.333,18.972677326672372,6.333
525661,Bombshell,2019,Drama,32000000,61404394,0.7377763054547788,6.779,37.77042227814043,6.779
832964,Lee,2024,"History, Drama, War",0,23508220,0.7373488568421168,7.011,41.64641511678224,7.011
309809,The Little Prince,2015,"Adventure, Animation, Fantasy, Family",64000000,101281211,0.73702827038262,7.6,10.56484905161223,7.6
8488,Hitch,2005,"Comedy, Drama, Romance",70000000,371600000,0.7368679771528717,6.575,25.333202082782186,6.575
644495,House of Gucci,2021,"Drama, Crime, History",75000000,153235995,0.7355322002383028,6.569,19.911734004351775,6.569
2300,Space Jam,1996,"Comedy, Animation, Family, Science Fiction",80000000,250200000,0.7352650448553891,6.808,11.754922408365582,6.808
23827,Paranormal Activity,2007,"Horror, Mystery",15000,193355800,0.7351047516256408,6.043,3.6378961356966646,6.043
11932,Bride of Chucky,1998,"Horror, Comedy",25000000,50688658,0.7347307340895614,6.128,18.04838633599731,6.128
379,Miller's Crossing,1990,"Drama, Thriller, Crime",14000000,5080409,0.7342498544003166,7.449,13.632215447779714,7.449
9788,Accepted,2006,Comedy,23000000,38505009,0.7328606464091647,6.45,19.043429576901545,6.45
499726,MILF,2018,"Comedy, Romance",0,1100000,0.7324331977965027,5.713,5.990152107084044,5.713
429351,12 Strong,2018,"War, Drama, Action, History",35000000,67450815,0.7318988870306748,6.35,23.54429808640798,6.35
641,Requiem for a Dream,2000,"Crime, Drama",4500000,7390108,0.7296013507376162,8.011,23.68539242889399,8.011
442249,The First Purge,2018,"Action, Horror, Thriller",13000000,137056262,0.7284258670527954,6.001,9.069823242421819,6.001
38543,Ironclad,2011,"Romance, Adventure, Action, History",25000000,5151023,0.7283724359762127,6.1,21.943246441366895,6.1
1900,Traffic,2000,"Thriller, Drama, Crime",48000000,207500000,0.7241513809261744,7.082,21.96765084072131,7.082
818397,Memory,2022,"Action, Thriller, Crime",30000000,13900000,0.7236705012369298,6.741,21.366974490224912,6.741
365942,The Space Between Us,2017,"Romance, Adventure, Science Fiction, Drama",30000000,14793385,0.7234567769305987,7.046,17.768863677845527,7.046
332210,Storks,2016,"Adventure, Animation, Comedy, Family",70000000,182379278,0.722922466164771,6.7,16.002518369950185,6.7
369885,Allied,2016,"Action, Drama, War, Romance, Thriller",106000000,119520023,0.7228690350881883,6.803,34.41574022234665,6.803
628900,The Contractor,2022,"Action, Thriller",0,2122288,0.7225484486286915,6.352,16.398525892247402,6.352
35552,The Extraordinary Adventures of Adèle Blanc-Sec,2010,"Fantasy, Adventure, Action, Mystery",25000000,34604339,0.7224415864755263,6.2,7.075635180889921,6.2
454527,Benedetta,2021,"History, Drama, Romance",24350000,2652725,0.721105809560957,6.608,11.52707965472902,6.608
4538,The Darjeeling Limited,2007,"Adventure, Drama, Comedy",16000000,24377151,0.7207852231014602,7.15,21.664954257132134,7.15
193893,Let's Be Cops,2014,Comedy,17000000,136600000,0.7187014111147326,6.461,8.855925859844922,6.461
9429,A Night at the Roxbury,1998,"Comedy, Romance",17000000,30331165,0.7185945489615674,6.526,9.469932344442464,6.526
12104,Pink Floyd: The Wall,1982,"Music, Drama",12000000,22244207,0.716190150515343,7.942,5.091085831708083,7.942
1921,Sweet November,2001,"Drama, Romance",40000000,65754228,0.7161367194387603,6.869,35.78300182315219,6.869
136795,The Heat,2013,"Action, Comedy, Crime",43000000,229930771,0.7158695640558462,6.59,22.61693091094035,6.59
157847,Joe,2014,Drama,4000000,2431443,0.7143200628349463,6.521,19.594681891730602,6.521
19959,Surrogates,2009,"Science Fiction, Action, Thriller",80000000,122444772,0.713946045298867,6.137,24.902741290808162,6.137
3600,I Still Know What You Did Last Summer,1998,"Horror, Mystery, Thriller",24000000,84002112,0.7138926142222843,5.37,17.593726223655047,5.37
181283,Child 44,2015,"Crime, Thriller",50000000,12951093,0.7135720277627875,6.285,34.629637604923545,6.285
50348,The Lincoln Lawyer,2011,"Crime, Drama, Thriller",40000000,85412898,0.7131445791501254,7.208,24.214701292202694,7.208
177888,Teen Beach Movie,2013,"Family, Music, TV Movie, Comedy, Fantasy",8000000,0,0.7128239926906287,6.9,7.690667060418321,6.9
943,Lethal Weapon 3,1992,"Action, Thriller, Crime",35000000,321731527,0.7126102683842976,6.704,25.407030517803936,6.704
10157,Police Academy 2: Their First Assignment,1985,"Comedy, Crime",7600000,55600000,0.7118622333121393,6.08,7.942504055436952,6.08
413362,"Roman J. Israel, Esq.",2017,"Drama, Crime, Thriller",22000000,13025860,0.7116485090058083,6.3,21.778773094457332,6.3
265228,Timbuktu,2014,"Drama, War",0,1076075,0.7113813536228941,6.965,3.3317132093425785,6.965
9762,Step Up,2006,"Music, Drama, Romance, Crime",12000000,114197742,0.7113813536228941,6.872,14.5210277738471,6.872
811592,One Shot,2021,"Action, Thriller",0,53600000,0.7112210603931463,6.705,24.477202394502246,6.705
2133,The Perfect Storm,2000,"Drama, Adventure, Action",130000000,328718434,0.7102058699380738,6.477,35.12408304058308,6.477
43593,Piranha 3D,2010,"Comedy, Horror",24000000,83188165,0.7094044037893323,5.419,13.517576294509833,5.419
614479,Insidious: The Red Door,2023,"Horror, Thriller",16000000,189086877,0.7082289201045114,6.519,15.888084295666477,6.519
9399,Lionheart,1990,Action,6000000,24271196,0.7081220579513458,6.581,17.052522779148394,6.581
413644,The Son of Bigfoot,2017,"Family, Animation, Comedy",30000000,46372519,0.7077480404152663,6.572,6.846972111308672,6.572
2609,"Planes, Trains and Automobiles",1987,Comedy,15000000,49500000,0.7071068674962733,7.2,12.012296536010847,7.2
512196,Happy Death Day 2U,2019,"Comedy, Horror, Science Fiction",9000000,64600152,0.705183348739294,6.324,5.956929311324258,6.324
256274,"As Above, So Below",2014,"Horror, Thriller",5000000,41898409,0.7032598299823143,6.735,7.251182793052746,6.735
42949,Arthur 3: The War of the Two Worlds,2010,"Animation, Adventure, Fantasy, Family",70200000,33885979,0.7023515016804076,5.787,11.896221829837764,5.787
6466,Freddy vs. Jason,2003,Horror,30000000,116643421,0.702298070603825,6.082,7.029082251028986,6.082
11230,Drunken Master,1978,"Action, Comedy",0,16483650,0.7021377773740766,7.377,51.11675761919704,7.377
10280,Thinner,1996,"Fantasy, Horror",8000000,15315484,0.7018171909145798,5.877,5.699965341651338,5.877
59436,Midnight in Paris,2011,"Fantasy, Comedy, Romance",17000000,151119219,0.7016568976848319,7.515,22.98525277010441,7.515
14813,Mickey's Christmas Carol,1983,"Family, Animation",3000000,21000000,0.7006417072297594,7.659,5.587171899257,7.659
12597,Hellraiser: Inferno,2000,"Horror, Thriller",2000000,0,0.7003745518468452,5.386,10.675591704144852,5.386
134374,Pain & Gain,2013,"Comedy, Crime, Action",25000000,87305549,0.7002142586170967,6.28,31.207689641665493,6.28
9477,King Arthur,2004,"Adventure, War, History, Action, Drama",120000000,203567857,0.7000539653873489,6.297,18.977189064368144,6.297
7980,The Lovely Bones,2009,"Fantasy, Drama",65000000,93600000,0.6999471032341832,7.063,28.81933976871192,7.063
9374,Death Becomes Her,1992,"Comedy, Fantasy, Horror",55000000,149000000,0.6976495669411246,6.8,21.796409887268084,6.8
5038,Vicky Cristina Barcelona,2008,"Drama, Romance",15000000,96409830,0.6970618250987142,6.794,45.79639348094919,6.794
167073,Brooklyn,2015,"Romance, Drama, History",11000000,62076141,0.6967412386392173,7.308,14.041963262150418,7.308
549053,Last Christmas,2019,"Comedy, Romance",30000000,121600000,0.6965275143328863,7.192,23.42432687949764,7.192
332872,Julieta,2016,"Drama, Romance",1490000,22468044,0.6947642888056554,6.986,5.518470438889539,6.986
6439,Racing Stripes,2005,"Comedy, Family",30000000,90754475,0.6944971334227413,5.9,14.059805133947343,5.9
1939,Laura,1944,"Drama, Mystery",1020000,2000000,0.6941231158866624,7.632,9.05751850325153,7.632
22620,Scooby-Doo! The Mystery Begins,2009,"Mystery, Comedy, Fantasy",0,13000000,0.6932147875847552,6.407,8.787634557449804,6.407
489999,Searching,2018,"Drama, Mystery, Thriller",1000000,75462037,0.6931079254315898,7.576,9.830461202132001,7.576
171274,Inherent Vice,2014,"Drama, Mystery, Comedy",20000000,14810975,0.6920393038999343,6.545,26.024113187194054,6.545
12162,The Hurt Locker,2008,"Drama, Thriller, War",15000000,49259766,0.6919858728233517,7.254,14.46586152656696,7.254
9012,Jackass: The Movie,2002,"Action, Comedy, Documentary",5000000,64282312,0.6918255795936034,6.313,9.7318182097835,6.313
417870,Girls Trip,2017,"Comedy, Romance, Adventure",19000000,140376621,0.6911844066746102,6.814,17.445454116653032,6.814
249070,Hitman: Agent 47,2015,"Action, Crime, Thriller",35000000,81967450,0.6911844066746102,5.902,14.816956750892608,5.902
76726,Chronicle,2012,"Science Fiction, Drama, Thriller",15000000,145000000,0.6906500959087825,6.841,30.183525184724896,6.841
37710,The Tourist,2010,"Action, Thriller, Romance",100000000,278731369,0.6903295094492861,6.177,39.41392527331903,6.177
211672,Minions,2015,"Family, Animation, Adventure, Comedy",74000000,1159457503,0.6895814743771272,6.419,30.160556338273693,6.419
77174,ParaNorman,2012,"Family, Animation, Adventure, Comedy",60000000,107307220,0.6869099205479893,7.03,10.234671883876077,7.03
805,Rosemary's Baby,1968,"Drama, Horror, Thriller",3200000,33395426,0.6863221787055788,7.819,8.3764511901759,7.819
133694,Promised Land,2012,Drama,15000000,8100000,0.6858947300929168,6.29,31.253012097609396,6.29
74387,Goon,2012,"Comedy, Drama",12000000,6985158,0.6857878679397514,6.417,9.250292750252761,6.417
11335,Popeye,1980,"Action, Adventure, Comedy, Family",20000000,49823037,0.6856810057865858,5.536,11.87161235149718,5.536
431693,Spies in Disguise,2019,"Animation, Action, Adventure, Comedy, Family",100000000,171616764,0.6853604193270895,7.56,33.712934536736824,7.56
10984,Valentine,2001,"Horror, Thriller",10000000,16300000,0.6853604193270895,5.6,12.126935689280728,5.6
457232,Lamborghini: The Man Behind the Legend,2022,"Drama, History",1709686,0,0.6849329707144269,6.4,8.609831076439091,6.4
10173,Marked for Death,1990,"Action, Crime, Drama, Thriller",12000000,46044400,0.6848261085612617,6.1,13.62995957893183,6.1
3050,Doctor Dolittle,1998,"Comedy, Family, Fantasy",71000000,294500000,0.6844520910251822,5.716,14.818187224809638,5.716
4909,The Day of the Jackal,1973,"Action, Thriller",0,16056255,0.6834903316466924,7.525,5.536517389672634,7.525
8012,Get Shorty,1995,"Comedy, Thriller, Crime",30250000,115101622,0.6834369005701098,6.494,18.13144332539678,6.494
818,Austin Powers in Goldmember,2002,"Comedy, Crime, Science Fiction",63000000,296938801,0.6832766073403613,6.009,14.355118874034334,6.009
169881,The Physician,2013,"Adventure, Drama, History",36000000,57284237,0.6809790710473027,7.34,17.10768902642853,7.34
12118,Police Academy 3: Back in Training,1986,"Comedy, Crime",12000000,107600000,0.6809256399707201,5.801,7.942504055436952,5.801
583,Life of Brian,1979,Comedy,4000000,20833252,0.6777197753757542,7.756,7.6736455045660845,7.756
40794,Loose Cannons,2010,"Comedy, Drama, Romance",7000000,8220215,0.6770786024567612,7.267,9.01855349587894,7.267
44865,The Grandmaster,2013,"Action, Drama, History",38600000,64076736,0.6767580159972644,6.623,17.78526999673925,6.623
1907,The Beach,2000,"Drama, Adventure, Romance, Thriller",40000000,144056873,0.6767045849206818,6.481,25.48352497964591,6.481
2135,The Time Machine,2002,"Science Fiction, Adventure, Action",80000000,123700000,0.6760634120016886,6.301,11.008639977687409,6.301
351339,Anthropoid,2016,"History, Thriller, War",0,4600000,0.6755825323124435,7.14,22.776277283195622,7.14
9471,Charlie's Angels: Full Throttle,2003,"Action, Adventure, Comedy",120000000,259175788,0.6755291012358609,5.5,24.989284622972544,5.5
9610,Conan the Destroyer,1984,"Adventure, Fantasy, Action",18000000,31042035,0.6753688080061124,6.115,13.86682580795994,6.115
79548,Gone,2012,"Thriller, Drama",0,18100189,0.6748344972402852,6.2,25.20318200554944,6.2
16395,Inferno,1980,"Horror, Thriller",3000000,0,0.674407048627623,6.6,7.433498011759229,6.6
614560,Mank,2020,"Drama, History",25000000,122252,0.6743536175510401,6.675,31.521870648480267,6.675
97370,Under the Skin,2014,"Thriller, Science Fiction, Drama",13300000,7229933,0.6731781338662196,6.142,31.928132120086055,6.142
10047,The Messenger: The Story of Joan of Arc,1999,"Adventure, Drama, Action, History, War",85000000,66976317,0.6722698055643124,6.403,23.24488276659756,6.403
7508,Like Stars on Earth,2007,Drama,2600000,28430000,0.671735494798485,7.955,14.72713215494948,7.955
329996,Dumbo,2019,"Family, Fantasy, Adventure",170000000,353284621,0.6687433545098502,6.588,20.55773281079208,6.588
116711,Epic,2013,"Animation, Adventure, Family, Fantasy",100000000,268426634,0.6682624748206055,6.544,31.613951113271284,6.544
31011,Mr. Nobody,2009,"Science Fiction, Drama, Romance",47000000,2331721,0.6671404222123674,7.798,14.712571546931303,7.798
242828,When Marnie Was There,2014,"Animation, Drama, Family, Mystery",0,34949567,0.6657512142212154,7.9,11.136814344044609,7.9
8274,American Pie Presents: Band Camp,2005,Comedy,7000000,0,0.6653237656085533,5.468,23.88042254474311,5.468
10622,Mr. Nice Guy,1997,"Crime, Action, Comedy",12700000,18800000,0.6632399536218258,6.525,43.176919590580326,6.525
11576,"It's a Mad, Mad, Mad, Mad World",1963,"Action, Adventure, Comedy, Crime",9400000,60000000,0.6631865225452431,6.978,5.572816370224993,6.978
503,Poseidon,2006,"Adventure, Action, Drama, Thriller",160000000,181700000,0.662705642855998,5.868,22.481373701080976,5.868
9493,Twins,1988,Comedy,15000000,216614388,0.6608355551756014,6.039,19.228000664455916,6.039
555604,Guillermo del Toro's Pinocchio,2022,"Animation, Fantasy, Adventure, Drama",35000000,0,0.6605149687161046,8.025,12.905210441801662,8.025
13767,The Santa Clause 3: The Escape Clause,2006,"Comedy, Family, Adventure",12000000,84500122,0.6603012444097736,5.576,12.410559927155948,5.576
11852,The Hot Chick,2002,"Comedy, Fantasy",34000000,54639553,0.6591791918015357,6.354,20.07354132444111,6.354
9008,The Insider,1999,"Drama, Thriller",90000000,60300000,0.6585380188825427,7.5,21.96867623565216,7.5
3176,Battle Royale,2000,"Drama, Thriller, Action",4500000,30600000,0.6573091041211393,7.269,7.939838028616722,7.269
7840,"10,000 BC",2008,"Adventure, Action, Drama, Fantasy",105000000,269784201,0.6565076379723978,5.497,9.599747342689039,5.497
62764,Mirror Mirror,2012,"Adventure, Comedy, Family, Fantasy",85000000,183018522,0.6555458785939079,5.913,23.07159102328262,5.913
449755,Christmas Inheritance,2017,"Romance, Comedy",10000000,0,0.6553321542875769,6.3,13.78110279174024,6.3
6950,Outbreak,1995,"Action, Drama, Science Fiction, Thriller",50000000,189900000,0.6553321542875769,6.558,27.11882481537764,6.558
2268,The Golden Compass,2007,"Adventure, Fantasy",180000000,372234864,0.6549047056749149,6.077,27.085602019617856,6.077
188222,Entourage,2015,"Comedy, Drama",30000000,49263404,0.654584119215418,6.244,6.519050812420405,6.244
5723,Once,2007,"Drama, Music, Romance",160000,20710513,0.6539963773730075,7.414,5.271555339539024,7.414
11892,Murder by Numbers,2002,"Crime, Drama, Thriller",50000000,56714147,0.6529811869179352,6.164,33.92867763018927,6.164
491283,Judy,2019,"Drama, History, Music",10000000,38981322,0.6516988410799489,6.7,32.7660848575829,6.7
489931,American Animals,2018,"Drama, Crime, Documentary",3000000,2847319,0.6500424777058834,6.735,15.560983312722895,6.735
975,Paths of Glory,1957,"War, Drama",935000,1200000,0.6482258211020695,8.3,6.487263569563819,8.3
10246,Porky's,1981,Comedy,4000000,159989673,0.6480655278723211,6.4,5.587582057229342,6.4
152532,Dallas Buyers Club,2013,"Drama, History",5000000,55736588,0.6467831820343349,7.918,22.901375464760253,7.918
393519,Raw,2017,"Horror, Drama",3500000,4100000,0.6453405429666004,7.024,4.312811079187149,7.024
73567,Killer Joe,2012,"Crime, Thriller, Drama",10000000,4633668,0.6452871118900178,6.537,21.32903487778318,6.537
23202,Trick 'r Treat,2007,"Horror, Comedy",12000000,27909,0.6452871118900178,6.99,11.534257419245025,6.99
1247,The Good Shepherd,2006,"Drama, Thriller, History",85000000,100266865,0.6421881094482172,6.346,50.02225106999961,6.346
556694,Three Thousand Years of Longing,2022,"Drama, Fantasy, Romance",60000000,20300000,0.642081247295052,6.879,18.12713666668718,6.879
45269,The King's Speech,2010,"Drama, History",15000000,414211549,0.6416003676058072,7.733,19.692914726106764,7.733
3133,Badlands,1974,"Crime, Drama, Romance",300000,0,0.6409057636102311,7.472,13.975107512658502,7.472
28032,Thumbelina,1994,"Animation, Fantasy, Romance, Music, Family",28000000,11373501,0.640264590691238,6.454,6.00983968975651,6.454
7095,Jack,1996,"Comedy, Family, Drama",45000000,58620973,0.6389288137766687,6.293,19.323567472011845,6.293
11092,Presumed Innocent,1990,"Mystery, Crime, Thriller",22000000,221303188,0.6386082273171725,6.803,26.085431804059333,6.803
1966,Alexander,2004,"War, History, Action, Adventure, Drama, Romance",155000000,167298192,0.6386082273171725,6.0,29.88759620767939,6.0
539885,Ava,2020,"Action, Thriller, Crime",0,2987741,0.6378601922450136,5.827,20.630740929869138,5.827
522212,Just Mercy,2019,"Drama, Crime, History",25000000,50401502,0.6376998990152651,7.854,37.001581158983385,7.854
455207,Crazy Rich Asians,2018,"Comedy, Romance",30000000,238539198,0.6373258814791863,7.053,12.546937452960009,7.053
907,Doctor Zhivago,1965,"Drama, Romance, War",11000000,111858363,0.6358832424114517,7.541,9.910031848766554,7.541
8592,Dick Tracy,1990,"Adventure, Comedy, Crime",47000000,103738726,0.6349749141095445,6.143,15.711306209586626,6.143
39108,Dragon Ball Z: Wrath of the Dragon,1995,"Animation, Action, Science Fiction",0,11694663,0.6347611898032135,7.297,11.863819350022665,7.297
399361,Triple Frontier,2019,"Action, Thriller, Crime, Adventure",115000000,0,0.6345474654968825,6.329,33.4906289157269,6.329
709631,Cobweb,2023,Horror,13000000,10091821,0.633745999348141,6.436,13.888154022521777,6.436
336882,The Wave,2015,"Action, Thriller, Drama",5904067,12975143,0.6336925682715584,6.692,5.9909724230287305,6.692
526,Ladyhawke,1985,"Adventure, Comedy, Fantasy",20000000,18432000,0.6334788439652274,6.997,13.443132622529571,6.997
316023,Mike and Dave Need Wedding Dates,2016,Comedy,33000000,77100000,0.6334254128886443,6.048,22.055219567816547,6.048
14534,Rudy,1993,"Drama, History",12000000,22800000,0.6324636535101549,7.342,18.834249011006595,7.342
8814,Doom,2005,"Action, Horror, Science Fiction",60000000,58100000,0.6324102224335717,5.18,37.78457272818626,5.18
7549,Fearless,2006,"Drama, Action",0,68072848,0.631501894131665,7.511,16.387656705980312,7.511
23629,Sucker Punch,2011,"Action, Fantasy, Thriller",82000000,89792502,0.6312347387487514,6.196,16.299472741926554,6.196
9885,Wolf Creek,2005,"Horror, Thriller",1000000,30894796,0.6304332726000099,6.233,5.120412126730611,6.233
16337,The Texas Chainsaw Massacre 2,1986,"Horror, Comedy",4500000,8027706,0.6298455307575995,5.6,7.104961475912448,5.6
45772,Gnomeo & Juliet,2011,"Animation, Family",36000000,189712432,0.6296852375278511,5.897,28.930082421244546,5.897
7459,Speed Racer,2008,"Family, Action, Adventure, Comedy",120000000,93900000,0.6291509267620232,6.328,16.106288336952982,6.328
74725,Kill List,2011,"Horror, Thriller, Crime",500000,450275,0.6276014255411234,6.204,7.174688331210765,6.204
760774,One Life,2023,"History, Drama",0,51437352,0.6267465283157994,7.759,19.59550220767529,7.759
8852,Prince of Darkness,1987,Horror,3000000,14182492,0.6259450621670579,6.779,7.639602392861613,6.779
1911,The 13th Warrior,1999,"Adventure, History, Action",120000000,61698899,0.6249833027885681,6.67,15.067973429966555,6.67
1281,Bean,1997,"Family, Adventure, Comedy",18000000,251212670,0.624769578482237,6.469,13.326852837370314,6.469
106747,Machete Kills,2013,"Action, Crime, Thriller",20000000,1750000,0.6241284055632439,5.623,24.982722095415056,5.623
83542,Cloud Atlas,2012,"Drama, Science Fiction",102000000,130482868,0.6232200772613368,6.894,42.363781410410226,6.894
7520,Cocktail,1988,"Romance, Drama, Comedy",20000000,171504781,0.6222048868062643,6.11,40.06956279210939,6.11
137094,Jack Ryan: Shadow Recruit,2014,"Action, Drama, Thriller",60000000,135500000,0.622098024653099,6.123,30.56989399467205,6.123
76649,Pompeii,2014,"Action, Adventure, History, Romance, Drama",100000000,117831631,0.6217240071170196,5.55,14.217100716340902,5.55
664469,Amsterdam,2022,"Mystery, Comedy, Drama",80000000,31245810,0.6214568517341059,6.068,28.56504182585923,6.068
10731,The Client,1994,"Drama, Thriller, Crime, Mystery",45000000,117615211,0.6210828341980266,6.703,17.95671602917864,6.703
291870,Dirty Grandpa,2016,Comedy,11500000,94100000,0.6207622477385297,5.935,34.50720545017914,5.935
6644,El Dorado,1966,Western,4653000,6000000,0.6203347991258676,7.366,15.335601506920394,7.366
10865,Atlantis: The Lost Empire,2001,"Animation, Family, Adventure, Science Fiction",120000000,186053725,0.6202279369727024,7.036,15.90838711529746,7.036
10306,Poltergeist III,1988,"Horror, Thriller",10500000,14144000,0.6202279369727024,5.3,11.400545920261191,5.3
551,The Poseidon Adventure,1972,"Adventure, Drama, Thriller",5000000,84563118,0.6202279369727024,7.1,9.787394615035982,7.1
617502,Jolt,2021,"Action, Thriller, Crime",0,238524,0.6189990222112989,6.501,27.955957236929805,6.501
70670,Headhunters,2011,"Thriller, Crime, Action",0,18962444,0.6185715735986369,7.242,12.200969203288647,7.242
306,Beverly Hills Cop III,1994,"Action, Comedy, Crime",50000000,119208989,0.6184112803688885,5.873,15.770368957604022,5.873
1106739,Juror #2,2024,"Drama, Thriller",30000000,21418477,0.6177701074498954,6.879,24.1347204875958,6.879
9319,The Last Boy Scout,1991,"Action, Thriller",29000000,114500000,0.6171289345309018,6.829,15.922537565343292,6.829
630004,The Vault,2021,"Drama, Action, Thriller",15000000,8804000,0.6150451225441742,6.809,12.595541172682662,6.809
58233,Johnny English Reborn,2011,"Crime, Action, Comedy",45000000,160078586,0.6146176739315122,6.2,21.151846633730987,6.2
11395,The Santa Clause,1994,"Fantasy, Drama, Comedy, Family",22000000,189833357,0.6146176739315122,6.5,10.654673647555358,6.5
653,Nosferatu,1922,"Horror, Fantasy",0,24194,0.6145108117783469,7.659,1.6929270308459305,7.659
11529,Sweet Home Alabama,2002,"Comedy, Romance",30000000,180622424,0.6140833631656843,6.409,19.66830524776618,6.409
8913,Pet Sematary,1989,Horror,11500000,57500000,0.6134956213232744,6.638,5.590248084049572,6.638
11212,Baby's Day Out,1994,"Comedy, Adventure, Family, Crime",50000000,16671505,0.6131216037871949,6.4,14.410695279286816,6.4
16563,Seven Brides for Seven Brothers,1954,"Comedy, Drama, Western",0,5000000,0.6127475862511156,7.1,5.703451684416253,7.1
1654,The Dirty Dozen,1967,"Action, Adventure, War",5400000,45300000,0.6122132754852878,7.581,10.75618774571026,7.581
11351,Jeepers Creepers 2,2003,Horror,17000000,63102666,0.6112515161067984,6.164,5.52400757151617,6.164
758009,Shotgun Wedding,2022,"Action, Comedy, Romance",0,4495365,0.6108240674941359,6.25,19.46589228841489,6.25
121875,In the House,2012,"Comedy, Drama, Mystery, Thriller",0,11879046,0.6107706364175532,7.247,9.809748224528677,7.247
15613,Fire in the Sky,1993,"Science Fiction, Mystery, Thriller",15000000,19885552,0.6095951527327323,6.64,12.090841787714538,6.64
258509,Alvin and the Chipmunks: The Road Chip,2015,"Family, Comedy, Music, Adventure, Animation",90000000,233755553,0.6084731001244946,6.027,14.089951744914556,6.027
69,Walk the Line,2005,"Drama, Music, Romance",28000000,186800000,0.6079922204352499,7.5,21.08047914654329,7.5
19585,G-Force,2009,"Family, Fantasy, Action, Adventure, Comedy",150000000,292817841,0.6072976164396737,5.481,15.70679447189085,5.481
12096,The Pink Panther,2006,"Comedy, Mystery, Crime, Adventure, Family",65000000,158851357,0.6048932179934493,5.855,15.223218222498398,5.855
10320,The Ring Two,2005,"Drama, Horror, Thriller",50000000,161451538,0.6042520450744562,5.752,18.519452767233304,5.752
457332,Hidden Strike,2023,"Action, Comedy, Thriller",80000000,0,0.6041451829212909,6.889,54.13777616448976,6.889
11881,Miracle on 34th Street,1947,"Comedy, Drama, Family",630000,2700000,0.6038780275383768,7.368,5.043917664888633,7.368
10285,Jason Goes to Hell: The Final Friday,1993,"Horror, Thriller",3000000,15935068,0.6035574410788805,4.602,3.582524809430353,4.602
634,Bridget Jones's Diary,2001,"Comedy, Romance, Drama",25000000,281929795,0.6032902856959664,6.74,19.831137962786368,6.74
1268,Mr. Bean's Holiday,2007,"Family, Comedy",25000000,232225908,0.6025422506238081,6.378,20.51323067079286,6.378
654974,Home Sweet Home Alone,2021,"Family, Comedy",15000000,0,0.6023819573940598,4.9,8.182036311285293,4.9
1214509,In a Violent Nature,2024,"Drama, Horror, Thriller",600000,4258197,0.6019545087813976,5.587,5.092521384611284,5.587
959604,Beating Hearts,2024,"Romance, Crime, Drama",37315205,36010728,0.6009393183263252,7.194,13.464665916077578,7.194
2119,Days of Thunder,1990,"Adventure, Action, Drama",60000000,157920733,0.6001912832541663,6.346,53.305360559619544,6.346
35019,Nanny McPhee and the Big Bang,2010,"Comedy, Fantasy, Family",35000000,93251121,0.6001378521775836,6.3,20.53784014913344,6.3
188161,A Million Ways to Die in the West,2014,"Comedy, Western",40000000,86400000,0.5998706967946701,6.053,33.093801077485,6.053
421658,Final Score,2018,"Action, Thriller, Adventure, Drama",20000000,1472770,0.599443248182008,6.1,25.340584926284365,6.1
241,Natural Born Killers,1994,"Crime, Thriller, Drama",34000000,50283563,0.5989089374161802,7.051,30.061708266939014,7.051
256961,Paul Blart: Mall Cop 2,2015,"Action, Comedy, Family",38000000,107597242,0.5983746266503523,5.181,16.76500204053592,5.181
210947,Afflicted,2014,"Horror, Thriller",318000,121179,0.5972525740421146,6.414,5.748363982387818,6.414
146216,RED 2,2013,"Action, Comedy, Crime, Thriller",84000000,148075565,0.5972525740421146,6.532,21.707405607269646,6.532
239563,St. Vincent,2014,Comedy,13000000,54837234,0.5970388497357836,7.111,13.146998566497889,7.111
7350,The Bucket List,2007,"Drama, Comedy",45000000,175400000,0.5967182632762867,7.2,28.543303453325052,7.2
674324,The Banshees of Inisherin,2022,"Drama, Comedy",20000000,49300000,0.5966114011231215,7.462,22.397701474722993,7.462
2057,Original Sin,2001,"Thriller, Drama, Mystery, Romance, History",42000000,35402320,0.5964511078933732,6.129,30.945393618352114,6.129
376659,Bad Moms,2016,Comedy,20000000,183936074,0.5962373835870421,6.491,37.24090833584555,6.491
262504,Allegiant,2016,"Adventure, Science Fiction, Action, Mystery",110000000,179246868,0.5951153309788039,6.104,30.660333827573695,6.104
10439,Hocus Pocus,1993,"Fantasy, Comedy, Family",28000000,51663767,0.59271093253258,7.035,11.410594790583595,7.035
227719,Project Almanac,2015,"Science Fiction, Thriller",12000000,33200000,0.5923369149965007,6.783,6.478855331130785,6.783
80278,The Impossible,2012,"Drama, Thriller, History",45000000,198100000,0.5916423110009243,7.367,31.018196658443003,7.367
1632,Mississippi Burning,1988,"Drama, Crime, Mystery, Thriller",15000000,34604000,0.591054569158514,7.681,18.40214758714319,7.681
229,Bride of Frankenstein,1935,"Horror, Science Fiction",393750,2000000,0.590894275928766,7.5,5.283654999723144,7.5
482373,Don't Breathe 2,2021,"Thriller, Horror",15000000,53785551,0.5896119300907794,7.008,10.611607060459338,7.008
1109255,Parthenope,2024,Drama,32000000,10361110,0.5891844814781173,6.698,10.459028294747723,6.698
445629,Fighting with My Family,2019,Comedy,11000000,39055536,0.5887570328654553,6.845,23.237089765123038,6.845
388,Inside Man,2006,"Crime, Drama, Thriller",45000000,186003591,0.5886501707122901,7.399,23.525840977652543,7.399
16996,17 Again,2009,"Comedy, Fantasy, Drama, Romance",20000000,136300000,0.5885433085591243,6.313,19.024357231187594,6.313
11845,Intimacy,2001,"Romance, Drama, Fantasy",0,2672527,0.5884364464059589,6.226,6.17944001132036,6.226
42194,Tekken,2010,"Crime, Drama, Action, Thriller, Science Fiction",30000000,1697207,0.5872075316445551,5.337,5.781996936119947,5.337
10327,"Legally Blonde 2: Red, White & Blonde",2003,"Comedy, Romance",45000000,124914842,0.5869403762616414,5.7,23.358701603922754,5.7
18501,Gamer,2009,"Action, Thriller, Science Fiction",50000000,40800000,0.5868869451850587,5.692,21.280431158060527,5.692
9946,End of Days,1999,"Action, Horror, Fantasy",100000000,212000000,0.586566358725562,6.084,23.729689489907038,6.084
634528,The Marksman,2021,"Action, Drama, Thriller",23000000,23076711,0.5844291156622516,6.8,28.115303609185084,6.8
5919,The Towering Inferno,1974,"Action, Drama, Thriller",14000000,116000000,0.584375684585669,7.009,12.474954728813804,7.009
337170,American Made,2017,"Action, Comedy, Crime, Drama",50000000,133511855,0.5839482359730065,6.9,37.02188397861436,6.9
491584,Burning,2018,"Mystery, Drama, Thriller",7280000,6591038,0.5838413738198412,7.374,10.323881242860688,7.374
9823,Mortal Kombat: Annihilation,1997,"Action, Fantasy, Science Fiction",30000000,51376861,0.5814369753736168,4.519,9.41312546527295,4.519
505058,Unfriended: Dark Web,2018,"Horror, Mystery",1000000,16434588,0.5810629578375375,6.275,7.085273893239982,6.275
10768,The Final Conflict,1981,"Horror, Mystery, Thriller",5000000,20471382,0.5807958024546238,5.829,10.510913278249118,5.829
38408,Life As We Know It,2010,"Comedy, Romance, Drama",38000000,105734416,0.5807423713780412,6.9,17.73194946033465,6.9
11850,Invasion of the Body Snatchers,1978,"Science Fiction, Horror",3500000,24946533,0.5806355092248755,7.223,11.527489812701363,7.223
668482,Roald Dahl's Matilda the Musical,2022,"Family, Comedy, Fantasy",25000000,37289659,0.5805820781482928,6.793,21.400402364970873,6.793
4437,2010,1984,"Thriller, Science Fiction",28000000,40400000,0.5805820781482928,6.645,22.70839613877285,6.645
10014,A Nightmare on Elm Street Part 2: Freddy's Revenge,1985,Horror,3000000,30000121,0.5793531633868892,5.772,7.464670017657301,5.772
227973,The Peanuts Movie,2015,"Comedy, Animation, Family",99000000,246233113,0.5784448350849821,6.957,17.95405000235841,6.957
3432,Mr. Brooks,2007,"Crime, Thriller",20000000,48443734,0.57801738647232,6.925,41.520906777245266,6.925
274,The Silence of the Lambs,1991,"Crime, Thriller, Drama",19000000,272742922,0.57801738647232,8.347,21.050537614562252,8.347
10599,Pinocchio,2002,"Comedy, Family, Fantasy",40000000,41323171,0.5774830757064927,5.757,5.755746825889992,5.757
21450,Naked,1993,"Drama, Comedy",0,1769305,0.5764678852514202,7.257,13.915634606668759,7.257
181886,Enemy,2014,"Thriller, Mystery",0,3396726,0.5763075920216718,6.849,24.683306775604624,6.849
214,Saw III,2006,"Horror, Thriller, Crime",10000000,164874275,0.5759870055621751,6.42,9.943664802498683,6.42
10664,[REC]²,2009,"Thriller, Horror",5600000,18469680,0.5755061258729304,6.619,3.8517935182735634,6.619
2288,Closer,2004,"Drama, Romance",27000000,115505027,0.5753992637197647,6.829,28.731360883644335,6.829
280092,Insidious: Chapter 3,2015,"Horror, Thriller",10000000,120453155,0.575345832643182,6.283,11.810293734631895,6.283
1026436,Miller's Girl,2024,"Thriller, Drama, Romance",4000000,1430985,0.5749718151071026,6.335,38.09383183933292,6.335
227348,Paranormal Activity: The Marked Ones,2014,"Horror, Thriller",5000000,90894962,0.5748115218773547,5.425,4.863448157057692,5.425
402897,The Death of Stalin,2017,"Comedy, Drama, History",13000000,24600000,0.5747046597241889,7.02,13.311061755435109,7.02
9671,Crocodile Dundee,1986,"Adventure, Comedy",5000000,328203506,0.5744909354178579,6.429,6.384724076478056,6.429
32856,Valentine's Day,2010,"Comedy, Romance",52000000,216528528,0.5741169178817784,5.9,22.15345240219271,5.9
353069,Mother's Day,2016,"Comedy, Drama, Romance",25000000,48782670,0.5735826071159512,5.987,31.92915751501691,5.987
396371,Molly's Game,2017,"Drama, Crime",30000000,59284015,0.571712519435554,7.15,37.506690701923844,7.15
1738,Next,2007,"Action, Science Fiction, Thriller",70000000,76066841,0.5707507600570647,6.123,39.69529364234636,6.123
134411,Snitch,2013,"Thriller, Drama, Action",35000000,42930462,0.5703767425209852,6.12,22.894812937202765,6.12
8328,Step Up 2: The Streets,2008,"Music, Drama, Romance",23000000,150988382,0.568827241300085,6.684,5.229719226360033,6.684
80274,Ender's Game,2013,"Science Fiction, Action, Adventure",110000000,125537191,0.5687203791469198,6.584,29.94071166509782,6.584
144,Wings of Desire,1987,"Drama, Fantasy, Romance",2500000,3548590,0.5684532237640056,7.765,8.195776603358786,7.765
17979,A Christmas Carol,2009,"Animation, Family, Fantasy, Drama",200000000,325286646,0.5682394994576746,6.906,69.38027181168829,6.906
205601,Belle,2013,Drama,10900000,16500000,0.5673311711557678,7.077,9.029627761132202,7.077
345911,Lights Out,2016,Horror,4900000,149368835,0.5670640157728541,6.365,13.277428801702978,6.365
37056,Letters to Juliet,2010,"Comedy, Drama, Romance",30000000,82148538,0.5669037225431057,7.0,25.20195153163241,7.0
7229,Ruby & Quentin,2003,"Comedy, Crime",27440000,27729359,0.5653542213222055,6.686,11.297596269203083,6.686
336455,Viral,2016,"Drama, Horror, Science Fiction",0,551760,0.5644458930202987,5.65,8.481041473123376,5.65
502416,Ma,2019,"Horror, Thriller",5000000,61220856,0.5640718754842193,5.822,14.481037371543653,5.822
601796,Alienoid,2022,"Science Fiction, Action, Fantasy, Adventure",24500000,12109608,0.5616674770379949,6.8,9.292539021404094,6.8
341006,The Belko Experiment,2016,"Horror, Thriller",5000000,11792942,0.5615606148848297,6.174,16.874309140165337,6.174
11774,Lemony Snicket's A Series of Unfortunate Events,2004,"Adventure, Comedy, Family",140000000,209073645,0.5615071838082466,6.817,9.25275369808682,6.817
17609,Antichrist,2009,"Drama, Horror, Thriller",11000000,7413863,0.5610797351955845,6.624,13.934912031368881,6.624
11497,All Dogs Go to Heaven,1989,"Drama, Animation, Family, Comedy, Fantasy",13800000,27100027,0.5610263041190019,6.808,8.08626442474319,6.808
512,Scoop,2006,"Comedy, Mystery",4000000,39220946,0.5609194419658361,6.6,43.55857158384552,6.6
928344,Weird: The Al Yankovic Story,2022,"Music, Comedy",12000000,0,0.5604385622765914,6.701,17.734410408168706,6.701
121856,Assassin's Creed,2016,"Action, Adventure, Science Fiction",125000000,240700000,0.5601714068936778,5.432,19.902300370987884,5.432
763165,The Burial,2023,"Drama, History",32500000,0,0.5580341638303671,7.085,21.939349940629636,7.085
14367,Adventures in Babysitting,1987,Comedy,7000000,34368475,0.5577135773708708,6.859,10.621861009767915,6.859
8584,Shanghai Noon,2000,"Adventure, Action, Comedy, Western",55000000,99274467,0.5570189733752946,6.414,54.789722261529036,6.414
11442,Halloween: Resurrection,2002,"Horror, Thriller",13000000,37664958,0.5566449558392151,4.611,12.50407594485016,4.611
9562,Timeline,2003,"Action, Adventure, Science Fiction",80000000,43935763,0.5557900586138911,5.729,23.74178915009116,5.729
693,Meet the Fockers,2004,"Comedy, Romance",80000000,516642939,0.5554694721543948,6.256,29.07609865939867,6.256
41283,Faster,2010,"Crime, Drama, Action, Thriller",24000000,23081726,0.5545611438524876,6.347,22.03409643224088,6.347
168,Star Trek IV: The Voyage Home,1986,"Science Fiction, Adventure",21000000,133000000,0.5544542816993223,7.169,12.911157732400635,7.169
334521,Free Fire,2017,"Action, Crime, Mystery",7000000,3719383,0.5530650737081704,6.266,26.59669371658494,6.266
9768,Cry-Baby,1990,"Comedy, Romance",11000000,8266343,0.5514621414106875,6.529,17.83428387443424,6.529
9994,The Great Mouse Detective,1986,"Animation, Family, Adventure, Mystery",14000000,38600000,0.5504469509556149,7.049,7.47923062567548,7.049
15472,The Girl with the Dragon Tattoo,2009,"Drama, Thriller, Crime, Mystery",13000000,109421911,0.5496454848068736,7.529,10.010315473004429,7.529
400650,Mary Poppins Returns,2018,"Fantasy, Family, Comedy",130000000,348807090,0.5477219660498943,6.513,23.976194431285215,6.513
2898,As Good as It Gets,1997,"Drama, Comedy, Romance",50000000,314178011,0.5470273620543181,7.4,16.576329373258115,7.4
10377,My Cousin Vinny,1992,"Comedy, Drama",11000000,64088552,0.5469739309777354,7.501,19.543412145187723,7.501
87826,Here Comes the Boom,2012,"Comedy, Action, Drama",42000000,73100000,0.546386189135325,6.217,21.868802769386633,6.217
298382,The Dressmaker,2015,"Drama, Comedy, Western",11930000,25003426,0.5462793269821593,6.995,34.33863052354615,6.995
10734,Escape from Alcatraz,1979,"Drama, Thriller",8000000,43004381,0.545958740522663,7.504,14.913754032365567,7.504
12599,Pokémon the Movie 2000,1999,"Adventure, Fantasy, Animation, Science Fiction, Family",30000000,133949270,0.5448366879144247,6.7,7.722659382261078,6.7
12160,Wyatt Earp,1994,"Western, Drama, Action, Adventure",63000000,25052000,0.543714635306187,6.774,25.07357208628904,6.774
152584,Blue Is the Warmest Color,2013,"Romance, Drama",4300000,19796489,0.5432871866935249,7.069,16.87205327131745,7.069
301337,Downsizing,2017,"Drama, Science Fiction, Comedy",68000000,55003890,0.5431268934637765,5.399,28.628411232586238,5.399
718032,Licorice Pizza,2021,"Drama, Comedy, Romance",40000000,33276075,0.5424857205447835,6.958,20.64796756470755,6.958
437342,The First Omen,2024,Horror,30000000,53992802,0.5421651340852868,6.824,10.053587139086622,6.824
9882,The Siege,1998,"Drama, Action, Thriller, Crime",70000000,116700000,0.5414170990131284,6.294,25.533974410244102,6.294
20048,Confessions of a Shopaholic,2009,"Comedy, Romance",40000000,108394089,0.5412033747067974,6.482,29.453854151926617,6.482
11321,Seven Pounds,2008,Drama,55000000,168167691,0.5406690639409695,7.603,28.57550085415398,7.603
497828,Triangle of Sadness,2022,"Comedy, Drama",15600000,24733572,0.539012700566904,7.0,6.752430698683599,7.0
3489,88 Minutes,2007,"Thriller, Mystery",30000000,32593385,0.539012700566904,5.785,20.083180036791173,5.785
14001,Dead Silence,2007,Horror,20000000,22382047,0.5384783898010762,6.446,10.14402697198826,6.446
11622,Blast from the Past,1999,"Drama, Romance, Comedy",35000000,40263020,0.5384783898010762,6.8,22.943826814897765,6.8
40264,Vampires Suck,2010,"Comedy, Fantasy",20000000,80547866,0.5378372168820831,4.393,5.719037687365289,4.393
1491,The Illusionist,2006,"Fantasy, Drama, Thriller, Romance",16500000,87892388,0.5377303547289173,7.296,23.769064655251974,7.296
428045,Iron Mask,2019,"Action, Adventure, Family, Fantasy",49000000,8685794,0.5370891818099243,6.1,10.73178334635585,6.1
38142,5 Centimeters per Second,2007,"Animation, Romance, Drama",5000000,548192,0.5370891818099243,7.3,4.253953410155923,7.3
11153,National Lampoon's Vacation,1983,"Comedy, Adventure",15000000,61418063,0.5370891818099243,7.096,11.020534558885357,7.096
36593,Naked Gun 33⅓: The Final Insult,1994,"Comedy, Crime",30000000,132032598,0.5363945778143485,6.497,14.200079160488666,6.497
10529,Outlander,2008,"Science Fiction, Action",50000000,7033683,0.5355931116656071,6.5,16.44405342717748,6.5
504608,Rocketman,2019,"Music, Drama",40000000,167300000,0.5348985076700314,7.305,16.258867102664592,7.305
13939,Death Wish,1974,"Crime, Drama, Action",3000000,76600000,0.5340436104447068,6.884,7.133877612962633,6.884
313297,Kubo and the Two Strings,2016,"Animation, Adventure, Family",60000000,76249438,0.5339901793681242,7.6,15.989188235849042,7.6
9559,A Perfect World,1993,"Drama, Crime, Thriller",30000000,135100000,0.5337764550617932,7.489,32.56510745113481,7.489
2359,Sicko,2007,"Documentary, Comedy, Drama",9000000,24538513,0.5337764550617932,7.353,5.849878080542722,7.353
578701,Those Who Wish Me Dead,2021,"Thriller, Action",20000000,23384502,0.532280384917476,6.611,31.93756575344995,6.611
9437,Kiss the Girls,1997,"Thriller, Crime, Mystery, Drama",27000000,60527873,0.5319063673813965,6.522,26.398792494929417,6.522
133121,Resident Evil: Damnation,2012,"Action, Animation, Science Fiction, Horror",0,2325035,0.5314789187687345,6.9,6.834872451124552,6.9
234212,Demonic,2015,"Thriller, Horror",3000000,4668109,0.5294485378585895,5.307,7.287481773605105,5.307
16633,Somewhere in Time,1980,"Drama, Fantasy, Romance",5100000,0,0.5291279513990927,7.538,14.782708560201966,7.538
347969,The Ridiculous 6,2015,"Western, Comedy, Action, Adventure",60000000,0,0.527792174484524,5.225,24.266176117731746,5.225
365222,Ip Man 3,2015,"Action, Drama, History",36000000,157000000,0.5275250191016099,7.03,14.774710479741273,7.03
522931,Hitman's Wife's Bodyguard,2021,"Action, Comedy, Crime, Thriller",70000000,70060492,0.5254946381914649,6.655,33.170500618313156,6.655
9344,Kids,1995,"Drama, Crime",1500000,20412216,0.5248000341958892,6.893,9.854045285541726,6.893
654,On the Waterfront,1954,"Crime, Drama, Romance",910000,9600631,0.5245328788129755,7.875,13.345925183084265,7.875
2486,Eragon,2006,"Fantasy, Action, Adventure, Family",100000000,250425512,0.5238917058939825,5.129,15.053412821948376,5.129
1586,Secret Window,2004,"Mystery, Thriller",40000000,92900000,0.5238917058939825,6.566,26.427298474007273,6.566
12201,Edge of Darkness,2010,"Crime, Drama, Mystery, Thriller",80000000,81126522,0.5237314126642341,6.397,22.70819105978668,6.397
5693,Hoosiers,1986,"Drama, Family",9000000,28600000,0.5236779815876509,7.023,11.346199988925736,7.023
13532,Fanboys,2009,"Adventure, Comedy, Crime, Drama",3900000,948753,0.523517688357903,6.131,9.074950217076108,6.131
515042,Free Solo,2018,"Documentary, Adventure",0,21790193,0.5230368086686579,7.907,5.74733858745696,7.907
13572,Twisted,2004,"Action, Adventure, Crime, Drama, Thriller",50000000,40954603,0.5210064277585129,5.578,24.814762405740577,5.578
635731,Pig,2021,"Drama, Thriller",3000000,4638959,0.5208461345287649,6.633,23.34229528502903,6.633
257091,Get Hard,2015,Comedy,40000000,111800000,0.5206324102224339,6.0,22.92126812641889,6.0
449574,Godzilla: Planet of the Monsters,2017,"Animation, Action, Science Fiction",0,3300000,0.5191363400781163,6.398,23.62735507580745,6.398
458576,Monster Hunter,2020,"Action, Fantasy, Adventure",60000000,42145959,0.5175868388572165,6.53,26.003605288576903,6.53
10045,District B13,2004,"Action, Thriller, Science Fiction",12000000,11169386,0.5174265456274681,6.811,5.327746981750021,6.811
9457,Deep Rising,1998,"Adventure, Action, Horror, Science Fiction",45000000,11203026,0.516945665938223,6.151,14.102461563071017,6.151
241855,Spring,2014,"Horror, Romance, Science Fiction",0,49970,0.5166785105553092,6.622,6.3500657278150685,6.622
82654,Warm Bodies,2013,"Horror, Comedy, Romance",35000000,117000000,0.5166785105553092,6.468,19.184934077359898,6.468
7484,Open Season,2006,"Animation, Family, Adventure, Comedy",85000000,197300000,0.5154495957939057,6.18,14.970765990521251,6.18
9285,Road Trip,2000,"Comedy, Adventure",16000000,119754278,0.5136329391900918,6.229,12.931665631017788,6.229
86838,Seven Psychopaths,2012,"Comedy, Crime",15000000,33035736,0.512884904117933,6.822,24.753033630902944,6.822
80271,LOL,2012,"Drama, Comedy, Romance",11000000,10500000,0.5127780419647677,6.101,32.075378832157206,6.101
4442,The Brothers Grimm,2005,"Adventure, Fantasy, Action, Comedy, Thriller",88000000,105300000,0.5118162825862779,5.846,35.26169104030418,5.846
68,Brazil,1985,"Comedy, Science Fiction",15000000,9953708,0.5112285407438675,7.665,24.10888053533819,7.665
10950,I Am Sam,2001,Drama,22000000,92542418,0.510640798901457,7.6,20.706415075766436,7.6
1715,The Cider House Rules,1999,Drama,24000000,88500000,0.5105339367482917,7.072,28.43030493194454,7.072
334524,Gold,2016,"Adventure, Drama, Thriller",20000000,14880939,0.5104270745951259,6.622,31.22409596055921,6.622
9624,On Deadly Ground,1994,"Action, Adventure, Thriller",50000000,49000000,0.5098393327527161,5.226,17.78157857498816,5.226
200,Star Trek: Insurrection,1998,"Science Fiction, Action, Adventure, Thriller",70000000,112587658,0.5091981598337224,6.4,10.47317874479356,6.4
6978,Big Trouble in Little China,1986,"Action, Comedy, Fantasy, Adventure",25000000,11102672,0.5086638490678952,7.206,20.525125251990804,7.206
4688,Across the Universe,2007,"Drama, Romance, Fantasy",45000000,29625761,0.5074883653830743,7.1,8.374810558286526,7.1
629176,Samaritan,2022,"Science Fiction, Crime, Action",100000000,75000000,0.5073280721533259,6.664,22.125971818045723,6.664
514999,Murder Mystery,2019,"Comedy, Mystery",24000000,0,0.5052976912431809,6.26,26.275745103226512,6.26
10771,The Tuxedo,2002,"Thriller, Action, Comedy, Science Fiction",60000000,104400000,0.5051908290900157,5.736,54.954810845397105,5.736
231,Syriana,2005,"Drama, Thriller",50000000,93974620,0.503908483252029,6.419,34.48956865736839,6.419
10073,Date Movie,2006,"Comedy, Romance",20000000,85749034,0.5035878967925327,4.274,8.39839464169625,4.274
11943,Jeremiah Johnson,1972,"Adventure, Western, Drama, Action",3100000,44700000,0.5035344657159501,7.286,11.834698133986304,7.286
12560,The Big Chill,1983,"Comedy, Drama",8000000,56342711,0.5026795684906255,6.846,17.925544023280573,6.846
533,Wallace & Gromit: The Curse of the Were-Rabbit,2005,"Adventure, Animation, Comedy, Family",30000000,192610372,0.501931533418467,7.113,19.46568720942871,7.113
501907,A Beautiful Day in the Neighborhood,2019,"History, Family, Drama",25000000,67900000,0.5017712401887188,6.962,35.31706236657049,6.962
2277,Bicentennial Man,1999,"Science Fiction, Drama",100000000,87423861,0.5016643780355532,7.264,17.26888110955935,7.264
579,Jaws 2,1978,"Horror, Thriller",20000000,187884000,0.5004888943507323,6.035,8.731442915238805,6.035
6003,Romeo and Juliet,1968,"Drama, Romance",0,38901218,0.49958056604882545,7.4,5.722318951144034,7.4
262841,Monster Trucks,2016,"Action, Comedy, Science Fiction",125000000,64493915,0.49787077159817694,6.084,14.448019654770036,6.084
12225,Cashback,2007,"Drama, Comedy, Romance",0,2300000,0.4977639094450114,7.0,9.47464916112441,7.0
271969,Ben-Hur,2016,"Action, History, Adventure, Drama",100000000,94061311,0.4968021500665218,5.769,11.118767393261516,5.769
10673,Wall Street,1987,"Crime, Drama",15000000,43900000,0.4966418568367734,7.168,17.1526013244001,7.168
11087,The Hand That Rocks the Cradle,1992,"Drama, Thriller",11700000,88036683,0.49610754607094587,6.878,14.864329996698231,6.878
1378,Shortbus,2006,"Romance, Drama, Comedy",2000000,5557564,0.4954129420753699,6.253,5.471097193083917,6.253
7278,Meet the Spartans,2008,"Comedy, Fantasy",30000000,85897593,0.49503892453929077,4.091,7.8215074535957525,4.091
765,Evil Dead II,1987,"Horror, Comedy, Fantasy",3500000,10900000,0.49503892453929077,7.5,5.807836888377559,7.5
438799,Overlord,2018,"Horror, War, Science Fiction",38000000,41657844,0.4948252002329598,6.731,14.532922355045047,6.731
389015,"I, Tonya",2017,"Drama, Comedy",11000000,53900000,0.49413059623738376,7.47,29.45795573165005,7.47
11509,Silverado,1985,"Western, Action",23000000,32192570,0.4939703030076354,6.947,12.883266990281308,6.947
828,The Day the Earth Stood Still,1951,"Science Fiction, Thriller, Drama",995000,1850000,0.49381000977788725,7.453,6.817235658313801,7.453
243683,Step Up All In,2014,"Romance, Drama, Music",45000000,86165646,0.4936497165481389,6.819,7.74849933451869,6.819
11699,Bad Lieutenant: Port of Call - New Orleans,2009,"Drama, Crime",25000000,10589102,0.4936497165481389,6.184,26.167873556500293,6.184
12102,Kramer vs. Kramer,1979,Drama,8000000,106260000,0.49354285439497336,7.564,17.084515100991148,7.564
585216,Escape Room: Tournament of Champions,2021,"Horror, Thriller, Mystery",15000000,65774490,0.49124531810191446,6.511,7.821097295623409,6.511
23437,A Nightmare on Elm Street,2010,"Horror, Mystery, Thriller",35000000,115665418,0.49012326549367646,5.5,12.495052469458615,5.5
12589,Jimmy Neutron: Boy Genius,2001,"Family, Comedy, Adventure, Animation, Science Fiction",25000000,80936232,0.49012326549367646,6.084,4.768291507474105,6.084
10223,A Simple Plan,1998,"Crime, Drama, Thriller",17000000,16316273,0.4899629722639283,7.206,15.275103205999791,7.206
339967,Colossal,2017,"Drama, Fantasy, Science Fiction",15000000,3029287,0.4896423858044318,6.276,29.967782091272454,6.276
14199,The Adventures of Sharkboy and Lavagirl,2005,"Adventure, Family, Science Fiction",50000000,72000000,0.48921493719176945,5.199,8.326001759577702,5.199
11283,Nanny McPhee,2005,"Fantasy, Comedy, Family",25000000,123276807,0.48900121288543846,6.686,27.73795827462948,6.686
463272,Johnny English Strikes Again,2018,"Action, Adventure, Comedy",25000000,158972570,0.4883066088898627,6.269,20.752352768668857,6.269
1535,Spy Game,2001,"Action, Crime, Thriller",115000000,143049560,0.48803945350694883,6.915,34.12760424677565,6.915
8326,Holes,2003,"Adventure, Family, Drama, Comedy",20000000,71406573,0.4876654359708694,6.898,30.59696442084669,6.898
1182047,The Apprentice,2024,"History, Drama",16000000,17271613,0.48697083197529356,6.86,11.977433108361685,6.86
548,Rashomon,1950,"Crime, Drama, Mystery",250000,117668,0.48579534829047294,8.041,7.402531084847331,8.041
10393,The Replacements,2000,Comedy,50000000,50054511,0.4842992781461554,6.686,26.34547195852483,6.686
10030,Good Luck Chuck,2007,"Comedy, Romance",25000000,59768495,0.4836581052271624,5.907,22.90691259738689,5.907
762430,Retribution,2023,"Thriller, Action, Adventure",20000000,18685751,0.4833375187676659,6.549,21.757239800909325,6.549
20737,Air Bud,1997,"Comedy, Family",3000000,23144499,0.48317722553791753,5.572,9.879270000840826,5.572
440471,Escape Plan 2: Hades,2018,"Action, Thriller, Crime, Mystery, Science Fiction",20000000,17592626,0.4827497769252554,5.167,32.38197191648363,5.167
2056,The Station Agent,2003,"Drama, Comedy",500000,8701337,0.4820551729296795,7.35,17.783424285863703,7.35
10766,Damien - Omen II,1978,"Horror, Thriller",6800000,26518355,0.48152086216385187,6.417,10.206986220742921,6.417
745881,The Medium,2021,"Horror, Thriller",0,7230000,0.4807728270916933,6.992,5.678226969117157,6.992
37257,Witness for the Prosecution,1957,"Drama, Mystery, Crime",3000000,9000000,0.4806125338619449,8.219,9.569805810707994,8.219
88751,Journey to the Center of the Earth,2008,"Action, Science Fiction, Adventure, Comedy, Family",45000000,101702060,0.4801850852492829,6.087,15.174614502775746,6.087
29259,Le Trou,1960,"Drama, Thriller, Crime",0,33187,0.4799713609429519,8.258,3.7195175721929297,8.258
10022,The Pacifier,2005,"Comedy, Family, Action",56000000,198636868,0.4782081354157206,6.068,23.255341794892306,6.068
838240,Robot Dreams,2023,"Animation, Drama, Comedy, Science Fiction",5300000,4656348,0.4776203935733104,7.974,3.568374359384517,7.974
994108,All of Us Strangers,2023,"Romance, Drama, Fantasy",5000000,14864960,0.47724637603723097,7.398,11.15445113685536,7.398
413518,Pinocchio,2019,"Drama, Family, Fantasy",12400000,17133446,0.47724637603723097,6.563,6.598211301082612,6.563
794,The Omen,1976,"Horror, Thriller",2800000,60922980,0.47628461665874106,7.409,10.731988425342024,7.409
988,The China Syndrome,1979,"Drama, Thriller",5900000,51718367,0.47623118558215843,7.1,14.88811915909413,7.1
891,All the President's Men,1976,"Drama, Mystery, Thriller",8500000,70600000,0.47580373696949635,7.656,15.865730686173778,7.656
934632,Rebel Moon - Part Two: The Scargiver,2024,"Science Fiction, Action, Adventure",83000000,0,0.47553658158658246,6.055,16.893791643851632,6.055
10890,Stripes,1981,"Action, Comedy",10000000,85297000,0.47553658158658246,6.559,12.420198639506006,6.559
381719,Peter Rabbit,2018,"Animation, Adventure, Family",50000000,351266433,0.4750557018973376,6.692,14.8897597909835,6.692
300673,The Finest Hours,2016,"Action, Drama, History, Thriller",80000000,52099090,0.4736664939061859,6.601,14.648381824259618,6.601
6069,The Witches of Eastwick,1987,"Comedy, Fantasy, Horror",22000000,63766510,0.4709949400770479,6.54,18.886954310452673,6.54
6795,Zathura: A Space Adventure,2005,"Science Fiction, Adventure, Family",65000000,65079104,0.47056749146438553,6.427,12.500179444112899,6.427
10974,Armour of God,1986,"Adventure, Action, Comedy",15000000,16000000,0.46944543885614765,7.044,47.569916553360535,7.044
9103,The Quest,1996,"Action, Adventure, Drama",30000000,57400547,0.4688042659371545,6.162,22.588424931862512,6.162
424488,Megan Leavey,2017,"Drama, War",0,13406883,0.4673081957928371,7.267,22.88004725019842,7.267
26371,Maurice,1987,"Drama, Romance",2600000,2438304,0.46629300533776463,7.6,10.900768430961186,7.6
599975,Countdown,2019,"Horror, Thriller",6500000,48021766,0.4656518324187715,6.215,8.087905056632563,6.215
10787,The Invisible Man,1933,"Horror, Science Fiction",328000,27105,0.4649572284231956,7.513,5.668588256767094,7.513
744276,After Ever Happy,2022,"Romance, Drama",14000000,19238073,0.464690073040282,6.774,15.416402627471973,6.774
10718,Torque,2004,"Action, Comedy, Crime",40000000,46546197,0.4640489001212886,5.292,11.657920047906451,5.292
10911,The Guns of Navarone,1961,"War, Adventure, Thriller, Action",6000000,28900000,0.4638886068915405,7.307,12.37077460383867,7.307
10336,Spawn,1997,"Action, Adventure, Fantasy, Horror, Science Fiction, Thriller",40000000,87840042,0.4638351758149576,5.429,20.80813425290751,5.429
802,Lolita,1962,"Drama, Comedy",2000000,9250000,0.46367488258520945,7.306,8.207055947598219,7.306
109689,I Want You,2012,"Drama, Romance",0,24016152,0.46255282997697145,7.452,19.29977830961595,7.452
170687,The Boxtrolls,2014,"Animation, Comedy, Family, Fantasy",60000000,108255770,0.46217881244089204,6.7,29.535680667409054,6.7
1858,Transformers,2007,"Adventure, Science Fiction, Action",150000000,709709780,0.46175136382822995,6.822,33.986099746317294,6.822
9992,Arthur and the Invisibles,2006,"Adventure, Fantasy, Animation, Family",86000000,108605609,0.4608964666029057,6.382,11.663867338505426,6.382
49524,R.I.P.D.,2013,"Fantasy, Action, Comedy",130000000,61600000,0.46052244906682643,5.9,26.666420571883265,5.9
31867,Repo Men,2010,"Action, Science Fiction, Thriller, Crime",32000000,18409891,0.46041558691366097,6.32,16.174579639348096,6.32
429200,Good Time,2017,"Crime, Thriller, Drama",2000000,3283369,0.46030872476049545,7.2,15.978729207554293,7.2
16558,Duplicity,2009,"Romance, Comedy, Crime",60000000,78176181,0.45961412076491953,5.921,19.01656422971308,5.921
38810,Dogtooth,2009,Drama,275000,110248,0.45811805062060207,7.049,11.278934081461477,7.049
9058,Only You,1994,"Romance, Comedy",0,20059210,0.45801118846743655,6.732,27.345847253069522,6.732
10074,Hot Rod,2007,"Comedy, Action",25000000,14353654,0.45769060200794004,6.395,18.947042453400933,6.395
37137,The Naked Gun 2½: The Smell of Fear,1991,"Comedy, Crime",23000000,192030411,0.4569959980123641,6.803,14.200079160488666,6.803
13971,Wild Child,2008,"Comedy, Drama, Romance",20000000,22000000,0.45688913585919855,6.708,15.58702834396668,6.708
89899,The Players,2012,Comedy,0,441420,0.45651511832311914,4.744,9.346474794767207,4.744
10314,She's All That,1999,"Comedy, Romance",10000000,103166989,0.4564616872465365,6.311,16.222363043126062,6.311
616747,Haunted Mansion,2023,"Comedy, Drama, Fantasy",157800000,117449790,0.455660221097795,6.425,9.264443200298595,6.425
59,A History of Violence,2005,"Drama, Thriller, Crime",32000000,61477797,0.4552862035617156,7.165,17.39192850126226,7.165
10358,Zack and Miri Make a Porno,2008,"Comedy, Romance",24000000,42105111,0.4546450306427226,6.343,23.71717967175058,6.343
1677,Ray,2004,"Drama, Music",40000000,124700000,0.4529352361920741,7.448,16.753107459337965,7.448
34016,She's Out of My League,2010,"Romance, Comedy",20000000,49800000,0.4519734768135845,6.484,15.816101571520274,6.484
303991,Demolition,2016,"Comedy, Drama",10000000,4366460,0.4512788728180086,6.838,26.760961984508334,6.838
1934,Shakespeare in Love,1998,"Romance, History, Comedy",25000000,289317794,0.4503171134395187,6.8,16.801916258046788,6.8
11597,Toys,1992,"Fantasy, Comedy, Science Fiction",50000000,23278931,0.4490347676015326,5.3,15.840916128847027,5.3
360814,Dangal,2016,"Drama, Family, Comedy",10400000,311000000,0.4489279054483671,7.896,17.72128535305373,7.896
52451,The Three Musketeers,2011,"Adventure, Action, Thriller",75000000,132274484,0.4486073189888706,5.802,25.337098583519445,5.802
502425,Escape from Pretoria,2020,"Drama, History, Thriller",0,2431995,0.44764555961038066,7.175,14.862689364808856,7.175
133805,Carrie,2013,"Drama, Horror",30000000,84790678,0.44705781776797027,6.045,25.340584926284365,6.045
5902,A Bridge Too Far,1977,"Drama, History, War",22000000,50750000,0.44684409346163917,7.213,16.090497255017773,7.213
11451,Herbie Fully Loaded,2005,"Comedy, Family, Adventure, Fantasy, Romance",50000000,144100000,0.4463097826958117,5.821,17.48605975591499,5.821
18480,Brüno,2009,Comedy,42000000,138805831,0.44625635161922905,5.639,9.659835485637295,5.639
242224,The Babadook,2014,"Drama, Horror",2000000,10300000,0.44614948946606325,6.53,7.196426703744948,6.53
10068,Nine 1/2 Weeks,1986,"Drama, Romance",17000000,6740470,0.44577547192998407,6.107,15.668034543504431,6.107
872,Singin' in the Rain,1952,"Comedy, Romance",2540800,7200000,0.44561517870023565,8.137,7.88159559654401,8.137
44943,Battle: Los Angeles,2011,"Science Fiction, Action",70000000,211800000,0.44534802331732204,5.813,11.287342319894508,5.813
602063,Rurouni Kenshin: The Final,2021,"Action, Adventure, History, Drama",0,33457923,0.44433283286224956,7.712,12.053927570203665,7.712
1642,The Net,1995,"Crime, Drama, Mystery, Thriller, Action",22000000,110627965,0.4440122464027528,6.04,18.630195419765926,6.04
321741,Concussion,2015,Drama,35000000,50400000,0.4434779356369252,7.074,21.229571569489995,7.074
1062807,SPY x FAMILY CODE: White,2023,"Animation, Comedy, Adventure, Action",5000000,59629242,0.4426230384116011,7.11,12.843686745950206,7.11
5123,August Rush,2007,"Family, Drama, Music",25000000,66122026,0.44251617625843565,7.414,18.627939550918036,7.414
10414,The Mighty Ducks,1992,"Comedy, Family, Drama, Action",10000000,50752337,0.44155441687994573,6.6,10.429086762766682,6.6
8984,Disclosure,1994,"Thriller, Drama, Crime",55000000,214015089,0.4412338304204492,6.25,35.80433003771403,6.25
31997,Saboteur,1942,Thriller,780000,1250000,0.4400583467356286,6.889,4.541884306740742,6.889
463257,The Peanut Butter Falcon,2019,"Adventure, Comedy, Drama",6200000,23712097,0.4397377602761321,7.396,30.86295186591116,7.396
791177,Bones and All,2022,"Horror, Romance, Drama",16000000,15234907,0.4394706048932181,7.002,30.986614494572585,7.002
592834,My Spy,2020,"Family, Action, Comedy",18000000,10200000,0.4388294319742251,6.865,14.828441174118215,6.865
11358,Walking Tall,2004,"Adventure, Drama, Action, Thriller",46000000,57223888,0.4383485522849802,6.306,26.48390027419061,6.306
790,The Fog,1980,Horror,1000000,21448830,0.4356235673792592,6.7,16.52075296800563,6.7
18126,Hannah Montana: The Movie,2009,"Comedy, Drama, Family, Music, Romance",35000000,155545279,0.43535641199634534,6.585,11.020124400913012,6.585
59961,Safe House,2012,"Action, Thriller",85000000,208076205,0.4353029809197627,6.487,28.103819185959477,6.487
2640,Heathers,1989,"Comedy, Crime",3000000,1166207,0.4348755323071007,7.271,21.566516343769806,7.271
873,The Color Purple,1985,"Drama, History",15000000,146300000,0.43466180800076964,7.733,12.117296976930666,7.733
44363,Frozen,2010,Thriller,0,3065860,0.43455494584760407,6.001,13.925478398004994,6.001
460019,Truth or Dare,2018,"Thriller, Horror",3500000,95330493,0.4339672040051937,5.937,9.654093274024493,5.937
3563,I Now Pronounce You Chuck & Larry,2007,"Comedy, Romance",85000000,187134117,0.4338069107754453,6.081,27.92273444117002,6.081
970347,The Killer,2024,"Action, Thriller, Crime",30000000,318618,0.43353975539253164,6.258,26.37295254267181,6.258
10657,Needful Things,1993,"Drama, Horror",0,15185672,0.4328451513969557,6.243,13.587713307780493,6.243
14620,The Butterfly Effect 2,2006,"Drama, Science Fiction, Thriller",6000000,0,0.43247113386087627,4.956,9.363701429605614,4.956
213681,Masterminds,2016,"Action, Comedy, Crime",25000000,29200000,0.4322574095545453,5.8,22.596217933337027,5.8
57201,The Lone Ranger,2013,"Action, Adventure, Western",215000000,260500000,0.43140251232922117,6.12,22.2233843364772,6.12
16617,Mindhunters,2004,"Mystery, Thriller, Crime",27000000,21100000,0.43102849479314176,6.454,10.087630250791094,6.454
10466,The Money Pit,1986,"Comedy, Romance",10000000,54999651,0.43097506371655886,6.5,31.251371465720023,6.5
11450,Quiz Show,1994,"History, Drama",31000000,24822619,0.4307613394102279,7.253,18.219627289450532,7.253
137116,Smurfs: The Lost Village,2017,"Family, Comedy, Adventure, Animation",60000000,197183546,0.42985301110832086,6.35,10.349105958159788,6.35
864,Cool Runnings,1993,"Comedy, Adventure, Drama",14000000,154856263,0.42926526926591063,7.008,4.38417856637484,7.008
85889,Filth,2013,"Crime, Drama, Comedy",5000000,9114264,0.42921183818932773,6.842,15.908797273269801,6.842
94365,The Human Centipede 3 (Final Sequence),2015,Horror,0,16184,0.42787606127475875,3.758,16.157353004509687,3.758
197796,Beauty and the Beast,2014,"Fantasy, Romance",33000000,47430624,0.42760890589184486,6.218,14.634846611172295,6.218
10623,Cradle 2 the Grave,2003,"Action, Crime, Drama",25000000,56500000,0.42723488835576573,6.108,19.331155394500193,6.108
9273,Ace Ventura: When Nature Calls,1995,"Crime, Comedy, Adventure",30000000,212385533,0.42723488835576573,6.321,61.31779654934098,6.321
154,Star Trek II: The Wrath of Khan,1982,"Action, Adventure, Science Fiction, Thriller",12000000,96594943,0.42686087081968627,7.446,13.679383614599164,7.446
96,Beverly Hills Cop II,1987,"Action, Comedy, Crime",28000000,299965036,0.4265402843601897,6.52,13.40416761515698,6.52
4553,The Machinist,2004,"Thriller, Drama",5000000,8203235,0.4256853871348654,7.523,15.373951277334468,7.523
284,The Apartment,1960,"Comedy, Drama, Romance",3000000,25000000,0.4248839209861242,8.19,16.79760959933719,8.19
23759,Centurion,2010,"Adventure, Action, Drama",12000000,6890432,0.4245633345266274,6.232,17.946257000883893,6.232
488623,Forgotten,2017,"Thriller, Mystery, Crime",0,9968972,0.4244564723734619,7.9,7.175303568169281,7.9
582,The Lives of Others,2006,"Drama, Thriller",2000000,77672685,0.4234947129949723,8.038,5.856440608100211,8.038
13461,Melissa P.,2005,Drama,0,7450832,0.4221589360804033,4.609,10.256615335396429,4.609
287948,The Transporter Refueled,2015,"Action, Thriller, Crime",25000000,72629670,0.42205207392723776,5.517,12.926743735349671,5.517
157845,The Rover,2014,"Crime, Drama",12250000,2510007,0.4219986428506549,6.273,19.876050260757935,6.273
8967,The Tree of Life,2011,"Drama, Fantasy",32000000,54700000,0.4207697280892514,6.729,36.563532444521016,6.729
34647,Enter the Void,2010,"Fantasy, Drama",13000000,754249,0.42039571055317215,7.296,4.199402399834297,7.296
15969,The Return of Jafar,1994,"Family, Adventure, Animation, Romance",3500000,0,0.4202888484000064,6.242,4.950401647194417,6.242
479718,The Outlaws (The Roundup),2017,"Action, Crime, Thriller",5900000,52946454,0.4199682619405099,7.7,8.788865031366832,7.7
257088,Point Break,2015,"Action, Adventure, Crime, Thriller",105000000,133782481,0.4197011065575963,5.95,14.17526460316191,5.95
1016121,Beautiful Disaster,2023,"Romance, Drama, Comedy",25000000,6850036,0.4194339511746823,6.653,12.321555647157505,6.653
20481,Nightbreed,1990,"Horror, Fantasy",11000000,8862354,0.4192202268683513,6.371,7.8317614029043305,6.371
11891,Kung Pow: Enter the Fist,2002,"Comedy, Action",10000000,17000000,0.4191133647151858,6.392,5.192189771890645,6.392
174,Star Trek VI: The Undiscovered Country,1991,"Science Fiction, Action, Adventure, Thriller",27000000,96888996,0.4191133647151858,7.036,12.911157732400635,7.036
1371,Rocky III,1982,"Drama, Action",17000000,125052898,0.41900650256202027,6.899,23.98009093202247,6.899
688,The Bridges of Madison County,1995,"Drama, Romance",24000000,182000000,0.4184187607196099,7.703,19.809809748224534,7.703
1428,Once Upon a Time in Mexico,2003,"Action, Crime, Thriller",29000000,98769390,0.4182050364132788,6.293,27.50785965214503,6.293
9541,Jersey Girl,2004,"Comedy, Romance, Drama",35000000,35492921,0.41756386349428576,6.188,20.537429991161098,6.188
146238,Runner Runner,2013,"Crime, Thriller, Drama",30000000,62600000,0.41724327703478925,5.639,24.59102123182744,5.639
59965,Abduction,2011,"Thriller, Action, Mystery",35000000,82087155,0.41724327703478925,5.842,16.935012520072107,5.842
576845,Last Night in Soho,2021,"Horror, Mystery",43000000,22957625,0.41473201643539936,7.3,24.95688214315744,7.3
11253,Hellboy II: The Golden Army,2008,"Fantasy, Action",85000000,160388063,0.41467858535881646,6.766,15.902849982670828,6.766
381289,A Dog's Purpose,2017,"Adventure, Comedy, Fantasy, Family, Drama",22000000,205000000,0.41382368813349235,7.638,16.58371221676029,7.638
3021,1408,2007,"Horror, Mystery",25000000,133000000,0.41254134229550593,6.698,19.749926684262444,6.698
9947,Elektra,2005,"Action, Fantasy, Adventure",43000000,56681566,0.4122741869125923,5.045,15.345445298256625,5.045
11007,Cheaper by the Dozen,2003,"Comedy, Family, Drama",40000000,190212113,0.41190016937651286,6.284,18.35805560511631,6.284
256924,Danny Collins,2015,"Music, Comedy, Drama",10000000,10835752,0.41184673829993024,6.747,20.177926528402416,6.747
265712,Stand by Me Doraemon,2014,"Animation, Adventure, Science Fiction, Drama, Family, Fantasy",35000000,83100000,0.411633013993599,7.4,5.8496730015565515,7.4
4614,The Sum of All Fears,2002,"Thriller, Action, Drama",68000000,193921372,0.41072468569169224,6.4,34.35667747432924,6.4
40805,The Green Hornet,2011,"Action, Crime, Comedy",120000000,227817248,0.41061782353852655,5.593,23.900110127415576,5.593
13673,Christmas with the Kranks,2004,"Comedy, Family",60000000,0,0.4101903749258644,6.154,17.262113503015687,6.154
10587,Police Academy 4: Citizens on Patrol,1987,"Comedy, Crime",17000000,76800000,0.4077325454030574,5.512,7.346544521622503,5.512
5851,Showtime,2002,"Action, Comedy",85000000,77885672,0.4062899063353229,5.547,29.067075184007123,5.547
9353,Nacho Libre,2006,Comedy,35000000,99255460,0.40436638757834337,6.499,20.133834546375535,6.499
310593,Youth,2015,"Comedy, Drama, Romance",13360000,2000000,0.4040992321954295,6.901,22.108950262193485,6.901
421,The Life Aquatic with Steve Zissou,2004,"Adventure, Comedy, Drama",50000000,34808403,0.40404580111884686,7.1,19.025792784090797,7.1
5994,The Family Man,2000,"Comedy, Drama, Romance, Fantasy",60000000,124700000,0.4031374728169399,6.8,28.67352860954397,6.8
611605,1BR,2019,"Thriller, Drama, Horror",0,16125,0.40233600666819846,6.017,6.197281883117284,6.017
43539,The Next Three Days,2010,"Romance, Drama, Thriller, Crime",30000000,67448651,0.40233600666819846,7.085,19.29957323062978,7.085
11978,Men of Honor,2000,Drama,32000000,82300000,0.40094679867704686,7.482,30.63551927024694,7.482
506528,Harriet,2019,"Drama, History",17000000,0,0.40067964329413286,7.299,11.3334850917831,7.299
14306,Marley & Me,2008,"Comedy, Family",60000000,255700000,0.40014533252830536,7.182,33.43423219452973,7.182
535167,The Wandering Earth,2019,"Science Fiction, Action, Drama",48000000,0,0.3998781771453914,6.645,12.84614769378426,6.645
13680,The Game Plan,2007,"Comedy, Family",22000000,147880543,0.39950415960931207,6.5,19.85554236214078,6.5
13666,The Wolf Man,1941,"Horror, Drama",180000,0,0.39907671099664993,7.01,6.137193740169026,7.01
46705,Blue Valentine,2010,"Drama, Romance",1000000,15440333,0.39896984884348446,7.0,27.62947149094474,7.0
522924,The Art of Racing in the Rain,2019,"Drama, Romance",18000000,33800000,0.39859583130740506,8.177,36.32441034664502,8.177
539537,Fantasy Island,2020,"Adventure, Fantasy, Horror, Mystery",7000000,49500000,0.39800808946499483,5.763,17.18992569988331,5.763
10603,George of the Jungle,1997,"Adventure, Comedy, Family, Romance",55000000,174463257,0.39795465838841193,5.657,16.72542179620481,5.657
112454,Clown,2014,"Horror, Thriller",0,4381603,0.39688603685675683,5.777,8.550768328421693,5.777
3082,Modern Times,1936,"Comedy, Drama, Romance",1500000,1800000,0.39683260578017393,8.281,5.4780698786137485,8.281
455476,Knights of the Zodiac,2023,"Fantasy, Action, Science Fiction",60000000,7000000,0.39661888147384294,6.299,7.565979036826034,6.299
849,Krull,1983,"Action, Adventure, Fantasy, Science Fiction",27000000,16916617,0.39576398424851883,6.049,6.905419622367556,6.049
302699,Central Intelligence,2016,"Action, Comedy",50000000,216972543,0.3956571220953533,6.414,27.744110644214626,6.414
375262,The Favourite,2018,"History, Comedy, Drama",15000000,95918706,0.39517624240610844,7.496,34.26890366824784,7.496
57212,War Horse,2011,"War, History, Adventure",66000000,177584879,0.39512281132952554,7.302,15.639938722398933,7.302
385103,Scoob!,2020,"Animation, Comedy, Family, Mystery",90000000,28600000,0.3948556559466119,6.999,23.950969715986115,6.999
614939,Bros,2022,"Comedy, Romance",22000000,14781779,0.3946419316402809,6.665,4.559316020565321,6.665
1013850,A Real Pain,2024,"Comedy, Drama",3000000,24856027,0.3933061547257116,6.769,16.335771722478917,6.769
315465,The Boy and the Beast,2015,"Action, Adventure, Animation, Drama, Family, Fantasy",0,49714378,0.3927184128833014,7.927,10.083938829040004,7.927
738652,Copshop,2021,"Thriller, Crime, Action",43500000,6807158,0.39175665350481154,6.3,17.98768295609054,6.3
820609,No One Will Save You,2023,"Horror, Science Fiction",22800000,0,0.3909017562794875,6.67,6.570935795921801,6.67
24420,The Time Traveler's Wife,2009,"Drama, Romance, Fantasy",39000000,101344412,0.3907948941263219,6.94,14.848538914763024,6.94
580175,Another Round,2020,"Comedy, Drama",5150000,21700000,0.3906880319731564,7.633,12.869526698207814,7.633
1255,The Host,2006,"Horror, Drama, Science Fiction",11000000,88489643,0.390314014437077,6.975,7.51963118595127,6.975
295964,Burnt,2015,Drama,20000000,36606743,0.3890850996756735,6.527,16.154892056675628,6.527
9488,Spy Kids 2: The Island of Lost Dreams,2002,"Family, Action, Adventure, Comedy, Science Fiction",38000000,119723358,0.38839049568009754,5.652,15.284126681391339,5.652
1825,Over the Top,1987,"Action, Drama",25000000,16057580,0.38806990922060103,6.444,24.05884126271233,6.444
38199,Unthinkable,2010,"Drama, Thriller",15000000,0,0.3868409944591975,6.802,20.78926698617973,6.802
792293,Dumb Money,2023,"History, Comedy, Drama",30000000,20703794,0.38582580400412503,6.682,21.166407241749166,6.682
9763,Goal!,2005,Drama,10000000,27610873,0.3852380621617146,6.76,5.714320870683344,6.76
455980,Tag,2018,"Comedy, Action",28000000,75100000,0.38502433785538354,6.705,17.64438073323941,6.705
210860,Mortdecai,2015,"Comedy, Adventure",60000000,47318560,0.3835282677110662,5.5,32.44821242901704,5.5
151960,Planes,2013,"Animation, Family, Adventure, Comedy",50000000,219788712,0.3835282677110662,5.931,9.452910788590227,5.931
27579,The American,2010,"Crime, Drama, Thriller",20000000,67900000,0.38224592187308,5.969,15.143032338905332,5.969
9486,Johnny English,2003,"Adventure, Action, Comedy",40000000,160466000,0.38133759357117303,6.287,14.237403535971882,6.287
864370,Incantation,2022,Horror,0,5700000,0.3801086788097695,6.83,2.405371428805805,6.83
329440,The Forest,2016,"Horror, Thriller, Mystery",10000000,37608299,0.380001816656604,5.225,17.420024322367762,5.225
7552,Fun with Dick and Jane,2005,"Comedy, Crime",100000000,202026112,0.3798949545034385,6.222,68.19101877087962,6.222
1398,Stalker,1979,"Science Fiction, Drama",120000,0,0.3796812301971075,8.101,4.5129681696905575,8.101
1946,eXistenZ,1999,"Action, Thriller, Science Fiction",15000000,2856712,0.37765084928696246,6.782,14.556096280482429,6.782
451,Leaving Las Vegas,1995,"Drama, Romance",3600000,49800000,0.3765822277553071,7.2,25.779453956691423,7.2
602734,Spiral: From the Book of Saw,2021,"Horror, Mystery",20000000,40618920,0.37578076160656565,5.912,19.94393140518071,5.912
11045,Taxi,2004,"Action, Comedy, Thriller, Crime",25000000,71255003,0.375299881917321,5.55,9.073104506200563,5.55
9594,Double Impact,1991,"Thriller, Action, Crime, Drama",15000000,30102717,0.37471214007491055,6.195,16.847853950949208,6.195
8005,Robin Hood: Men in Tights,1993,Comedy,20000000,35739755,0.37342979423692413,6.584,9.93238545825925,6.584
9794,Employee of the Month,2006,"Comedy, Romance",12000000,38528984,0.3733763631603415,5.605,7.779671340416762,5.605
401469,Widows,2018,"Crime, Thriller, Drama",42000000,73900000,0.3730023456242621,6.489,18.502226132394895,6.489
5336,"Salò, or the 120 Days of Sodom",1976,"Drama, Horror",800000,1800000,0.3730023456242621,6.342,7.741116491016515,6.342
642,Butch Cassidy and the Sundance Kid,1969,"Adventure, Western, Crime, Drama, History",6000000,102308889,0.37209401732235514,7.607,17.520102867619464,7.607
498248,Mia and the White Lion,2018,"Adventure, Family, Drama",9600000,35487190,0.37177343086285863,7.269,9.427480994304958,7.269
7347,Elite Squad,2007,"Drama, Action, Crime",4000000,14759148,0.37155970655652754,8.062,9.63112442757328,8.062
2665,Airplane II: The Sequel,1982,Comedy,15000000,27150534,0.3709185336375345,6.08,7.767366601246471,6.08
485415,Day of the Dead: Bloodline,2017,"Action, Horror",8000000,0,0.37017049856537565,4.682,6.902343437574983,4.682
107985,The World's End,2013,"Comedy, Action, Science Fiction",20000000,46100000,0.37017049856537565,6.808,16.548848789111126,6.808
330483,The Choice,2016,"Drama, Romance",10000000,23730891,0.36899501488055503,7.193,13.585252359946434,7.193
13567,Sleepaway Camp,1983,Horror,350000,11000000,0.3682469798083962,6.285,4.20391413753007,6.285
660120,The Worst Person in the World,2021,"Drama, Romance, Comedy",5000000,12687507,0.36808668657864807,7.439,8.917654634682549,7.439
10376,The Legend of 1900,1998,"Drama, Music",9000000,21057208,0.36691120289382717,8.244,11.523388232977933,8.244
2757,Adaptation.,2002,"Comedy, Crime, Drama",19000000,32800000,0.36691120289382717,7.343,29.05805170861558,7.343
705861,Hustle,2022,"Drama, Comedy",21000000,0,0.3652014084431787,7.713,15.722175395853712,7.713
242512,Ouija,2014,Horror,5000000,103600000,0.3651479773665961,5.134,9.615128266651904,5.134
454652,Colette,2018,"Drama, History",0,14273033,0.36439994229443756,6.874,20.088512090431635,6.874
8879,Pale Rider,1985,"Western, Drama",6900000,41400000,0.36434651121785466,7.16,13.191295627510941,7.16
10225,Jason Lives - Friday the 13th Part VI,1986,"Horror, Thriller",3000000,19472525,0.3640793558349408,6.253,5.924526831509156,6.253
527261,The Silence,2019,"Horror, Drama, Thriller, Fantasy",0,2325977,0.36338475183936503,6.0,23.106659529917952,6.0
97365,Rust and Bone,2012,"Drama, Romance",15400000,25762027,0.3626901478437891,7.2,8.99025259578727,7.2
11528,The Sandlot,1993,"Family, Comedy, Drama",7000000,34348444,0.362262699231127,7.5,5.689096155384247,7.5
963,The Maltese Falcon,1941,"Mystery, Crime, Thriller",375000,1772000,0.36172838846529926,7.704,7.043232701074819,7.704
37786,Sex and the City 2,2010,"Comedy, Drama, Romance",100000000,290700000,0.36087349123997514,6.1,14.731848971631429,6.1
521,Dial M for Murder,1954,"Thriller, Crime",1400000,3000000,0.3602857493975647,8.003,7.877699095806751,8.003
22971,Dear John,2010,"Drama, Romance, War",25000000,114977104,0.3600185940146511,6.846,27.96887721305861,6.846
9056,Police Story,1985,"Action, Crime, Comedy",500000,18724000,0.3600185940146511,7.524,49.17035296144311,7.524
1588,Bring It On,2000,Comedy,28000000,90449929,0.3599117318614853,6.268,20.88790997852823,6.268
4964,Knocked Up,2007,"Comedy, Romance, Drama",30000000,219900000,0.3596980075551543,6.305,24.08242534612206,6.305
18736,The Lizzie McGuire Movie,2003,"Family, Comedy",17000000,55534455,0.35948428324882326,6.324,12.568265667521846,6.324
3112,The Night of the Hunter,1955,"Crime, Drama, Thriller",795000,0,0.35937742109565773,7.863,9.329658317901142,7.863
109091,The Counselor,2013,"Thriller, Crime, Drama",25000000,71009334,0.3581485063342542,5.3,22.409185897948593,5.3
3090,The Treasure of the Sierra Madre,1948,"Adventure, Drama, Western",3800000,4307000,0.35804164418108875,7.956,11.363221544777973,7.956
55301,Alvin and the Chipmunks: Chipwrecked,2011,"Comedy, Fantasy, Family, Music, Animation",75000000,342695435,0.35782791987475765,5.698,15.165591027384199,5.698
338947,Hellraiser,2022,"Horror, Thriller",14000000,10303,0.3567592983431023,6.167,18.914024736627315,6.167
127533,Rurouni Kenshin Part I: Origins,2012,"Adventure, Action, Fantasy, War, History",0,61700000,0.35649214296018866,7.528,10.214574143231268,7.528
22804,Saw VI,2009,"Horror, Thriller",11000000,69752402,0.35537009035195066,6.29,10.214574143231268,6.29
292011,Richard Jewell,2019,"Drama, History",45000000,33900000,0.35478234850954027,7.417,23.330400703831085,7.417
28211,Chloe,2010,"Drama, Thriller, Mystery",14000000,13657649,0.3517367771443228,6.1,45.159418149900446,6.1
2614,Innerspace,1987,"Action, Comedy, Science Fiction",27000000,25900000,0.3514696217614091,6.821,17.36055141637802,6.821
1646,Freedom Writers,2007,"Crime, Drama",21000000,43095175,0.3514161906848262,7.9,13.199908944930138,7.9
12180,Star Wars: The Clone Wars,2008,"Animation, Action, Science Fiction, Adventure",8500000,68282844,0.35130932853166075,6.1,5.559691315110015,6.1
12101,Soylent Green,1973,"Science Fiction, Thriller, Crime, Mystery",0,3600000,0.35104217314874686,6.926,7.859241987051314,6.926
9327,The Nutty Professor,1996,"Fantasy, Comedy, Romance, Science Fiction",54000000,128769345,0.35082844884241576,5.64,18.082634526687954,5.64
16577,Astro Boy,2009,"Animation, Action, Family, Science Fiction",10000000,19551067,0.3507215866892503,6.335,21.07207090811026,6.335
10200,The Day the Earth Stood Still,2008,"Drama, Science Fiction, Thriller",80000000,233093859,0.3507215866892503,5.653,40.923101532555265,5.653
49021,Killer Elite,2011,"Action, Adventure, Thriller",66000000,57777106,0.3501872759234227,6.264,74.58251045390134,6.264
10669,Deliverance,1972,"Drama, Adventure, Thriller",2000000,46122355,0.3494926719278468,7.313,11.69914092412693,7.313
32985,Solomon Kane,2009,"Adventure, Fantasy, Action",45000000,19700000,0.3489583611620192,6.037,11.091491888100705,6.037
122081,Spring Breakers,2013,"Drama, Crime",5000000,32016127,0.3487446368556882,5.25,24.37404766445797,5.25
23048,Hot Tub Time Machine,2010,"Science Fiction, Comedy, Adventure",36000000,64780213,0.34799660178352937,6.043,11.997530849006496,6.043
9313,The Man in the Iron Mask,1998,"Adventure, Action, Drama",35000000,183000000,0.34740885994111914,6.647,32.83581171288122,6.647
1211472,September 5,2024,"Thriller, Drama, History",0,852000,0.34708827348162263,7.002,10.708404341932297,7.002
14248,Igor,2008,"Animation, Comedy, Family, Fantasy, Horror",25000000,30700000,0.34676768702212585,5.9,7.100449738216675,5.9
539681,DC League of Super-Pets,2022,"Family, Comedy, Adventure, Animation, Science Fiction",90000000,203000000,0.34671425594554317,7.176,33.09277568255414,7.176
38317,Zookeeper,2011,"Comedy, Romance, Family",80000000,169900000,0.3452181858012258,5.438,17.66345307895336,5.438
10214,Son of the Mask,2005,"Fantasy, Comedy, Family, Adventure",84000000,59918422,0.3451113236480603,4.2,13.562488592481396,4.2
956842,Fly Me to the Moon,2024,"Romance, Comedy",100000000,42260534,0.3435618224271602,6.8,47.072805090880756,6.8
39486,Secretariat,2010,Drama,35000000,60300000,0.34302751166133266,7.409,20.631151087841484,7.409
6972,Australia,2008,"Adventure, Romance, Drama",130000000,211787511,0.3420123212062602,6.584,25.98186691604272,6.584
34636,The NeverEnding Story II: The Next Chapter,1990,"Family, Fantasy, Adventure, Drama",32000000,16283667,0.34195889012967734,5.8,6.675526078869278,5.8
71668,Piranha 3DD,2012,"Horror, Thriller, Comedy",5000000,8493728,0.34158487259359793,4.326,10.365512277053508,4.326
10229,A Walk to Remember,2002,"Drama, Romance",11800000,47494916,0.3413711482872669,7.756,10.932760752803944,7.756
2055,Open Range,2003,"Western, Drama, Action",22000000,68296293,0.34083683752143934,7.217,29.66016361201517,7.217
9517,Bully,2001,"Crime, Drama",2100000,480811,0.3395544916834532,6.676,9.682189095129988,6.676
9381,Babylon A.D.,2008,"Action, Adventure, Science Fiction, Thriller",70000000,72109200,0.3391270430707909,5.663,23.43273511793068,5.663
113082,Berserk: The Golden Age Arc I - The Egg of the King,2012,"Animation, Action, Adventure, Fantasy, Drama, Horror",0,2152610,0.3387530255347117,7.2,16.354638989206695,7.2
18183,Like Water for Chocolate,1992,"Drama, Romance",2000000,21744201,0.338432439075215,7.275,4.287176205915709,7.275
180299,The Raid 2,2014,"Action, Crime, Thriller",4500000,6566916,0.3381118526157184,7.606,8.186548048981065,7.606
419680,Daddy's Home 2,2017,Comedy,69000000,180613180,0.33779126615622185,6.308,33.22382115471775,6.308
19901,Daybreakers,2010,"Action, Fantasy, Science Fiction",20000000,51417188,0.33747067969672534,6.281,25.293211680478738,6.281
9955,Blades of Glory,2007,Comedy,53000000,118200000,0.3365089203182357,6.117,13.132027800507368,6.117
283552,The Light Between Oceans,2016,"Drama, Romance",20000000,25975621,0.3360280406289908,7.068,22.3767834181335,7.068
394117,The Florida Project,2017,Drama,2000000,11303040,0.33592117847582526,7.428,13.953164061138148,7.428
13492,Frontier(s),2007,"Drama, Horror, Action, Thriller",3000000,0,0.33570745416949427,6.165,5.447718188660364,6.165
3035,Frankenstein,1931,"Drama, Horror, Science Fiction",291000,12000000,0.33560059201632875,7.467,4.6682129622224,7.467
228205,The Longest Ride,2015,"Drama, Romance",34000000,63013281,0.33490598802075283,7.626,14.114151065282792,7.626
74643,The Artist,2011,"Drama, Comedy, Romance",15000000,133432856,0.33442510833150785,7.442,13.080963132950657,7.442
10003,The Saint,1997,"Thriller, Action, Romance, Science Fiction, Adventure",68000000,118100000,0.33373050433593193,6.1,15.772009589493393,6.1
1022690,Ricky Stanicky,2024,Comedy,49700000,0,0.3336236421827664,6.515,23.559679010370846,6.515
643215,Asterix & Obelix: The Middle Kingdom,2023,"Family, Comedy, Adventure",72000000,46497678,0.33346334895301827,4.824,11.04822022201851,4.824
77877,The Lucky One,2012,"Drama, Romance",25000000,99400000,0.33260845172769393,7.168,16.452871823582857,7.168
442064,Proud Mary,2018,"Thriller, Action, Crime",14000000,21753365,0.3298300357453904,5.507,17.084310022004978,5.507
9078,The Sword in the Stone,1963,"Animation, Family, Fantasy",3000000,22200000,0.3298300357453904,7.221,5.414700471886748,7.221
10559,Frequency,2000,"Science Fiction, Thriller, Family, Crime",31000000,68106245,0.32961631143905934,7.263,18.014343224292837,7.263
12545,Jesus Christ Superstar,1973,"Drama, History",3500000,24593103,0.32956288036247644,7.112,3.536997274500274,7.112
10134,Cyborg,1989,"Science Fiction, Action, Thriller, Adventure",500000,10166459,0.3295094492858938,5.657,17.49098165158311,5.657
11545,Rushmore,1998,"Comedy, Drama",9000000,17096053,0.3294025871327283,7.391,13.71793846399941,7.391
9386,In the Line of Fire,1993,"Action, Drama, Thriller, Crime, Mystery",40000000,177000000,0.32918886282639725,6.965,21.172149453361968,6.965
11895,Police Academy 6: City Under Siege,1989,"Comedy, Crime",15000000,33200000,0.3291354317498144,5.139,6.125914395929592,5.139
11072,Blazing Saddles,1974,"Western, Comedy",2600000,119500000,0.3284408277542385,7.245,6.965507765315813,7.245
551804,Freaky,2020,"Horror, Comedy",5000000,15100000,0.32795994806499373,6.561,12.555550770379215,6.561
580,Jaws: The Revenge,1987,"Adventure, Thriller, Horror",23000000,51881012,0.3272653440694178,4.082,8.005873462163953,4.082
400710,Flatliners,2017,"Drama, Horror, Thriller",19000000,45158254,0.32673103330359027,5.641,25.185545212738685,5.641
8872,Wayne's World,1992,"Comedy, Music",20000000,183097323,0.3261432914611799,6.687,12.74483867461553,6.687
180863,T2 Trainspotting,2017,"Drama, Comedy, Crime",18000000,41681746,0.32560898069535227,6.942,14.604289842232737,6.942
308084,Tangerine,2015,"Comedy, Drama",100000,925000,0.32512810100610734,6.87,5.325286033915964,6.87
10601,Peter Pan,2003,"Adventure, Fantasy, Family",100000000,121975011,0.3246472213168624,7.137,10.85277994819705,7.137
560144,Skylines,2020,"Science Fiction, Action, Thriller",70000000,170581,0.3243266348573659,5.534,12.404202478584626,5.534
439,La Dolce Vita,1960,"Comedy, Drama",0,19647000,0.32299085794279686,8.042,6.006148268005424,8.042
758330,"Good Luck to You, Leo Grande",2022,"Romance, Drama",0,7589829,0.32283056471304844,6.948,19.70214328048448,6.948
549294,Synchronic,2020,"Horror, Science Fiction, Thriller",0,1019041,0.3208001838029035,6.338,12.86357940760884,6.338
338967,Zombieland: Double Tap,2019,"Horror, Comedy",42000000,122810399,0.3205330284199899,6.907,32.84873168901003,6.907
480105,47 Meters Down: Uncaged,2019,"Horror, Thriller",12000000,47582563,0.31839578535667934,5.715,8.050375602163175,5.715
262551,Babysitting,2014,Comedy,3400000,20258904,0.31679285305919647,6.792,3.7929358492423355,6.792
417644,CHiPs,2017,"Action, Comedy, Crime",25000000,26800152,0.31657912875286537,6.131,13.418728223175158,6.131
58151,Fright Night,2011,"Horror, Comedy",30000000,41002607,0.315991386910455,6.2,15.235933119641029,6.2
9366,Donnie Brasco,1997,"Crime, Drama, Thriller",35000000,124909762,0.31577766260412393,7.538,29.003705777280125,7.538
9793,The Hills Have Eyes 2,2007,"Horror, Thriller",15000000,37697773,0.31513648968513086,5.57,9.420713387761298,5.57
11319,The Rescuers,1977,"Fantasy, Family, Animation, Adventure",7500000,169015869,0.315083058608548,6.785,6.430661769380477,6.785
292280,The Bye Bye Man,2017,"Horror, Thriller",7400000,26700000,0.31444188568955495,5.195,59.55739853204462,5.195
9516,Menace II Society,1993,"Drama, Crime, Thriller",3500000,27900000,0.3143350235363894,7.488,7.9441446873263235,7.488
2636,The Specialist,1994,"Action, Thriller",45000000,170362582,0.31390757492372734,5.932,32.34464754100042,5.932
9473,"South Park: Bigger, Longer & Uncut",1999,"Animation, Comedy",21000000,83137864,0.3134266952344824,7.281,6.151549269201033,7.281
899112,Violent Night,2022,"Action, Comedy, Fantasy",20000000,75734910,0.3127320912389065,7.23,19.542796908229207,7.23
16995,State of Play,2009,"Thriller, Crime, Mystery",60000000,87800000,0.3123046426262444,6.805,27.95800802679152,6.805
8645,The Happening,2008,"Thriller, Science Fiction",60000000,163403799,0.311930625090165,5.395,28.27916171913613,5.395
11426,From Here to Eternity,1953,"War, Romance, Drama",1650000,30500000,0.3112360210945891,7.3,8.882586128047217,7.3
58224,Mr. Popper's Penguins,2011,"Comedy, Family",55000000,187361754,0.31112915894142357,5.976,65.31396567387931,5.976
272693,The DUFF,2015,"Romance, Comedy",8500000,43528634,0.3108620035585099,6.762,13.914814290724072,6.762
1694,Re-Animator,1985,"Science Fiction, Comedy, Horror",900000,2023414,0.30952622664394086,7.047,5.3987043109653685,7.047
4550,Lady Vengeance,2005,"Drama, Thriller",0,23803308,0.3060532066660611,7.526,5.452024847369965,7.526
404378,A Street Cat Named Bob,2016,"Family, Drama",8000000,17900000,0.305892913436313,7.893,6.046138670308871,7.893
2313,Prime,2005,"Comedy, Drama, Romance",22000000,67900000,0.30578605128314745,5.982,26.609408613727588,5.982
9725,Friday the 13th Part 2,1981,"Horror, Thriller",1250000,21723464,0.30557232697681647,6.2,3.950641589608238,6.2
11452,National Lampoon's Van Wilder,2002,"Comedy, Romance",6000000,39241323,0.3041296879090819,6.021,19.682455697812014,6.021
302156,Criminal,2016,"Action, Crime, Science Fiction",31500000,14708696,0.30215273807551957,6.206,27.682792027349336,6.206
11663,The Commitments,1991,"Comedy, Drama, Music",12000000,14919570,0.3018855826926059,7.265,2.915402867414385,7.265
371638,The Disaster Artist,2017,"Comedy, Drama",10000000,29820616,0.2997483396292954,7.1,27.59911980099135,7.1
22843,Evangelion: 2.0 You Can (Not) Advance,2009,"Animation, Science Fiction, Action, Drama",10000000,44339362,0.2997483396292954,7.8,7.922406314792142,7.8
2252,Eastern Promises,2007,"Thriller, Crime, Mystery",51500000,56106607,0.298946873480554,7.346,18.25695166493375,7.346
71859,We Need to Talk About Kevin,2011,"Drama, Thriller",7000000,10800000,0.29884001132738847,7.544,14.344659845739589,7.544
11046,Where Eagles Dare,1968,"Action, Adventure, War",7700000,21000000,0.298465993791309,7.506,15.526119885073738,7.506
490,The Seventh Seal,1957,"Fantasy, Drama",150000,311212,0.29798511410206413,8.162,5.4183918936378355,8.162
27958,Cruising,1980,"Crime, Mystery, Thriller",11000000,19814523,0.2977713897957331,6.616,17.111995685138133,6.616
397567,Along with the Gods: The Two Worlds,2017,"Action, Adventure, Drama, Fantasy, Thriller",18300000,125983972,0.2947258184305156,8.0,9.779806692547636,8.0
10196,The Last Airbender,2010,"Action, Adventure, Fantasy",150000000,319713881,0.2933900415159466,4.646,8.804040876343525,4.646
9021,The Santa Clause 2,2002,"Fantasy, Comedy, Family",65000000,172842355,0.2929625929032845,5.999,10.654673647555358,5.999
576,The Wild Bunch,1969,Western,6244087,638641,0.2920008335247947,7.587,7.410119007335678,7.587
227306,Unbroken,2014,"Drama, War",65000000,163400000,0.2918405402950466,7.424,14.87253315614509,7.424
533444,Waves,2019,"Romance, Drama",6000000,2576990,0.2914665227589671,7.4,8.671559851276719,7.4
5156,Bicycle Thieves,1948,Drama,133000,450159,0.29055819445706016,8.172,4.421092783885714,8.172
11618,The Haunting,1999,"Horror, Thriller, Fantasy, Mystery",80000000,177311151,0.2904513323038947,5.477,24.36892068980368,5.477
25846,Baaria,2009,"Drama, Comedy, Romance",30000000,16017513,0.2893292796956567,7.204,5.322825086081905,7.204
11825,Police Academy 5: Assignment Miami Beach,1988,"Comedy, Crime",14000000,19510371,0.2888484000064117,5.224,6.125914395929592,5.224
11929,Dolores Claiborne,1995,"Crime, Drama, Mystery",13000000,46400000,0.2887949689298291,7.27,16.38868210091117,7.27
205775,In the Heart of the Sea,2015,"Thriller, Drama, Adventure, Action, History",100000000,93900000,0.2886346757000807,6.8,30.58999173531686,6.8
22972,Green Zone,2010,"War, Action, Adventure, Drama, Thriller",100000000,94882889,0.2881003649342532,6.486,26.973218735195864,6.486
1103,Escape from New York,1981,"Science Fiction, Action",6000000,50244700,0.28799350278108765,7.047,21.366359253266403,7.047
1273,TMNT,2007,"Adventure, Animation, Comedy, Family",34000000,95608995,0.28708517447918064,6.164,6.213278044038662,6.164
806,The Omen,2006,"Horror, Mystery, Thriller",25000000,119975084,0.28601655294752554,5.649,14.658635773568193,5.649
82682,Gangster Squad,2013,"Crime, Drama, Action, Thriller",60000000,105200000,0.28590969079436,6.377,40.041056813031545,6.377
12159,What Dreams May Come,1998,"Drama, Fantasy, Romance",85000000,71485043,0.28537538002853224,7.198,17.365063154073795,7.198
6171,Dreamcatcher,2003,"Drama, Horror, Science Fiction, Thriller",68000000,81240206,0.28532194895194957,5.629,25.3252040023215,5.629
10052,Dragonfly,2002,"Drama, Thriller, Fantasy",60000000,52322400,0.2852685178753667,6.525,21.695305947085526,6.525
648579,The Unbearable Weight of Massive Talent,2022,"Action, Comedy, Crime",30000000,29116320,0.2849479314158702,6.783,44.779201709538434,6.783
11917,Saw V,2008,"Horror, Thriller, Crime",10800000,118209778,0.2848410692627047,6.174,9.519971617068315,6.174
2082,Halloween,2007,Horror,15000000,80460948,0.2848410692627047,6.222,8.841980488785259,6.222
663558,New Gods: Nezha Reborn,2021,"Animation, Fantasy, Action",0,70000000,0.2847342071095391,8.056,3.8622525465683113,8.056
7985,Penelope,2007,"Fantasy, Comedy, Romance",15000000,21156270,0.2840396031139632,6.7,37.60882003703727,6.7
8374,The Boondock Saints,1999,"Action, Thriller, Crime",6000000,38256,0.2837190166544667,7.252,19.495833820395926,7.252
2897,Around the World in 80 Days,1956,"Adventure, Comedy, Family, Fantasy, Romance",6000000,42000000,0.2830244126588907,6.632,20.20663758646643,6.632
800939,Ticket to Paradise,2022,"Drama, Comedy, Romance",20000000,168800000,0.28297098158230805,6.425,27.360407861087698,6.425
1574,Chicago,2002,"Comedy, Crime, Drama",45000000,306776732,0.2824901018930632,7.1,21.04130906018454,7.1
22947,Up in the Air,2009,"Drama, Romance",25000000,166842739,0.28238323973989765,6.888,23.526866372583406,6.888
68722,The Master,2012,Drama,32000000,28258060,0.2821695154335666,7.109,23.290205222541463,7.109
568620,Snake Eyes: G.I. Joe Origins,2021,"Action, Adventure",88000000,36964325,0.2817420668209046,6.453,8.274937092020993,6.453
15058,Speak,2004,Drama,1000000,0,0.28152834251457354,7.034,19.604525683066836,7.034
567604,Once Upon a Deadpool,2018,"Comedy, Action, Adventure, Science Fiction",110000000,51349833,0.2773607185411181,7.096,42.06621180147534,7.096
1817,Phone Booth,2003,"Thriller, Crime",13000000,97837138,0.2769867010050387,6.859,19.768383793017883,6.859
58431,Pride and Prejudice and Zombies,2016,"Romance, Horror, Comedy, Thriller",28000000,16457494,0.2762386659328801,6.2,15.891160480459051,6.2
817,Austin Powers: The Spy Who Shagged Me,1999,"Adventure, Comedy, Crime, Science Fiction",33000000,312016928,0.2739411296398212,6.297,13.92342760814328,6.297
72197,The Pirates! In an Adventure with Scientists!,2012,"Animation, Adventure, Family, Comedy",60000000,123054041,0.27329995672082813,6.521,14.640588822785098,6.521
10139,Milk,2008,"History, Drama",20000000,54600000,0.27196417980625914,7.217,25.903731822311364,7.217
763,Braindead,1992,"Horror, Comedy",3000000,242623,0.27196417980625914,7.385,5.301496871520066,7.385
21191,Sin Nombre,2009,"Drama, Action, Thriller, Crime",0,5102705,0.2717504554999281,7.6,8.202544209902445,7.6
388399,Patriots Day,2016,"Action, Crime, Drama, History, Thriller",45000000,50548152,0.2715901622701797,7.064,30.034432761778202,7.064
9549,The Right Stuff,1983,"Drama, History, Adventure",27000000,21500000,0.2713764379638487,7.403,12.9294097621699,7.403
586863,Les Misérables,2019,"Crime, Drama, Thriller",2500000,54606372,0.27041467858535884,7.569,2.5212410559927156,7.569
424781,Sorry to Bother You,2018,"Fantasy, Science Fiction, Comedy",3200000,18200000,0.2700940921258623,6.785,12.713666668717458,6.785
71880,Jack and Jill,2011,"Comedy, Family",79000000,149700000,0.2699337988961142,4.391,33.298264826698,4.391
412988,The Happytime Murders,2018,"Action, Crime, Comedy",40000000,27506452,0.26977350566636576,5.792,7.05676791416214,5.792
51052,Arthur Christmas,2011,"Drama, Animation, Family, Comedy",10000000,151300000,0.26977350566636576,6.776,20.627459666090395,6.776
10083,No Way Out,1987,"Thriller, Drama",15000000,35509515,0.26977350566636576,6.861,22.315054643295866,6.861
591538,The Tragedy of Macbeth,2021,Drama,0,176248,0.2684911598283796,6.9,17.45488775001692,6.9
290512,The Mountain Between Us,2017,"Drama, Adventure, Romance",35000000,62832209,0.26795684906255185,6.649,44.47158323028115,6.649
400106,Bright,2017,"Fantasy, Action, Crime, Thriller",90000000,0,0.26656764107140013,6.159,18.113601453599852,6.159
36728,Naruto Shippuden the Movie: The Will of Fire,2009,"Action, Adventure, Comedy, Drama, Fantasy, Animation",0,8100000,0.2654990195397448,7.384,9.802160302040331,7.384
228970,Wild,2014,Drama,15000000,52501541,0.26528529523341376,7.009,16.545977683304724,7.009
84204,Grabbers,2012,"Science Fiction, Comedy, Thriller, Horror, Mystery",0,427335,0.26485784662075174,6.083,6.017632691231029,6.083
11031,This Is Spinal Tap,1984,"Comedy, Music",2500000,5831458,0.2646975533910033,7.413,8.55445975017278,7.413
14442,Ella Enchanted,2004,"Family, Fantasy, Comedy",31000000,27400000,0.26453726016125517,6.478,36.151118603330076,6.478
263341,"Crouching Tiger, Hidden Dragon: Sword of Destiny",2016,"Action, Adventure, Drama",20000000,38659039,0.2643235358549242,6.157,17.05211262117605,6.157
87496,The Company You Keep,2012,"Drama, Thriller",2000000,20014680,0.2639495183188447,6.173,34.44609191230002,6.173
301365,The Neon Demon,2016,"Horror, Thriller",7000000,3400000,0.2636289318593482,6.509,29.196480024281357,6.509
13252,Cleaner,2007,"Crime, Thriller, Mystery",25000000,5796630,0.2631480521701033,6.069,24.47269065680647,6.069
10435,Chaplin,1992,Drama,31000000,9493259,0.2628808967871894,7.419,19.85082554545884,7.419
1266,Street Kings,2008,"Action, Crime, Drama, Thriller",20000000,66476363,0.2618657063321169,6.639,36.55471404811564,6.639
800510,Kimi,2022,"Thriller, Mystery, Crime",3500000,0,0.26111767125995833,6.201,9.76155466277837,6.201
36095,Cure,1997,"Crime, Thriller, Horror, Mystery",20000,234821,0.2605833604941308,7.517,6.649686126611664,7.517
324670,Spectral,2016,"Science Fiction, Thriller, Action",70000000,0,0.2601559118814687,6.525,9.439170496516732,6.525
10331,Night of the Living Dead,1968,"Horror, Thriller",114000,30236452,0.25999561865172033,7.612,4.246365487667576,7.612
51620,Death Race 2,2010,"Action, Thriller, Science Fiction",7000000,0,0.25796523774157537,5.8,22.2572223691955,5.8
334533,Captain Fantastic,2016,"Adventure, Drama",5000000,23123592,0.2576446512820788,7.889,12.04510917379829,7.889
526051,Look Away,2018,"Horror, Thriller, Fantasy",0,1119537,0.2575912202054959,6.547,12.39640947711011,6.547
14069,The Girl Who Leapt Through Time,2006,"Fantasy, Animation, Drama, Science Fiction",0,3478290,0.25684318513333737,7.8,3.7947815601178796,7.8
505262,My Hero Academia: Two Heroes,2018,"Animation, Action, Adventure, Fantasy",12000000,27507549,0.2567897540567547,7.879,8.994559254496869,7.879
130150,Labor Day,2013,"Drama, Romance, Thriller",18000000,20275812,0.25673632298017185,7.033,39.68934635174738,7.033
972533,Last Breath,2025,"Thriller, Drama",23800000,24823454,0.25588142575484774,6.932,19.731264496520836,6.932
6023,P.S. I Love You,2007,"Drama, Romance",30000000,156835339,0.25588142575484774,7.18,21.091553411796557,7.18
38167,Eat Pray Love,2010,"Drama, Romance",60000000,204594016,0.2552936839124373,6.244,30.43577233771588,6.244
387426,Okja,2017,"Adventure, Drama, Science Fiction",50000000,0,0.2548128042231924,7.338,12.026652065042851,7.338
802219,Bob Marley: One Love,2024,"Music, History, Drama",70000000,180828556,0.25374418269153726,6.605,8.188803917828952,6.605
47327,Drive Angry,2011,"Fantasy, Thriller, Action, Crime",50000000,40909909,0.2522481125472198,5.525,31.140833892173568,5.525
9280,Femme Fatale,2002,"Mystery, Crime, Thriller",35000000,16800000,0.25187409501114044,6.147,17.389262474442035,6.147
415842,American Assassin,2017,"Action, Adventure, Thriller",33000000,67200000,0.2515535085516439,6.418,19.366018822149353,6.418
11838,Ju-on: The Grudge,2002,Horror,3500000,3657876,0.2515535085516439,6.762,5.472532745987118,6.762
470,21 Grams,2003,"Drama, Crime, Thriller",20000000,60427839,0.2515535085516439,7.322,26.572699475202878,7.322
10987,Halloween: The Curse of Michael Myers,1995,"Horror, Thriller",5000000,15116634,0.25123292209214737,5.1,10.158587580006442,5.1
339527,Solace,2015,"Thriller, Crime, Mystery",0,22586863,0.2509123356326508,6.43,25.670557015034344,6.43
2140,Kiss of the Dragon,2001,"Action, Crime, Thriller",25000000,64437847,0.2501643005604922,6.894,19.7013229645398,6.894
10150,The Last Unicorn,1982,"Fantasy, Animation, Family, Adventure",0,6455530,0.25011086948390937,7.2,8.504420477546928,7.2
850,A Christmas Story,1983,"Comedy, Family",3300000,20700000,0.24989714517757836,7.216,5.666537466905379,7.216
2605,Short Circuit,1986,"Science Fiction, Comedy, Family",10000000,40697761,0.24984371410099546,6.639,17.004124138411907,6.639
16281,Creepshow,1982,"Horror, Comedy",8000000,21028755,0.24962998979466441,6.903,10.043333189778043,6.903
38579,Marmaduke,2010,"Family, Comedy",50000000,83761844,0.24909567902883684,5.212,27.338054251595008,5.212
77866,Contraband,2012,"Thriller, Action, Drama, Crime",25000000,96262212,0.24904224795225402,6.333,29.055180602809177,6.333
626735,Dog,2022,"Drama, Comedy",20000000,84774243,0.2482942128800954,7.3,11.655869258044739,7.3
13220,Splinter,2008,"Horror, Thriller, Crime, Science Fiction",0,124191,0.24759960888451946,6.176,6.598211301082612,6.176
882059,Boy Kills World,2024,"Crime, Thriller, Action",18000000,3139717,0.24727902242502295,6.731,19.5479238828835,6.731
11411,Superman IV: The Quest for Peace,1987,"Action, Adventure, Science Fiction",17000000,36700000,0.2468515738123609,4.589,9.982834888857445,4.589
36685,The Rocky Horror Picture Show,1975,"Comedy, Science Fiction, Fantasy, Horror",1400000,171181400,0.24588981443387126,7.441,18.157898514612906,7.441
28355,Case 39,2009,"Horror, Mystery, Thriller",27000000,29000000,0.24540893474462633,6.315,18.18640449369075,6.315
72207,The Five-Year Engagement,2012,"Comedy, Romance",30000000,54169363,0.24476776182563326,5.855,21.779183252429675,5.855
426249,Lords of Chaos,2018,"Drama, Music, Thriller, Horror",0,365353,0.244554037519302,6.796,9.98755170553939,6.796
158011,The Call,2013,"Crime, Thriller",13000000,68572378,0.24412658890663996,6.792,21.979955579891598,6.792
39107,Dragon Ball Z: Fusion Reborn,1995,"Animation, Action, Science Fiction",0,23500000,0.24375257137056078,7.527,10.185247848208737,7.527
308639,Dope,2015,"Crime, Drama, Comedy",7000000,17986781,0.24343198491106402,7.057,11.139275291878668,7.057
1678,Godzilla,1954,"Thriller, Horror, Science Fiction",60000,2250000,0.2424702255325744,7.6,2.593223780138921,7.6
9593,Last Action Hero,1993,"Adventure, Fantasy, Action, Comedy, Family",85000000,137300000,0.24166875938383295,6.468,14.24109495772297,6.468
8489,Ali,2001,Drama,107000000,87812729,0.24092072431167433,6.752,25.82026467493955,6.752
41216,Legend of the Guardians: The Owls of Ga'Hoole,2010,"Animation, Adventure, Family, Fantasy",80000000,140073390,0.24086729323509146,6.82,11.175984430403371,6.82
335778,Risen,2016,"Action, Adventure, Drama, History, Mystery",20000000,46100000,0.24033298246926388,6.256,10.07655598553783,6.256
532408,The Boogeyman,2023,Horror,35000000,82344833,0.24006582708635,6.385,8.768972369708194,6.385
513310,Boss Level,2021,"Action, Science Fiction, Thriller",45000000,2000000,0.2393712230907743,6.868,25.37011630029306,6.868
10212,Ravenous,1999,"Adventure, Western, Horror, Comedy",12000000,2062405,0.23910406770786038,6.852,12.570726615355907,6.852
333669,Bastille Day,2016,Action,20000000,14397593,0.23712711787429805,6.3,19.07214063496556,6.3
370755,Paterson,2016,"Drama, Comedy, Romance",5000000,2152738,0.2367531003382189,7.113,13.651287793493665,7.113
404,The Straight Story,1999,Drama,10000000,6418028,0.23648594495530498,7.7,8.95969582684771,7.7
10402,Deuce Bigalow: Male Gigolo,1999,"Comedy, Romance",17000000,92938755,0.23632565172555683,5.971,9.982014572912759,5.971
216282,Into the Storm,2014,"Action, Thriller",50000000,160600000,0.23616535849580847,6.055,11.96820455398397,6.055
62215,Melancholia,2011,"Drama, Science Fiction",7400000,15946321,0.23589820311289453,7.159,22.592321432599768,7.159
12139,Dennis the Menace,1993,"Family, Comedy",35000000,117270765,0.23536389234706695,5.9,8.134868144465843,5.9
12481,The Big Boss,1971,Action,100000,0,0.234241839738829,7.067,9.982629809871273,7.067
10136,The Golden Child,1986,"Action, Adventure, Comedy",25000000,79817939,0.23328008036033937,5.935,19.804272615597903,5.935
783,Gandhi,1982,"Drama, History",22000000,77737889,0.233119787130591,7.56,12.63594173295845,7.56
262543,Automata,2014,"Thriller, Science Fiction",7000000,6237990,0.23290606282425994,5.871,19.40723969836983,5.871
10206,Buffy the Vampire Slayer,1992,"Action, Comedy, Horror",7000000,16624456,0.23258547636476343,5.61,9.604669238357154,5.61
12079,Spun,2003,"Crime, Drama, Comedy",2000000,0,0.232211458828684,6.575,21.940375335560493,6.575
1996,Lara Croft: Tomb Raider - The Cradle of Life,2003,"Adventure, Action, Fantasy",95000000,160099222,0.23194430344577036,5.761,36.86643410709636,5.761
535581,The Dead Don't Die,2019,"Comedy, Horror",11000000,15325468,0.23140999267994256,5.431,17.63248615204146,5.431
407451,A Wrinkle in Time,2018,"Adventure, Science Fiction, Family, Fantasy",103000000,132675864,0.23066195760778396,5.06,12.520277184757711,5.06
267193,Grimsby,2016,"Action, Comedy",35000000,28000000,0.22980706038245985,5.961,20.064107691077222,5.961
86467,Bel Ami,2012,"Romance, Drama",9000000,8303261,0.22953990499954596,5.253,34.09027987129243,5.253
166666,3096 Days,2013,Drama,0,6677474,0.22905902531030103,7.389,6.74320214430588,7.389
108,Three Colors: Blue,1993,Drama,0,1527572,0.2290055942337184,7.641,6.8344622931522085,7.641
9906,The Ant Bully,2006,"Fantasy, Adventure, Animation, Comedy, Family",50000000,55200000,0.2289521631571355,5.771,20.665399278532128,5.771
295830,Attack on Titan,2015,"Horror, Action, Science Fiction",0,30810658,0.22804383485522856,6.098,7.1990927305651775,6.098
1360,Frida,2002,"Drama, Romance",12000000,56298474,0.2278301105488975,7.395,16.75782427601991,7.395
10326,Forever Young,1992,"Adventure, Fantasy, Drama, Science Fiction, Romance",20000000,128000000,0.22713550655332157,6.497,31.302846291249075,6.497
2085,Romeo Must Die,2000,"Action, Crime, Thriller",25000000,91036760,0.2266546268640769,6.266,17.98235090245008,6.266
8224,8MM,1999,"Thriller, Crime, Mystery",40000000,96618699,0.22569286748558703,6.469,27.586815061821067,6.469
407436,Mowgli: Legend of the Jungle,2018,"Adventure, Drama",175000000,0,0.22457081487734903,6.5,16.599298219709322,6.5
64807,Grudge Match,2013,Comedy,40000000,44907260,0.22441052164760092,6.1,35.703021018545286,6.1
100241,"I, Frankenstein",2014,"Horror, Thriller",65000000,76801179,0.22398307303493858,5.376,21.781644200263734,5.376
760161,Orphan: First Kill,2022,"Horror, Thriller",10000000,9572765,0.22382277980519047,6.605,13.571101909900602,6.605
376290,Miss Sloane,2016,"Thriller, Drama, Crime",13000000,9101546,0.2227541582735351,7.409,19.303469731367038,7.409
13398,Tokyo Godfathers,2003,"Animation, Drama, Comedy",0,607735,0.2227541582735351,7.922,2.83665253672452,7.922
523607,Maestro,2023,"Drama, Romance, Music",80000000,300000,0.22259386504378695,6.273,20.698211916319575,6.273
9281,Witness,1985,"Crime, Drama, Thriller",12000000,116107459,0.2217923988950455,7.096,19.54710356693881,7.096
241843,Cooties,2014,"Comedy, Horror, Action, Science Fiction, Thriller",0,581011,0.22157867458871444,5.893,13.68040900953002,5.893
568467,Ammonite,2020,"Romance, Drama",0,1396905,0.22115122597605238,6.9,34.75637641837754,6.9
11134,Police Story 3: Super Cop,1992,"Action, Crime, Thriller",900000,34391494,0.2210443638228869,6.902,51.48918105808452,6.902
446807,The Girl in the Spider's Web,2018,"Action, Crime, Thriller",43000000,35164920,0.22072377736339013,6.164,8.393267667041961,6.164
298312,The Visit,2015,"Horror, Thriller",5000000,98450062,0.22029632875072808,6.325,7.06743202144306,6.325
65086,The Woman in Black,2012,"Drama, Horror, Thriller",32000000,129000000,0.21970858690831765,6.14,21.24187630866028,6.14
17927,Fired Up!,2009,Comedy,20000000,18599102,0.2196017247551521,6.114,7.244620265495256,6.114
241554,Run All Night,2015,"Action, Crime, Thriller",50000000,71561644,0.21874682752982805,6.428,29.302300781145863,6.428
175574,Free Birds,2013,"Animation, Comedy, Family",55000000,110000000,0.21874682752982805,5.885,19.541156276339837,5.885
522478,Peter Rabbit 2: The Runaway,2021,"Family, Comedy, Adventure",45000000,153000000,0.21858653430007965,7.048,14.8897597909835,7.048
39939,Super Troopers,2001,"Comedy, Crime, Mystery",3000000,23182223,0.21853310322349698,6.6,5.96390199685409,6.6
266647,Pan,2015,"Fantasy, Adventure, Family, Action",150000000,128388320,0.21773163707475554,5.956,16.757414118047567,5.956
376570,Hush,2016,"Horror, Thriller",1000000,0,0.21682330877284858,6.7,6.913622781814416,6.7
2292,Clerks,1994,Comedy,27575,3151130,0.21682330877284858,7.381,4.149158048222273,7.381
412656,Chaos Walking,2021,"Fantasy, Science Fiction, Adventure",125000000,26508132,0.2155409629348622,6.547,30.296728785091574,6.547
10665,The Strangers,2008,"Horror, Thriller",9000000,83051676,0.21527380755194853,6.124,11.357274254179,6.124
26428,Agora,2009,"Adventure, Drama, History",70000000,39457342,0.21500665216903464,6.986,22.528746946886596,6.986
921,Cinderella Man,2005,"Romance, Drama, History",88000000,108539911,0.21500665216903464,7.571,18.543036850643027,7.571
57876,Area 51,2015,"Horror, Mystery, Science Fiction",5000000,7556,0.21468606570953808,4.923,2.843009985295837,4.923
204922,Before I Go to Sleep,2014,"Thriller, Mystery",22000000,17669776,0.21399146171396213,6.485,24.32975060344492,6.485
651,M*A*S*H,1970,"Comedy, Drama, War",3500000,81600000,0.21345715094813456,6.954,17.01581364062369,6.954
38684,Jane Eyre,2011,"Drama, Romance",13000000,34710627,0.2127625469525586,7.2,15.615329244058351,7.2
11172,Music and Lyrics,2007,"Comedy, Music, Romance",40000000,145896422,0.211587063267738,6.4,20.83746054793004,6.4
12100,Windtalkers,2002,"War, Action",115000000,77600000,0.21062530388924813,6.33,23.35665081406104,6.33
799766,Better Man,2024,"Music, Drama",110000000,22549151,0.21051844173608264,7.628,5.50124380405113,7.628
8688,Snake Eyes,1998,"Crime, Mystery, Thriller",73000000,103900000,0.20977040666392402,6.183,25.359042035039803,6.183
846,The X-Files,1998,"Mystery, Science Fiction, Thriller",66000000,189198313,0.20971697558734115,6.904,14.473654528041477,6.904
172,Star Trek V: The Final Frontier,1989,"Science Fiction, Action, Adventure, Thriller",33000000,63000000,0.20939638912784464,5.734,12.911157732400635,5.734
11948,"Merry Christmas, Mr. Lawrence",1983,"Drama, History, War",0,2306560,0.20912923374493075,7.3,7.712610511938675,7.3
385332,Terminal,2018,"Crime, Drama, Thriller, Action, Comedy, Mystery",0,843970,0.2088086472854342,5.52,24.926530453204048,5.52
76640,The Last Stand,2013,"Action, Crime, Thriller",30000000,0,0.20806061221327563,6.1,20.050572477989903,6.1
2039,Moonstruck,1987,"Comedy, Drama, Romance",15000000,122100000,0.20757973252403067,6.845,18.89515746989953,6.845
11644,Blow Out,1981,"Crime, Mystery, Thriller",18000000,12000000,0.20747287037086518,7.363,19.849389992555633,7.363
24238,Mary and Max,2009,"Animation, Comedy, Drama",8240000,1740429,0.20704542175820312,7.87,10.981979709485111,7.87
6283,MouseHunt,1997,"Comedy, Family",38000000,122417389,0.20586993807338222,6.532,9.350576374490636,6.532
270487,"Hail, Caesar!",2016,"Comedy, Crime, Drama, Mystery, History",22000000,63647656,0.20576307592021673,5.935,25.853077312727002,5.935
9294,Phenomenon,1996,"Drama, Romance, Science Fiction, Fantasy",32000000,152000000,0.20538905838413754,6.465,20.29646218240956,6.465
11816,On Golden Pond,1981,"Drama, Romance",15000000,119285432,0.20506847192464103,7.3,10.710865289766355,7.3
845,Strangers on a Train,1951,"Crime, Thriller",1200000,7000000,0.20432043685248222,7.665,4.235906459372828,7.665
11667,Street Fighter,1994,"Action, Adventure, Comedy, Thriller",35000000,99423521,0.20410671254615115,4.7,22.363043126060006,4.7
21481,Twitches,2005,"Comedy, Drama, Family, Fantasy, TV Movie",20000000,0,0.2031983842442442,6.7,5.556204972345099,6.7
11902,Underground,1995,"Comedy, Drama, War",14000000,0,0.20245034917208563,7.73,4.33167834591493,7.73
403119,47 Meters Down,2017,"Horror, Thriller",5500000,62198461,0.20138172764043025,5.808,11.339637461368248,5.808
826,The Bridge on the River Kwai,1957,"Drama, History, War",2800000,44908000,0.20025967503219225,7.819,7.91809965608254,7.819
37645,22 Bullets,2010,"Drama, Crime, Thriller",24000000,0,0.19951163996003365,6.668,12.53770889858229,6.668
8843,The Cell,2000,"Horror, Science Fiction, Thriller",33000000,104155843,0.1978552765859681,6.267,17.62551346651163,6.267
393624,Official Secrets,2019,"Thriller, History, Drama",0,10100000,0.19630577536506807,7.2,24.997077624447055,7.2
353616,Pitch Perfect 3,2017,"Comedy, Music",45000000,185400345,0.19603861998215413,6.51,18.541191139767484,6.51
17335,Obsessed,2009,"Drama, Thriller",20000000,73830340,0.19518372275682982,5.749,41.20241911172088,5.749
318781,Colonia,2016,"Drama, History",14000000,3621046,0.19502342952708168,7.255,26.82228060137362,7.255
266396,The Gunman,2015,"Action, Drama, Crime",40000000,13644292,0.1948631362973333,5.759,24.385532087683575,5.759
39874,My Bloody Valentine,1981,"Horror, Thriller",2200000,5672031,0.19470284306758512,6.4,3.3085392839051964,6.4
1970,The Grudge,2004,"Horror, Mystery, Thriller",10000000,183474602,0.19464941199100227,5.925,8.453971046948734,5.925
294272,Pete's Dragon,2016,"Adventure, Family, Fantasy",65000000,143695338,0.19422196337834022,6.378,25.477987847019286,6.378
845111,The Three Musketeers: Milady,2023,"Adventure, Action, Drama",39000000,21730766,0.1929930486169367,6.412,10.67107996644908,6.412
11231,The Next Karate Kid,1994,"Action, Drama, Family, Adventure",12000000,15876353,0.1929930486169367,5.399,9.979143467106356,5.399
70578,Trespass,2011,Thriller,36000000,9612469,0.19256560000427467,5.514,31.55960518193583,5.514
82700,After Earth,2013,"Science Fiction, Action, Adventure",130000000,243843127,0.1920312892384471,5.176,24.034026705385582,5.176
523172,Late Night,2019,"Comedy, Drama",4000000,22384741,0.19165727170236768,6.381,21.42460168533911,6.381
4518,Elizabeth,1998,"Drama, History",30000000,82150642,0.19069551232387782,7.168,14.696575386009926,7.168
13291,Traitor,2008,"Drama, Action, Thriller, Crime",22000000,23530831,0.19053521909412968,6.654,17.109124579331734,6.654
14811,Fiddler on the Roof,1971,"Drama, Romance",9000000,83304330,0.1903749258643813,7.741,5.435823607462415,7.741
9040,Serpico,1973,"Crime, Drama",3500000,30800000,0.18957345971563982,7.532,13.122799246129649,7.532
228203,"McFarland, USA",2015,"Drama, Family",0,45710059,0.18845140710740182,7.49,22.601755065963662,7.49
814889,Never Let Go,2024,Horror,20000000,21760713,0.18791709634157427,6.1,14.510978903524693,6.1
14817,Good Burger,1997,"Family, Comedy",8500000,23712993,0.18754307880549487,6.136,6.431482085325163,6.136
8643,The Exorcism of Emily Rose,2005,"Crime, Drama, Horror, Thriller",19000000,145166804,0.18743621665232935,6.605,12.264748767987992,6.605
488,The African Queen,1952,"Romance, Adventure, Drama",1000000,10750000,0.1866347505035881,7.362,6.568064690115399,7.362
9896,Rat Race,2001,"Adventure, Comedy",48000000,85498534,0.18636759512067422,6.283,9.791086036787071,6.283
11024,Scooby-Doo 2: Monsters Unleashed,2004,"Mystery, Adventure, Comedy",80000000,181466833,0.18620730189092582,6.091,22.338843805691763,6.091
522016,The 355,2022,"Action, Adventure, Thriller",75000000,55700000,0.1859935775845948,6.0,27.34174567334609,6.0
17809,Fist of Legend,1994,Action,0,1907743,0.18551269789535013,7.474,18.64947284446605,7.474
15999,Vampire Hunter D: Bloodlust,2001,"Animation, Fantasy, Horror, Action, Adventure, Science Fiction",0,151086,0.18455093851686027,7.658,8.697809961506675,7.658
11797,Fright Night,1985,"Comedy, Horror",9000000,24922237,0.18455093851686027,7.035,6.589597983663409,7.035
230179,Big Game,2014,"Action, Adventure, Thriller",8500000,7500000,0.18380290344470168,5.491,18.052487915720743,5.491
11708,Chitty Chitty Bang Bang,1968,"Family, Adventure, Fantasy, Comedy",10000000,7500445,0.18358917913837067,6.817,6.917519282551677,6.817
721625,Songbird,2020,"Science Fiction, Thriller",2500000,1000000,0.18284114406621185,6.176,18.197478758944012,6.176
12665,Powder,1995,"Drama, Fantasy",9500000,30900000,0.18236026437696715,7.0,9.868195735587562,7.0
2022,Mr. Deeds,2002,"Comedy, Romance",50000000,171269565,0.1803833145434048,5.919,28.96740679672776,5.919
10236,The Way We Were,1973,"Drama, Romance",5000000,50000000,0.17963527947124622,7.0,11.648896572514905,7.0
923,Dawn of the Dead,1978,"Horror, Science Fiction",640000,55000000,0.1792612619351668,7.488,6.2290691259738695,7.488
34813,The Losers,2010,"Action, Adventure, Crime, Mystery, Thriller",25000000,23580000,0.1792078308585842,6.252,35.60745421098937,6.252
10204,Around the World in 80 Days,2004,"Action, Adventure, Comedy",110000000,72178895,0.17899410655225292,5.951,45.234477058839225,5.951
14372,Leviathan,1989,"Adventure, Horror, Thriller, Science Fiction",25000000,15704614,0.17878038224592188,5.97,8.68242903754381,5.97
294963,Bone Tomahawk,2015,"Western, Horror, Drama",1800000,475846,0.17851322686300825,6.879,21.87926179768138,6.879
9620,Paycheck,2003,"Action, Adventure, Mystery, Science Fiction, Thriller",60000000,117248958,0.1780857782503462,6.22,35.17391723422276,6.22
11904,Young Sherlock Holmes,1985,"Mystery, Adventure, Thriller",18000000,63700000,0.17733774317818735,6.744,5.8355225515107145,6.744
496,Borat: Cultural Learnings of America for Make Benefit Glorious Nation of Kazakhstan,2006,Comedy,18000000,262552893,0.17685686348894245,6.8,8.344663947319312,6.8
15137,Evangelion: 1.0 You Are (Not) Alone,2007,"Animation, Science Fiction, Action, Drama",7000000,20121073,0.17621569056994937,7.6,10.26768960064969,7.6
323020,Bis,2015,Comedy,14000000,10846026,0.17578824195728732,5.304,5.834497156579857,5.304
25195,Leap Year,2010,"Romance, Comedy",19000000,32686500,0.17514706903829425,6.896,20.5979282920817,6.896
403300,A Hidden Life,2019,"History, Drama, War",9000000,4645140,0.17487991365538033,7.18,4.8940049259972485,7.18
614911,The Midnight Sky,2020,"Science Fiction, Drama",0,70018,0.1747196204256322,5.736,20.734100738899592,5.736
10242,What Ever Happened to Baby Jane?,1962,"Drama, Horror, Thriller",980000,0,0.1742921718129699,7.902,11.849668899976825,7.902
1833,Rent,2005,"Drama, Romance",40000000,31670620,0.1732769813578974,6.843,8.896736578093053,6.843
14405,Beverly Hills Chihuahua,2008,"Comedy, Family, Adventure, Romance",20000000,149281606,0.17210149767307678,5.386,25.784170773373372,5.386
64328,The Muppets,2011,"Family, Comedy, Music",45000000,165184237,0.17151375583066633,6.68,20.94697272654563,6.68
18487,The Taking of Pelham 1 2 3,2009,"Crime, Thriller, Action",100000000,150166126,0.17087258291167326,6.4,27.398142394543264,6.4
639721,The Addams Family 2,2021,"Animation, Family, Comedy, Fantasy, Adventure",0,119815153,0.17076572075850777,6.938,30.046737500948495,6.938
378,Raising Arizona,1987,"Comedy, Crime",6000000,29180280,0.17023140999267997,7.048,23.18028288595353,7.048
438674,Dragged Across Concrete,2019,"Crime, Action, Thriller",15000000,660132,0.17007111676293182,6.601,20.13465486232023,6.601
998846,Back to Black,2024,"Music, History, Drama",30000000,51001975,0.16948337492052137,6.7,16.48322351353624,6.7
10226,High Tension,2003,"Horror, Thriller, Mystery",2500000,6291958,0.16788044262303845,6.762,9.414561018176151,6.762
355547,The Star,2017,"Animation, Comedy, Adventure, Family, Fantasy",10000000,0,0.16729270078062825,6.446,13.668719507318244,6.446
28971,Limelight,1952,"Romance, Drama, Music",900000,1000000,0.16691868324454884,7.903,5.538158021562006,7.903
10218,Swingers,1996,"Comedy, Drama",200000,4505922,0.1663843724787213,6.849,12.270080821628452,6.849
4244,The Kid,2000,"Fantasy, Comedy, Family",65000000,110317580,0.16611721709580737,6.743,15.404918204246364,6.743
40807,50/50,2011,"Comedy, Drama",8000000,39187783,0.16595692386605898,7.181,25.41892509900189,7.181
768362,Missing,2023,"Drama, Mystery, Thriller",7000000,45100756,0.1653157509470659,7.397,7.96916432363925,7.397
799876,The Outfit,2022,"Crime, Drama, Thriller, Mystery",5000000,4000000,0.1652623198704833,7.093,14.26406380417418,7.093
37933,Tales from Earthsea,2006,"Animation, Fantasy, Adventure",22000000,68625104,0.16408683618566242,6.529,4.677851674572462,6.529
93837,So Undercover,2012,"Action, Comedy",15000000,2500000,0.16355252541983484,6.1,12.015577799789591,6.1
22582,Tom and Jerry: The Movie,1992,"Animation, Comedy, Family, Music",3500000,3600000,0.16344566326666932,6.33,6.615232856934849,6.33
11551,Small Soldiers,1998,"Comedy, Adventure, Fantasy, Science Fiction, Action",40000000,54682547,0.1624839038881795,6.555,25.15355289089593,6.555
303,Notorious,1946,"Thriller, Romance, Mystery",2000000,24500000,0.15922460821663098,7.733,11.698525687168413,7.733
306819,The Danish Girl,2015,Drama,15000000,64200000,0.1587437285273863,7.553,15.97052604810743,7.553
227700,Anna,2013,"Thriller, Drama",4357373,1200000,0.1586368663742208,6.486,15.057924559644148,6.486
10975,Operation Condor,1991,"Action, Adventure, Crime, Thriller",15000000,24100000,0.15804912453181036,7.335,48.36008588707942,7.335
284276,Cake,2014,Drama,7000000,2360281,0.15751481376598278,6.27,17.127786767073342,6.27
10110,Empire of the Sun,1987,"Drama, History, War",35000000,66700000,0.15692707192357236,7.501,17.9915794568278,7.501
23830,Last Night,2010,"Drama, Romance",7000000,7644937,0.15682020977040684,6.147,24.118109089715908,6.147
1857,The Transformers: The Movie,1986,"Animation, Science Fiction, Action, Adventure, Family",6000000,5860601,0.1562324679279964,7.118,9.939153064802909,7.118
369192,Battle of the Sexes,2017,"Drama, Comedy, History",25000000,12638526,0.15617903685141354,6.8,31.084232091990234,6.8
11033,Dressed to Kill,1980,"Thriller, Mystery, Horror",6500000,31899000,0.1557515882387515,6.963,15.231011223972915,6.963
110,Three Colors: Red,1994,"Drama, Mystery, Romance",0,4127033,0.15372120732860653,7.906,4.02775128840873,7.906
16307,The Wicker Man,1973,Horror,810000,885371,0.1523854304140375,7.333,10.117366703785967,7.333
900,Bringing Up Baby,1938,"Comedy, Romance",1073000,0,0.1523854304140375,7.524,9.071053716338849,7.524
368031,Friend Request,2016,"Horror, Thriller",9900000,10975390,0.15195798180137546,5.554,9.250907987211274,5.554
6038,Shanghai Knights,2003,"Action, Adventure, Comedy, Western",50000000,88323487,0.1515305331887134,6.139,53.001228423127166,6.139
838,American Graffiti,1973,"Comedy, Drama",777000,140000000,0.151370239958965,7.034,11.767432226522045,7.034
9036,Eight Below,2006,"Adventure, Drama, Family",40000000,120453565,0.15067563596338907,7.035,14.465041210622273,7.035
649609,Renfield,2023,"Comedy, Fantasy, Horror",65000000,26874347,0.15062220488680642,6.451,29.37202763644418,6.451
11782,Hard Boiled,1992,"Action, Thriller, Crime",4500000,2592782,0.1504084805804754,7.525,19.640004347674513,7.525
9268,Eraser,1996,"Action, Mystery, Thriller",100000000,242295562,0.14998103196781334,6.08,20.086051142597576,6.08
9208,Broken Arrow,1996,"Action, Thriller",50000000,150300000,0.14950015227856842,6.061,19.755258737902906,6.061
9986,Charlotte's Web,2006,"Comedy, Family, Fantasy",85000000,148964660,0.149126134742489,6.227,29.499586765842867,6.227
60747,Red Dawn,2012,"Action, Thriller",65000000,44806783,0.1488589793595751,5.71,20.776552089037096,5.71
19,Metropolis,1927,"Drama, Science Fiction",5300000,1350322,0.14880554828299247,8.095,4.824893307657445,8.095
2043,Along Came a Spider,2001,"Crime, Mystery, Thriller, Action",60000000,105200000,0.14864525505324408,6.34,23.51702258124717,6.34
8780,Baby Mama,2008,"Comedy, Romance",30000000,64400000,0.1479506510576684,6.0,9.468496791539263,6.0
10234,Funny Games,1997,"Drama, Horror, Thriller",0,2506,0.14693546060259588,7.304,4.44877844701887,7.304
16007,Death Note,2006,"Fantasy, Mystery, Thriller",20000000,29667169,0.146668305219682,7.063,5.235461437972837,7.063
1440,Little Children,2006,"Drama, Romance",26000000,14821658,0.146668305219682,7.07,43.94432515683416,7.07
1245,The Remains of the Day,1993,"Drama, Romance",11500000,23240144,0.14645458091335095,7.4,26.613510193451006,7.4
3767,Gilda,1946,"Romance, Drama, Thriller",2000000,6000000,0.14469135538611988,7.469,5.731342426535582,7.469
9289,The Longest Day,1962,"War, Action, Drama",10000000,50100000,0.14394332031396107,7.607,12.645990603280854,7.607
98357,Broken City,2013,"Thriller, Crime, Drama",56000000,34737199,0.1437830270842129,5.947,26.07661340765396,5.947
13342,Fast Times at Ridgemont High,1982,"Comedy, Romance",4500000,27100000,0.1434090095481335,6.799,19.625033581683986,6.799
41479,The Joneses,2010,"Comedy, Drama",10000000,7022728,0.14266097447597492,6.187,36.520465857424995,6.187
445651,The Darkest Minds,2018,"Action, Adventure, Drama",34000000,41142379,0.14218009478673,7.025,9.666603092180955,7.025
552178,Dark Waters,2019,"Drama, Thriller",20000000,13601384,0.14212666371014712,7.5,34.685829247134535,7.5
354287,War Machine,2017,"Comedy, Drama, War",60000000,0,0.14169921509748507,5.607,31.063724193373083,5.607
11453,Deuce Bigalow: European Gigolo,2005,Comedy,22000000,45109561,0.14164578402090242,5.3,9.985295836691503,5.3
390062,Jungle,2017,"Adventure, Drama, Thriller",0,1906640,0.14132519756140588,6.6,15.171948475955515,6.6
978,Seven Years in Tibet,1997,"Adventure, Drama, History",70000000,131457682,0.14127176648482304,7.161,33.90714433664126,7.161
9759,Cellular,2004,"Action, Thriller, Drama, Crime",25000000,57678321,0.141058042178492,6.4,71.53893322012975,6.4
2289,Cold Mountain,2003,"War, History, Adventure, Romance",79000000,173013509,0.13849335050251946,6.939,23.675138479585414,6.939
259072,Wrong Turn 6: Last Resort,2014,Horror,1200000,0,0.13763845327719512,5.405,5.749389377318675,5.405
12184,The Other Boleyn Girl,2008,"Drama, Romance, History",35000000,78269970,0.13763845327719512,6.698,45.98691185910254,6.698
332567,The Shallows,2016,"Horror, Drama, Thriller",17000000,119100758,0.1375850222006125,6.351,15.212964273189822,6.351
63492,What's Your Number?,2011,"Comedy, Romance",20000000,30426096,0.1374247289708641,6.464,25.133660229237293,6.464
6415,Three Kings,1999,"Action, Comedy, War",75000000,108000000,0.1373178668176986,6.643,30.67591983052273,6.643
2604,Born on the Fourth of July,1989,"Drama, War",14000000,161001698,0.13624924528604346,7.0,33.997584169542904,7.0
11546,Police Academy: Mission to Moscow,1994,"Comedy, Crime",10000000,126247,0.13592865882654667,4.602,4.147107258360558,4.602
15144,Sixteen Candles,1984,"Comedy, Romance",6500000,23686027,0.13502033052463994,6.751,12.151955325593653,6.751
96724,Anna Karenina,2012,"Drama, Romance, History",40600000,68929150,0.13320367392082602,6.708,25.157039233660843,6.708
9570,The Black Hole,1979,"Adventure, Science Fiction, Action",20000000,35841901,0.1316007416233431,5.833,6.681473369468252,5.833
1623,Brubaker,1980,"Crime, Drama",9000000,37121708,0.13149387947017757,7.083,11.895401513893077,7.083
71670,Hostel: Part III,2011,Horror,6000000,0,0.1306924133214361,5.095,6.869325720801369,5.095
10316,The Ides of March,2011,Drama,12500000,76338111,0.13026496470877405,6.676,33.265452188910565,6.676
511809,West Side Story,2021,"Drama, Romance, Crime",100000000,76016171,0.12978408501952912,6.944,9.179335421037415,6.944
1542,Office Space,1999,Comedy,10000000,12800000,0.12946349856003259,7.371,14.466476763525474,7.371
10676,Halloween III: Season of the Witch,1982,"Horror, Science Fiction, Mystery",2500000,14402425,0.12604390965873571,5.245,5.037560216317315,5.245
26123,American Pie Presents: The Book of Love,2009,Comedy,8000000,5021219,0.12566989212265653,5.255,3.956793959193384,5.255
11462,Suspicion,1941,"Mystery, Romance, Thriller",1103000,4500000,0.12556302996949104,7.128,9.331504028776685,7.128
7305,Alive,1993,"Adventure, Drama, History",32000000,36700000,0.12492185705049773,6.887,11.603984274543341,6.887
12090,Just Married,2003,"Romance, Comedy",18000000,101564935,0.12257088968085622,5.786,20.08174448388797,5.786
55931,The Animatrix,2003,"Animation, Science Fiction",5000000,68000000,0.12230373429794256,7.209,26.146750420924626,7.209
550205,Wish Dragon,2021,"Animation, Family, Comedy, Fantasy, Romance, Adventure",0,25860000,0.12209000999161153,7.851,8.566969568329244,7.851
635,Angel Heart,1987,"Horror, Mystery",17000000,17185954,0.1213419749194527,7.127,25.739873712360318,7.127
10351,Wishmaster,1997,"Horror, Fantasy",5000000,15738769,0.12075423307704226,6.092,7.1279303223636585,6.092
10160,A Nightmare on Elm Street: The Dream Child,1989,"Horror, Thriller",8000000,22168359,0.12075423307704226,5.418,7.192530203007689,5.418
10323,Clash of the Titans,1981,"Adventure, Fantasy, Action",12000000,41092328,0.1203802155409631,6.892,12.418558007616635,6.892
10997,Farewell My Concubine,1993,Drama,4000000,6400000,0.12021992231121471,7.9,10.352387221938532,7.9
9255,Hot Shots! Part Deux,1993,"Action, Comedy, War",25000000,133752825,0.11925816293272509,6.541,11.797168679516918,6.541
581387,Ashfall,2019,"Action, Adventure, Thriller",17700000,61321941,0.11824297247765261,6.84,15.130112362776524,6.84
1251,Letters from Iwo Jima,2006,"Action, Drama, War",19000000,68673228,0.11813611032448709,7.48,9.69859541402371,7.48
10283,Friday the 13th Part VIII: Jason Takes Manhattan,1989,"Horror, Thriller",5300000,14343976,0.11738807525232828,4.948,8.295855148610489,4.948
1116,The Wind That Shakes the Barley,2006,"Drama, War",6500000,22900000,0.11685376448650071,7.3,23.39192439968254,7.3
199,Star Trek: First Contact,1996,"Science Fiction, Action, Adventure, Thriller",46000000,146027888,0.11626602264409028,7.294,10.178890399637423,7.294
55341,Jeepers Creepers 3,2017,Horror,6200000,4017852,0.11257927835987974,4.92,6.1339124763902815,4.92
33542,Rumble in the Bronx,1995,"Crime, Action, Comedy, Thriller",7500000,76028558,0.1122586919003832,6.821,46.406298385823305,6.821
9904,The Wild,2006,"Family, Animation",80000000,102338515,0.11172438113455564,5.5,14.417052727858138,5.5
11873,The Color of Money,1986,Drama,13800000,52293982,0.11119007036872808,6.852,39.429511276268066,6.852
308504,Last Knights,2015,"Action, Adventure",40000000,3643591,0.1111366392921452,6.4,22.647897837852252,6.4
21778,RRRrrrr!!!,2004,Comedy,17820000,14054361,0.11060232852631764,6.29,6.911571991952702,6.29
26022,My Name Is Khan,2010,"Drama, Romance",12000000,42345360,0.11033517314340376,8.03,23.21699202447823,8.03
224141,Into the Woods,2014,"Fantasy, Comedy",50000000,212902372,0.11012144883707273,5.8,15.559957917792042,5.8
11113,My Fair Lady,1964,"Comedy, Romance",17000000,72661442,0.11006801776048984,7.507,12.549603479780238,7.507
625568,Unhinged,2020,"Action, Thriller, Horror",33000000,39238300,0.10953370699466228,6.438,9.8880883972462,6.438
4970,Gothika,2003,"Horror, Thriller, Mystery",40000000,141591324,0.1090528273054176,6.1,26.413968339906113,6.1
95610,Bridget Jones's Baby,2016,"Drama, Comedy, Romance",35000000,211952420,0.10664842885919322,6.411,19.51059950740028,6.411
9443,Chariots of Fire,1981,"Drama, History",5500000,58972904,0.10643470455286219,6.774,8.648385925839339,6.774
89492,This Is 40,2012,Comedy,35000000,88200000,0.10632784239969668,5.896,17.07385099371023,5.896
4552,A Tale of Two Sisters,2003,"Drama, Horror, Mystery",15100000,1100000,0.10520578979145867,7.101,5.362405330413009,7.101
149871,The Tale of The Princess Kaguya,2013,"Animation, Drama, Fantasy",49300000,24366656,0.10493863440854478,8.094,5.347024406450145,8.094
901,City Lights,1931,"Comedy, Drama, Romance",1500000,4250000,0.10392344395347228,8.257,5.7867137528018935,8.257
487297,What Men Want,2019,"Comedy, Romance",20000000,69766483,0.10269452919206877,6.214,20.32558339844591,6.214
2976,Hairspray,2007,"Comedy, Romance, Drama",75000000,90450008,0.10232051165598936,6.659,16.82221907767777,6.659
44113,Stone,2010,"Drama, Thriller, Action, Mystery",22000000,9479718,0.10151904550724815,5.294,35.05312571136774,5.294
132363,The Butler,2013,Drama,25000000,177313795,0.09986268213318233,7.329,10.815865730686175,7.329
371645,Hunt for the Wilderpeople,2016,"Adventure, Comedy, Drama",2500000,23900000,0.09932837136735477,7.65,12.1609788009852,7.65
175,The Big Blue,1988,"Romance, Adventure, Drama",13500000,4000000,0.09927494029077191,7.4,11.346199988925736,7.4
687,Dead Man Walking,1995,Drama,11000000,39363635,0.09911464706102377,7.321,22.00333458431515,7.321
80035,The Watch,2012,"Comedy, Action, Science Fiction",68000000,68267862,0.0987940606015272,5.592,17.66591402678742,5.592
9722,Bewitched,2005,"Comedy, Fantasy, Romance",85000000,131426169,0.09874062952494435,5.1,29.39479140390922,5.1
5680,Elvira: Mistress of the Dark,1988,"Comedy, Fantasy, Horror",7500000,5596267,0.09847347414203068,6.678,4.738349975493063,6.678
11587,The Exorcist III,1990,Horror,9300000,39024251,0.09831318091228229,6.262,10.922916961467712,6.262
10495,The Karate Kid Part III,1989,"Action, Family, Drama, Adventure",12500000,38956288,0.09761857691670635,5.927,8.972615802976518,5.927
399366,Marrowbone,2017,"Thriller, Horror, Mystery",8000000,12294931,0.09692397292113039,7.287,24.575845386850748,7.287
171424,The Green Inferno,2013,"Adventure, Horror",5000000,12931420,0.0963362310787202,5.734,5.537542784603491,5.734
553604,Honest Thief,2020,"Thriller, Action, Crime",0,31220247,0.09622936892555468,6.478,23.53035271534832,6.478
3512,Under Siege 2: Dark Territory,1995,"Action, Thriller",60000000,104324083,0.09612250677238918,5.85,17.05785483278885,5.85
22825,The Box,2009,"Thriller, Science Fiction",30000000,33333531,0.0960690756958063,5.634,18.42142501184331,5.634
426543,The Nutcracker and the Four Realms,2018,"Fantasy, Adventure, Family",120000000,173961069,0.09542790277681322,6.086,8.101030111747539,6.086
230222,Tarzan,2013,"Animation, Action, Adventure, Family",0,44095996,0.0949470230875683,5.663,7.425294852312369,5.663
1847,The Long Goodbye,1973,"Mystery, Drama, Crime",1700000,959000,0.09419898801540971,7.406,10.5312160978801,7.406
458594,Peppermint,2018,"Action, Thriller",25000000,53918723,0.09414555693882684,6.737,11.674736524772518,6.737
9944,The Pelican Brief,1993,"Thriller, Crime, Drama",45000000,195268056,0.09393183263249581,6.591,25.165242393107707,6.591
91586,Insidious: Chapter 2,2013,"Horror, Thriller",5000000,161921515,0.09366467724958191,6.679,16.46804766855955,6.679
11636,New Police Story,2004,"Action, Thriller, Crime, Drama",20000000,8712057,0.09291664217742333,7.14,45.96906998730562,7.14
284536,The Gambler,2014,"Thriller, Crime, Drama",25000000,39171130,0.09227546925843025,6.018,25.48803671734169,6.018
277834,Moana,2016,"Adventure, Comedy, Family, Animation",150000000,690860472,0.09206174495209923,7.564,17.02668282689078,7.564
12279,Spy Kids 3-D: Game Over,2003,"Family, Action, Comedy, Adventure, Science Fiction",38000000,197101678,0.09190145172235084,5.139,10.00108691862671,5.139
4379,Monster-in-Law,2005,"Romance, Comedy",43000000,154749918,0.0918480206457682,6.212,16.17232377050021,6.212
9909,Dangerous Minds,1995,Drama,23000000,179519401,0.09136714095652329,6.961,10.355258327744933,6.961
8452,The 6th Day,2000,"Science Fiction, Action, Mystery, Drama, Thriller",82000000,96085477,0.08912303574004729,5.993,18.6347071574617,5.993
10973,Creature from the Black Lagoon,1954,"Adventure, Horror, Science Fiction",0,1300000,0.08880244928055075,6.8,5.024640240188509,6.8
800815,The Pale Blue Eye,2022,"Thriller, Crime, Horror, Mystery",72000000,0,0.08864215605080236,6.811,14.219151506202612,6.811
1412,"sex, lies, and videotape",1989,Drama,1200000,24741667,0.08853529389763685,6.938,16.637442911137228,6.938
287424,Maggie,2015,"Horror, Drama, Science Fiction",4000000,187112,0.08757353451914723,5.402,18.557392379675033,5.402
384682,Office Christmas Party,2016,Comedy,45000000,114500000,0.08741324128939885,5.709,23.54142698060158,5.709
402529,All Eyez on Me,2017,"History, Drama, Music",40000000,55668698,0.08725294805965046,6.711,9.522637643888544,6.711
446021,Bad Times at the El Royale,2018,"Thriller, Mystery, Crime",32000000,31882724,0.08719951698306783,6.846,18.423270722718858,6.846
10514,The Andromeda Strain,1971,"Science Fiction, Thriller",6500000,12376563,0.0858637400684988,7.1,6.695828898500259,7.1
9913,The Skeleton Key,2005,"Drama, Horror, Mystery, Thriller",43000000,93983911,0.08548972253241939,6.623,19.303059573394695,6.623
451955,Double Lover,2017,"Romance, Thriller, Drama",7110000,4248574,0.08511570499633998,6.085,10.413500759817644,6.085
109431,Identity Thief,2013,"Comedy, Crime",35000000,173965010,0.08506227391975733,5.852,18.395995217558045,5.852
8066,Stay,2005,"Mystery, Thriller, Drama",50000000,8342132,0.08356620377543993,6.6,31.98370852533854,6.6
14337,Primer,2004,"Science Fiction, Drama, Thriller",7000,545436,0.08345934162227442,6.761,4.194070346193838,6.761
10477,Driven,2001,"Action, Drama",94000000,54744738,0.08276473762669848,5.134,22.904656728538995,5.134
483184,Dogman,2018,"Crime, Drama, Thriller",0,5080147,0.08265787547353295,7.517,3.292338043997646,7.517
1551,Flatliners,1990,"Drama, Science Fiction, Horror",26000000,61489265,0.08249758224378481,6.501,26.74024900690501,6.501
351819,Fifty Shades of Black,2016,"Romance, Comedy",20000000,21164799,0.08207013363112252,4.9,16.429082661186957,4.9
156717,Death Race: Inferno,2013,"Action, Science Fiction, Thriller",6500000,0,0.0811083742526329,5.87,16.413906816210265,5.87
10303,The Jewel of the Nile,1985,"Adventure, Action, Comedy, Romance",25000000,96800000,0.08062749456338798,6.21,18.8752648082409,6.21
398173,The House That Jack Built,2018,"Drama, Horror, Crime, Thriller",9800000,5566776,0.08052063241022248,7.132,25.838311625722653,7.132
4176,Murder on the Orient Express,1974,"Drama, Thriller, Mystery",1400000,35700000,0.08046720133363984,7.1,9.305869155505244,7.1
11586,Exorcist II: The Heretic,1977,Horror,14000000,30749142,0.07870397580640853,4.535,11.958360762647736,4.535
6312,Brotherhood of the Wolf,2001,"Adventure, Horror, Action, History",29000000,70800000,0.07854368257666038,6.725,10.442621975854001,6.725
110420,Wolf Children,2012,"Animation, Family, Drama, Fantasy",0,55262158,0.07784907858108442,8.218,5.263762338064507,8.218
744857,When Evil Lurks,2023,"Horror, Thriller",0,2090252,0.07731476781525687,7.163,5.59804108552409,7.163
11323,The Informant!,2009,"Drama, Comedy, Crime",22000000,41771168,0.07640643951334988,6.155,25.774532061023304,6.155
553,Dogville,2003,"Crime, Drama, Thriller",10000000,16690617,0.07613928413043598,7.758,22.491832729375723,7.758
13855,The Chaser,2008,"Crime, Thriller, Action",2600000,0,0.07576526659435681,7.764,6.130015975653023,7.764
7735,The Wave,2008,"Drama, Thriller",7500000,32350637,0.075017231522198,7.481,6.64496930992972,7.481
11879,Near Dark,1987,Horror,5000000,3400000,0.07405547214370839,6.843,9.527969697529004,6.843
11561,Sleeper,1973,"Comedy, Science Fiction",2000000,18344729,0.07346773030129794,6.869,11.018278690037468,6.869
382591,Two Is a Family,2016,"Drama, Comedy",0,1447740,0.07320057491838404,7.726,7.782952604195508,7.726
325348,Hardcore Henry,2015,"Action, Adventure, Science Fiction",2000000,16810562,0.072773126305722,6.397,8.483912578929775,6.397
606952,The Goddess of Fortune,2019,Drama,4000000,8277796,0.07255940199939097,7.095,7.0518460184940235,7.095
11416,The Mission,1986,"Adventure, Drama, Action, History",24500000,17200000,0.07234567769305994,7.4,23.869553358476022,7.4
12572,"New York, I Love You",2008,"Comedy, Drama, Romance",14700000,9961023,0.07229224661647707,5.944,24.663414113945986,5.944
592,The Conversation,1974,"Crime, Drama, Mystery",1600000,4794457,0.07213195338672893,7.503,9.475879635041435,7.503
9779,The Sisterhood of the Traveling Pants,2005,"Drama, Comedy, Romance",25000000,39053061,0.07106333185507356,6.516,10.90384461575376,6.516
8440,Carandiru,2003,Drama,3684600,10782155,0.07031529678291497,7.573,2.1190811641103577,7.573
5820,The Sentinel,2006,"Action, Thriller, Crime",60000000,78810595,0.07031529678291497,6.064,18.10765416300088,6.064
236751,Heaven Is for Real,2014,Drama,12000000,101300000,0.07015500355316659,6.769,16.76049030284014,6.769
459003,Mavka: The Forest Song,2023,"Animation, Adventure, Family, Fantasy",5000000,17974964,0.0695138306341735,7.142,3.794371402145537,7.142
13836,Race to Witch Mountain,2009,"Adventure, Family, Fantasy, Science Fiction, Thriller, Action",50000000,106387141,0.06764374295377693,5.8,25.104333934214768,5.8
590223,Love and Monsters,2020,"Comedy, Adventure, Science Fiction",30000000,1122066,0.06694913895820098,7.274,17.960817608902076,7.274
11185,"See No Evil, Hear No Evil",1989,"Comedy, Crime",18000000,46900000,0.06668198357528708,6.757,6.6687584723256155,6.757
241257,Regression,2015,"Horror, Mystery, Thriller",20000000,17671101,0.06363641221006962,5.576,35.97803193900131,5.576
486589,Red Shoes and the Seven Dwarfs,2019,"Animation, Fantasy, Family, Comedy, Romance, Adventure",20000000,10054356,0.06299523929107655,7.705,4.578798524251615,7.705
2046,The Gift,2000,"Horror, Drama, Thriller, Mystery",10000000,12008642,0.06278151498474552,6.472,33.16311777481097,6.472
293,A River Runs Through It,1992,"Drama, Family",12000000,43440294,0.06278151498474552,7.029,32.44144482247337,7.029
104,Run Lola Run,1998,"Action, Drama, Thriller",1530000,7660911,0.06256779067841449,7.3,9.520791933013003,7.3
10019,Mannequin,1987,"Comedy, Romance, Fantasy",6000000,42700000,0.06203347991258694,6.852,19.14371320113942,6.852
431,Cube,1998,"Thriller, Science Fiction, Mystery",257899,8969065,0.06181975560625591,6.814,6.404821817122865,6.814
10644,The Unbearable Lightness of Being,1988,"Drama, Romance",17000000,10000000,0.05978937469611093,6.877,14.87253315614509,6.877
9678,Little Nicky,2000,"Comedy, Fantasy",85000000,58292295,0.059629081466362546,5.845,20.884218556777142,5.845
982,The Manchurian Candidate,1962,"Thriller, Drama",2200000,7700000,0.05930849500686602,7.511,8.223052108519596,7.511
12088,Fortress,1992,"Action, Thriller, Science Fiction",8000000,6739141,0.05818644239862801,6.0,10.389916676407921,6.0
16958,The Asphalt Jungle,1950,"Crime, Drama",1232000,0,0.05775899378596596,7.489,5.740365901927128,7.489
624,Easy Rider,1969,"Adventure, Drama",400000,60000000,0.05754526947963494,7.051,16.31875016662668,7.051
11649,Masters of the Universe,1987,"Action, Fantasy, Science Fiction, Adventure, Thriller",22000000,17336370,0.05749183840305206,5.7,32.15330884690239,5.7
2639,Deconstructing Harry,1997,"Comedy, Drama",20000000,10686841,0.057438407326469425,7.252,9.272031122786943,7.252
418078,It Comes at Night,2017,"Drama, Horror, Mystery",5000000,19280931,0.05631635471823143,5.9,7.537473057748191,5.9
609242,The Heist of the Century,2020,"Comedy, Thriller, Crime",0,7627100,0.055995768258734646,7.734,6.8196966061478586,7.734
331962,Exposed,2016,"Drama, Crime, Thriller, Mystery",0,269915,0.054927146727079525,4.9,43.047104592333746,4.9
575813,Better Days,2019,"Drama, Crime, Romance",0,225879065,0.05465999134416563,8.1,13.274762774882747,8.1
11001,Blue Streak,1999,"Action, Comedy, Crime",65000000,117758500,0.05204186859161045,6.5,11.801475338226519,6.5
10835,The Killer,1989,"Action, Crime, Drama, Thriller",0,2350174,0.05198843751502758,7.6,11.9427747596987,7.6
10328,Cocoon,1985,"Comedy, Science Fiction, Mystery, Drama",17500000,85300000,0.05166785105553105,6.629,9.116171093296584,6.629
254191,Honeymoon,2014,"Horror, Science Fiction",1000000,9318,0.05001148768146548,5.4,9.47095773937332,5.4
11202,Patton,1970,"War, Drama, History",12000000,89800000,0.049851194451717096,7.476,6.8803999860546305,7.476
10521,Bride Wars,2009,"Comedy, Romance",30000000,115375850,0.049851194451717096,6.249,35.97044401651296,6.249
16866,Planet 51,2009,"Animation, Family, Comedy, Science Fiction, Adventure",70000000,104945765,0.04953060799222056,5.887,28.048447859693166,5.887
201,Star Trek: Nemesis,2002,"Science Fiction, Action, Adventure, Thriller",60000000,67336470,0.04894286614981013,6.301,10.178890399637423,6.301
150,48 Hrs.,1982,"Crime, Action, Comedy",12000000,78868508,0.04894286614981013,6.676,21.734065875471938,6.676
29437,Rabid,1977,"Horror, Science Fiction",530000,0,0.048729141843479096,6.3,20.54563315060796,6.3
455236,Accident Man,2018,"Action, Crime, Thriller",0,43500000,0.048675710766896224,6.259,19.622162475877587,6.259
592350,My Hero Academia: Heroes Rising,2019,"Animation, Action, Fantasy, Adventure",0,30017163,0.04856884861373071,8.1,7.185352438491685,8.1
11237,Anacondas: The Hunt for the Blood Orchid,2004,"Adventure, Horror, Thriller",20000000,70992898,0.04803453784790315,5.5,6.532175867535382,5.5
10663,The Waterboy,1998,Comedy,23000000,185991646,0.04803453784790315,6.051,24.78461579477336,6.051
1262,Stranger Than Fiction,2006,"Drama, Comedy, Romance, Fantasy",30000000,53653224,0.04803453784790315,7.282,20.62376824433931,7.282
6435,Practical Magic,1998,"Romance, Comedy, Fantasy",75000000,46733235,0.04798110677132051,6.8,30.01782136389831,6.8
10761,Made of Honor,2008,"Comedy, Romance",40000000,106407672,0.04728650277574457,6.4,15.346880851159824,6.4
227156,The Giver,2014,"Drama, Science Fiction",25000000,66980456,0.04707277846941354,6.558,18.744219336077293,6.558
760926,Gold,2022,"Action, Adventure, Thriller",6500000,176048,0.046752192009917,6.195,13.965263721322268,6.195
11560,High Crimes,2002,"Drama, Mystery, Thriller, Crime",42000000,63781810,0.046752192009917,6.346,29.60069070602543,6.346
193610,The Other Woman,2014,"Comedy, Romance",40000000,196800000,0.04659189878016862,6.423,15.011781787755554,6.423
434555,The Possession of Hannah Grace,2018,"Horror, Drama",9500000,43000000,0.0462178812440892,5.627,9.259316225644307,5.627
339988,The Circle,2017,"Drama, Thriller, Science Fiction",18000000,40651864,0.0450958286358512,5.525,48.63017491186731,5.525
4643,The Guardian,2006,"Action, Adventure, Drama",10000000,94973540,0.04504239755926857,7.136,29.43416656925415,7.136
533642,Child's Play,2019,"Horror, Thriller",10000000,44902237,0.044828673252937545,5.963,16.047225588935582,5.963
4192,Death on the Nile,1978,Mystery,7920000,14560084,0.04466838002318916,7.145,8.38896100833236,7.145
585245,Clifford the Big Red Dog,2021,"Family, Adventure, Comedy, Fantasy",64000000,116586376,0.04445465571685813,7.154,5.714525949669516,7.154
925,Do the Right Thing,1989,Drama,6500000,37300000,0.04418750033394423,7.8,5.4019855747441134,7.8
10033,Just Friends,2005,"Comedy, Romance",0,50817508,0.043866913874447695,6.205,28.55704374539855,6.205
1594,A Shot in the Dark,1964,"Comedy, Mystery, Crime",0,12368234,0.042370843730130524,7.173,7.598176437654964,7.173
9304,Multiplicity,1996,"Comedy, Fantasy, Science Fiction, Romance",45000000,21075014,0.041622808657971695,5.8,14.603469526288052,5.8
13474,P2,2007,"Horror, Thriller",3500000,7766240,0.041409084351640674,6.235,10.170482161204388,6.235
347866,Hot Summer Nights,2018,"Drama, Crime",0,246133,0.04114192896872701,6.625,32.78454196633834,6.625
11293,Paper Moon,1973,"Comedy, Crime, Drama",2500000,30900000,0.040981635738978624,7.863,7.6824639009714595,7.863
848058,Piggy,2022,"Drama, Horror",2400000,543064,0.040287031743402674,6.579,4.557470309689777,6.579
10778,The Man Who Wasn't There,2001,"Crime, Drama",20000000,18918721,0.03927184128833019,7.511,13.613758339024276,7.511
10576,Psycho II,1983,"Horror, Mystery, Thriller",5000000,34725000,0.03660028745919214,6.496,8.835828119200112,6.496
15789,A Goofy Movie,1995,"Adventure, Comedy, Romance, Animation, Family",18000000,35348597,0.03622626992311273,7.019,7.850628669632109,7.019
8867,The Punisher,1989,"Action, Crime, Drama, Thriller",9000000,0,0.03553166592753678,5.764,15.15820818388202,5.764
472674,The Goldfinch,2019,Drama,40000000,0,0.035478234850954145,7.138,17.285697586425414,7.138
118957,Bait,2012,Horror,33492566,32500000,0.035264510544623116,5.656,5.9450347301263085,5.656
1480,Touch of Evil,1958,"Crime, Thriller, Drama",829000,2247500,0.0351576483914576,7.75,10.029387818718382,7.75
4771,Gone Baby Gone,2007,"Crime, Drama, Mystery",19000000,34600000,0.035050786238292095,7.305,27.716014823109127,7.305
42684,Skyline,2010,"Science Fiction, Action, Thriller",10500000,66984887,0.034516475472464295,5.011,13.53049627063864,5.011
10153,Sphere,1998,"Science Fiction, Mystery, Thriller",80000000,37020277,0.03440961331929878,6.125,28.656507053691733,6.125
24150,Halloween II,2009,Horror,10000000,39421467,0.03221893917940566,5.3,7.9363516858518075,5.3
7270,Matchstick Men,2003,"Comedy, Drama, Crime, Thriller",62000000,65565672,0.03120374872433317,7.002,26.645912673266114,7.002
333352,Eye in the Sky,2015,"Drama, Thriller, War",13000000,18704595,0.029921402886346787,7.002,25.91624164046783,7.002
68817,Footloose,2011,"Drama, Music, Romance",24000000,63543328,0.029333661043936587,6.584,11.734619588734601,6.584
446791,All the Money in the World,2017,"Crime, History, Thriller",50000000,56996304,0.029280229967353712,6.483,26.37418301658884,6.483
387592,Early Man,2018,"Family, Comedy, Animation, Adventure",50000000,53431158,0.02863905704836064,6.141,28.977455667050165,6.141
9969,Deck the Halls,2006,"Comedy, Family",51000000,47231070,0.02863905704836064,5.596,15.42809212968375,5.596
9638,Phantasm,1979,"Horror, Science Fiction",300000,11988469,0.027570435516705277,6.512,2.868849937553449,6.512
5549,RoboCop 2,1990,"Action, Adventure, Crime, Science Fiction, Thriller",35000000,45681173,0.026662107214798305,6.0,15.745144242304926,6.0
10843,After Hours,1985,"Comedy, Thriller, Drama",4500000,10609321,0.026074365372388105,7.497,7.503635025029891,7.497
4441,Candy,2006,"Drama, Romance",0,2105096,0.02532633030022928,7.1,17.657710867340555,7.1
8699,Anchorman: The Legend of Ron Burgundy,2004,Comedy,26000000,90574188,0.02527289922364664,6.703,17.231761813062302,6.703
172533,Drinking Buddies,2013,"Romance, Drama, Comedy",0,343341,0.02521946814706377,5.949,17.366908864949334,5.949
9667,The Jacket,2005,"Drama, Mystery, Science Fiction, Thriller, Fantasy",29000000,21733230,0.02516603707048113,6.87,22.7260329315836,6.87
11051,The Last Temptation of Christ,1988,Drama,7000000,33773585,0.024524864151487816,7.208,18.605791020411512,7.208
284293,Still Alice,2014,Drama,5000000,44779195,0.024471433074905184,7.469,20.726922974383584,7.469
821,Judgment at Nuremberg,1961,"Drama, History",3000000,10000000,0.02436457092173967,8.013,8.51528966381402,8.013
13455,Push,2009,"Science Fiction, Action, Adventure, Thriller",38000000,49678401,0.024150846615408644,6.142,25.848770654017393,6.142
10024,My Sister's Keeper,2009,Drama,30000000,95714875,0.024150846615408644,7.366,14.696575386009926,7.366
283235,99 Homes,2015,Drama,8000000,1411927,0.02409741553882577,6.801,21.640960015750068,6.801
371608,The Strangers: Prey at Night,2018,"Horror, Thriller",12500000,32144262,0.023723398002746355,5.711,15.374976672265324,5.711
11327,Midnight Express,1978,"Drama, Crime",2300000,35000000,0.02313565616033616,7.447,5.743852244692043,7.447
835113,Woman of the Hour,2024,"Crime, Drama, Thriller",836057,0,0.022815069700839383,6.42,9.483262478543612,6.42
10057,The Three Musketeers,1993,"Action, Adventure, Comedy, Romance",30000000,111898845,0.022280758935011823,6.4,14.832132595869302,6.4
49948,Fantasia 2000,2000,"Animation, Family, Music",80000000,60655420,0.022067034628680798,6.97,8.153940490179794,6.97
11011,Ri¢hie Ri¢h,1994,"Comedy, Family",40000000,38087756,0.02089155094386016,5.942,12.070538968083559,5.942
10216,Species II,1998,"Science Fiction, Action, Horror",35000000,19200000,0.020784688790694648,5.166,11.123689288929633,5.166
263109,Shaun the Sheep Movie,2015,"Family, Animation, Comedy, Adventure",25000000,106209378,0.02062439556094626,7.0,5.861157424782156,7.0
9315,Flightplan,2005,"Thriller, Drama, Mystery",55000000,223387299,0.01912832541662885,6.45,16.578790321092168,6.45
25376,The Secret in Their Eyes,2009,"Mystery, Thriller, Drama",2000000,33965843,0.018807738957132312,7.977,4.548856992270574,7.977
8007,Behind Enemy Lines,2001,"Action, Drama, Thriller, War",40000000,91753202,0.01763225527231168,6.416,18.67018582206937,6.416
10952,New Jack City,1991,"Thriller, Crime, Drama",8500000,47624253,0.01677735804698734,6.647,12.37610665747913,6.647
431580,Abominable,2019,"Family, Animation, Adventure, Comedy, Fantasy",75000000,190304772,0.015708736515332215,7.452,7.006523562550117,7.452
123678,The Act of Killing,2012,"Documentary, History",1000000,722714,0.013037182686193933,7.652,1.8229471080786768,7.652
9691,Assassins,1995,"Action, Adventure, Crime, Thriller",50000000,30303072,0.012609734073531885,6.492,39.25519413802226,6.492
2575,The Tailor of Panama,2001,"Drama, Thriller",21000000,28000000,0.012075423307704322,6.02,23.523174950832317,6.02
2064,While You Were Sleeping,1995,"Romance, Comedy",17000000,182100000,0.01154111254187676,7.02,23.838996589536464,7.02
83389,From Up on Poppy Hill,2011,"Animation, Drama",22000000,61037844,0.010953370699466324,7.529,9.196972213848166,7.529
644583,The Mauritanian,2021,"Drama, Thriller",0,7527030,0.009991611320976711,7.399,21.05135793050694,7.399
9053,DOA: Dead or Alive,2006,"Adventure, Action, Thriller",21000000,7600000,0.009671024861479938,5.25,14.113945986296622,5.25
24740,The Entity,1982,"Horror, Mystery, Thriller",9000000,13277558,0.0093504384019834,6.722,6.274801739890119,6.722
11381,Tommy Boy,1995,Comedy,20000000,32648673,0.009083283019069738,6.798,8.395933693862192,6.798
11412,The Long Kiss Goodnight,1996,"Crime, Action, Mystery, Thriller",65000000,89456761,0.008014661487414377,6.581,21.77405627777539,6.581
10027,Unleashed,2005,"Action, Crime",45000000,50871113,0.007373488568421303,6.936,31.577241974746578,6.936
13813,Defiance,2008,"Action, Drama, History, War",32000000,51155219,0.006304867036765942,6.848,23.314609621895876,6.848
668461,Slumberland,2022,"Family, Fantasy, Comedy",35000000,0,0.005823987347521255,7.282,25.51695285439187,7.282
25538,Yi Yi,2000,Drama,0,1528767,0.003900468590541795,7.935,3.9044988177196456,7.935
7461,Vantage Point,2008,"Drama, Action, Thriller, Crime",40000000,152039882,0.003793606437376282,6.404,15.783494012719002,6.404
2642,Two Weeks Notice,2002,"Romance, Comedy",60000000,199043242,0.0033661578247139957,6.355,23.557012983550617,6.355
36419,After.Life,2009,"Drama, Horror, Mystery, Thriller",4500000,3606395,0.0033127267481313583,6.3,27.913095728819965,6.3
269,Breathless,1960,"Drama, Crime",80000,0,0.0030455713652174587,7.488,5.5574354462621285,7.488
806368,The Son,2022,Drama,0,3564844,0.002618122752555409,6.739,18.336112153595963,6.739
129670,Nebraska,2013,"Drama, Adventure",12000000,27700000,0.0023509673696415095,7.45,13.450310387045572,7.45
16270,Career Opportunities,1991,"Romance, Comedy",6000000,11336986,0.002083811986727847,6.872,21.39219920552401,6.872
19904,The Stepfather,2009,"Horror, Thriller",20000000,31198531,0.0018166566038139475,5.811,15.67049549133849,5.811
250349,Barbecue,2014,Comedy,6000000,14348529,0.0005877418424104367,5.82,6.315202300165909,5.82
11236,The Secret Garden,1993,"Drama, Family, Fantasy",18000000,40000000,0.00021372430633126205,7.4,4.2486213565154625,7.4
2619,Splash,1984,"Comedy, Romance, Fantasy",8000000,69800000,0.0,6.259,38.38299320983477,6.259
